{
  "recursion_depth_N": 5,
  "score": -0.7017246046010991,
  "metrics": {
    "avg_move_time_ms": 2213.1684876975146,
    "avg_value_error": 0.02639573018639679,
    "avg_policy_error": 0.05637907919386957,
    "avg_deep_time_ms": 2203.120413168578,
    "avg_recursion_depth": 3,
    "deep_search_total": 640,
    "deep_converged_total": 605
  }
}