2025-11-16 20:34:14-0500: Running with following config:
allowResignation = true
lagBuffer = 1.0
logAllGTPCommunication = true
logDir = gtp_logs
logSearchInfo = true
logSearchInfoForChosenMove = false
logToStderr = false
maxTimePondering = 60.0
maxVisits = 500
numSearchThreads = 24
ponderingEnabled = false
resignConsecTurns = 3
resignThreshold = -0.90
rules = tromp-taylor
searchFactorAfterOnePass = 0.50
searchFactorAfterTwoPass = 0.25
searchFactorWhenWinning = 0.40
searchFactorWhenWinningThreshold = 0.95

2025-11-16 20:34:14-0500: GTP Engine starting...
2025-11-16 20:34:14-0500: KataGo v1.16.4
2025-11-16 20:34:14-0500: Using TrompTaylor rules initially, unless GTP/GUI overrides this
2025-11-16 20:34:14-0500: Using 24 CPU thread(s) for search
2025-11-16 20:34:14-0500: nnRandSeed0 = 10056130790171898027
2025-11-16 20:34:14-0500: After dedups: nnModelFile0 = /scratch2/f003x5w/RAGFlow-Datago/katago_repo/run/default_model.bin.gz useFP16 auto useNHWC auto
2025-11-16 20:34:14-0500: Initializing neural net buffer to be size 19 * 19 exactly
2025-11-16 20:34:18-0500: Eigen (CPU) backend thread 0: Model version 15
2025-11-16 20:34:18-0500: Eigen (CPU) backend thread 0: Model name: kata1-b28c512nbt-s11653980416-d5514111622
2025-11-16 20:34:18-0500: Eigen (CPU) backend thread 1: Model version 15
2025-11-16 20:34:18-0500: Eigen (CPU) backend thread 1: Model name: kata1-b28c512nbt-s11653980416-d5514111622
2025-11-16 20:34:18-0500: Eigen (CPU) backend thread 2: Model version 15
2025-11-16 20:34:18-0500: Eigen (CPU) backend thread 2: Model name: kata1-b28c512nbt-s11653980416-d5514111622
2025-11-16 20:34:18-0500: Eigen (CPU) backend thread 3: Model version 15
2025-11-16 20:34:18-0500: Eigen (CPU) backend thread 3: Model name: kata1-b28c512nbt-s11653980416-d5514111622
2025-11-16 20:34:18-0500: Eigen (CPU) backend thread 5: Model version 15
2025-11-16 20:34:18-0500: Eigen (CPU) backend thread 5: Model name: kata1-b28c512nbt-s11653980416-d5514111622
2025-11-16 20:34:18-0500: Eigen (CPU) backend thread 4: Model version 15
2025-11-16 20:34:18-0500: Eigen (CPU) backend thread 4: Model name: kata1-b28c512nbt-s11653980416-d5514111622
2025-11-16 20:34:18-0500: Eigen (CPU) backend thread 6: Model version 15
2025-11-16 20:34:18-0500: Eigen (CPU) backend thread 6: Model name: kata1-b28c512nbt-s11653980416-d5514111622
2025-11-16 20:34:18-0500: Eigen (CPU) backend thread 7: Model version 15
2025-11-16 20:34:18-0500: Eigen (CPU) backend thread 7: Model name: kata1-b28c512nbt-s11653980416-d5514111622
2025-11-16 20:34:18-0500: Eigen (CPU) backend thread 8: Model version 15
2025-11-16 20:34:18-0500: Eigen (CPU) backend thread 8: Model name: kata1-b28c512nbt-s11653980416-d5514111622
2025-11-16 20:34:18-0500: Eigen (CPU) backend thread 9: Model version 15
2025-11-16 20:34:18-0500: Eigen (CPU) backend thread 9: Model name: kata1-b28c512nbt-s11653980416-d5514111622
2025-11-16 20:34:18-0500: Eigen (CPU) backend thread 10: Model version 15
2025-11-16 20:34:18-0500: Eigen (CPU) backend thread 10: Model name: kata1-b28c512nbt-s11653980416-d5514111622
2025-11-16 20:34:18-0500: Eigen (CPU) backend thread 11: Model version 15
2025-11-16 20:34:18-0500: Eigen (CPU) backend thread 11: Model name: kata1-b28c512nbt-s11653980416-d5514111622
2025-11-16 20:34:18-0500: Eigen (CPU) backend thread 12: Model version 15
2025-11-16 20:34:18-0500: Eigen (CPU) backend thread 12: Model name: kata1-b28c512nbt-s11653980416-d5514111622
2025-11-16 20:34:18-0500: Eigen (CPU) backend thread 13: Model version 15
2025-11-16 20:34:18-0500: Eigen (CPU) backend thread 13: Model name: kata1-b28c512nbt-s11653980416-d5514111622
2025-11-16 20:34:18-0500: Eigen (CPU) backend thread 15: Model version 15
2025-11-16 20:34:18-0500: Eigen (CPU) backend thread 15: Model name: kata1-b28c512nbt-s11653980416-d5514111622
2025-11-16 20:34:18-0500: Eigen (CPU) backend thread 14: Model version 15
2025-11-16 20:34:18-0500: Eigen (CPU) backend thread 14: Model name: kata1-b28c512nbt-s11653980416-d5514111622
2025-11-16 20:34:18-0500: Eigen (CPU) backend thread 16: Model version 15
2025-11-16 20:34:18-0500: Eigen (CPU) backend thread 16: Model name: kata1-b28c512nbt-s11653980416-d5514111622
2025-11-16 20:34:18-0500: Eigen (CPU) backend thread 17: Model version 15
2025-11-16 20:34:18-0500: Eigen (CPU) backend thread 17: Model name: kata1-b28c512nbt-s11653980416-d5514111622
2025-11-16 20:34:18-0500: Eigen (CPU) backend thread 19: Model version 15
2025-11-16 20:34:18-0500: Eigen (CPU) backend thread 19: Model name: kata1-b28c512nbt-s11653980416-d5514111622
2025-11-16 20:34:18-0500: Eigen (CPU) backend thread 20: Model version 15
2025-11-16 20:34:18-0500: Eigen (CPU) backend thread 20: Model name: kata1-b28c512nbt-s11653980416-d5514111622
2025-11-16 20:34:18-0500: Eigen (CPU) backend thread 18: Model version 15
2025-11-16 20:34:18-0500: Eigen (CPU) backend thread 18: Model name: kata1-b28c512nbt-s11653980416-d5514111622
2025-11-16 20:34:18-0500: Eigen (CPU) backend thread 22: Model version 15
2025-11-16 20:34:18-0500: Eigen (CPU) backend thread 22: Model name: kata1-b28c512nbt-s11653980416-d5514111622
2025-11-16 20:34:18-0500: Eigen (CPU) backend thread 21: Model version 15
2025-11-16 20:34:18-0500: Eigen (CPU) backend thread 21: Model name: kata1-b28c512nbt-s11653980416-d5514111622
2025-11-16 20:34:18-0500: Eigen (CPU) backend thread 23: Model version 15
2025-11-16 20:34:18-0500: Eigen (CPU) backend thread 23: Model name: kata1-b28c512nbt-s11653980416-d5514111622
2025-11-16 20:34:20-0500: Loaded neural net with nnXLen 19 nnYLen 19
2025-11-16 20:34:20-0500: Initializing board with boardXSize 19 boardYSize 19
2025-11-16 20:34:20-0500: Loaded config /scratch2/f003x5w/RAGFlow-Datago/katago_repo/run/default_gtp.cfg
2025-11-16 20:34:20-0500: Loaded model /scratch2/f003x5w/RAGFlow-Datago/katago_repo/run/default_model.bin.gz
2025-11-16 20:34:20-0500: Model name: kata1-b28c512nbt-s11653980416-d5514111622
2025-11-16 20:34:20-0500: GTP ready, beginning main protocol loop
2025-11-16 20:34:20-0500: Controller: boardsize 19
2025-11-16 20:34:20-0500: = 
2025-11-16 20:34:20-0500: Controller: clear_board
2025-11-16 20:34:20-0500: = 
2025-11-16 20:34:20-0500: Controller: komi 7.5
2025-11-16 20:34:20-0500: = 
2025-11-16 20:34:20-0500: Controller: kata-set-param maxVisits 100
2025-11-16 20:34:20-0500: = 
2025-11-16 20:34:20-0500: Controller: kata-genmove_analyze b
2025-11-16 20:34:20-0500: =
2025-11-16 20:34:30-0500: MoveNum: 0 HASH: CDCBC1F514D7E680FACD226074256633
   A B C D E F G H J K L M N O P Q R S T
19 . . . . . . . . . . . . . . . . . . .
18 . . . . . . . . . . . . . . . . . . .
17 . . . . . . . . . . . . . . . . . . .
16 . . . . . . . . . . . . . . . @ . . .
15 . . . . . . . . . . . . . . . . . . .
14 . . . . . . . . . . . . . . . . . . .
13 . . . . . . . . . . . . . . . . . . .
12 . . . . . . . . . . . . . . . . . . .
11 . . . . . . . . . . . . . . . . . . .
10 . . . . . . . . . . . . . . . . . . .
 9 . . . . . . . . . . . . . . . . . . .
 8 . . . . . . . . . . . . . . . . . . .
 7 . . . . . . . . . . . . . . . . . . .
 6 . . . . . . . . . . . . . . . . . . .
 5 . . . . . . . . . . . . . . . . . . .
 4 . . . . . . . . . . . . . . . . . . .
 3 . . . . . . . . . . . . . . . . . . .
 2 . . . . . . . . . . . . . . . . . . .
 1 . . . . . . . . . . . . . . . . . . .

koPOSITIONALscoreAREAtaxNONEsui1komi7.5
Time taken: 9.44494
Root visits: 111
New playouts: 111
NN rows: 110
NN batches: 109
NN avg batch size: 1.00917
PV: R16 D16 D3 Q4 C6
Tree:
: T -38.13c W -36.88c S  -1.25c ( -2.0 L  -1.2) N     111  --  R16 D16 D3 Q4 C6
---Black(^)---
R16 : T -33.34c W -32.24c S  -0.79c ( -1.6 L  -0.9) LCB  -36.90c P  9.02% WF  50.3 PSV      51 N      16  --  R16 D16 D3 Q4 C6
Q16 : T -32.05c W -32.11c S  -0.80c ( -1.6 L  -0.9) LCB  -38.73c P  2.78% WF  34.9 PSV      35 N      11  --  Q16 Q4 C16 D4 R14
Q15 : T -34.54c W -33.34c S  -0.92c ( -1.7 L  -1.0) LCB  -37.92c P  1.27% WF  44.1 PSV       3 N      15  --  Q15 D16 Q17 Q3 D4
R17 : T -37.45c W -36.32c S  -1.14c ( -2.0 L  -1.0) LCB  -46.02c P  0.52% WF  26.2 PSV       0 N      10  --  R17 D16 D3 Q3
R15 : T -38.11c W -36.86c S  -1.14c ( -1.9 L  -1.1) LCB  -52.62c P  0.50% WF  18.6 PSV       0 N       7  --  R15 Q4 Q17
R14 : T -47.45c W -45.33c S  -2.13c ( -2.9 L  -1.7) LCB -397.45c P  0.02% WF   1.5 PSV       0 N       1  --  R14
Q11 : T -48.00c W -45.78c S  -2.21c ( -2.9 L  -1.8) LCB -398.00c P  0.02% WF   1.4 PSV       0 N       1  --  Q11
Q10 : T -47.59c W -45.49c S  -2.09c ( -2.8 L  -1.7) LCB -397.59c P  0.02% WF   1.5 PSV       0 N       1  --  Q10
R12 : T -47.39c W -45.18c S  -2.20c ( -2.9 L  -1.7) LCB -397.39c P  0.02% WF   1.5 PSV       0 N       1  --  R12
K10 : T -47.34c W -45.22c S  -2.12c ( -2.9 L  -1.7) LCB -397.34c P  0.02% WF   1.6 PSV       0 N       1  --  K10

2025-11-16 20:34:30-0500: play Q16
2025-11-16 20:34:30-0500: Controller: kata-set-param maxVisits 300
2025-11-16 20:34:30-0500: = 
2025-11-16 20:34:30-0500: Controller: kata-genmove_analyze b
2025-11-16 20:34:30-0500: =
2025-11-16 20:34:45-0500: MoveNum: 0 HASH: D787FAD66281F76731DCD9C1B3387463
   A B C D E F G H J K L M N O P Q R S T
19 . . . . . . . . . . . . . . . . . . .
18 . . . . . . . . . . . . . . . . . . .
17 . . . . . . . . . . . . . . . . . . .
16 . . . . . . . . . . . . . . . X . . .
15 . . . . . . . . . . . . . . . . . . .
14 . . . . . . . . . . . . . . . . . . .
13 . . . . . . . . . . . . . . . . . . .
12 . . . . . . . . . . . . . . . . . . .
11 . . . . . . . . . . . . . . . . . . .
10 . . . . . . . . . . . . . . . . . . .
 9 . . . . . . . . . . . . . . . . . . .
 8 . . . . . . . . . . . . . . . . . . .
 7 . . . . . . . . . . . . . . . . . . .
 6 . . . . . . . . . . . . . . . . . . .
 5 . . . . . . . . . . . . . . . . . . .
 4 . . . @ . . . . . . . . . . . . . . .
 3 . . . . . . . . . . . . . . . . . . .
 2 . . . . . . . . . . . . . . . . . . .
 1 . . . . . . . . . . . . . . . . . . .

koPOSITIONALscoreAREAtaxNONEsui1komi7.5
Time taken: 14.7189
Root visits: 323
New playouts: 323
NN rows: 317
NN batches: 312
NN avg batch size: 1.01603
PV: D4 D16 Q4 R17
Tree:
: T 103.29c W  98.29c S   5.02c (+15.2 L +12.5) N     323  --  D4 D16 Q4 R17
---Black(^)---
D4  : T 104.94c W  98.75c S   6.15c (+16.4 L +13.7) LCB  103.37c P 11.33% WF 125.6 PSV     167 N      22  --  D4 D16 Q4 R17
Q3  : T 104.32c W  98.60c S   5.64c (+15.9 L +13.3) LCB  101.48c P 10.34% WF  85.5 PSV      77 N      16  --  Q3 D4 D16 R5
Q4  : T 104.55c W  98.62c S   5.87c (+16.2 L +13.6) LCB  100.86c P  4.34% WF  78.8 PSV      36 N      14  --  Q4 D4 D16 R17
D3  : T 104.01c W  98.55c S   5.50c (+15.7 L +13.0) LCB   99.82c P  4.59% WF  67.1 PSV      29 N      13  --  D3 D16 Q4 D5 C5
R4  : T 104.09c W  98.54c S   5.57c (+15.8 L +13.1) LCB  100.43c P  4.09% WF  73.8 PSV      27 N      14  --  R4 D4 D16 P4 P3
C3  : T 104.31c W  98.77c S   5.61c (+15.9 L +13.1) LCB  100.13c P  1.39% WF  70.7 PSV      10 N      13  --  C3 Q4 D17
R3  : T 104.34c W  98.71c S   5.50c (+15.7 L +13.1) LCB  100.15c P  1.18% WF  71.1 PSV       8 N      13  --  R3 C4 C16 F3
E4  : T 102.90c W  98.15c S   4.80c (+15.0 L +12.3) LCB   99.28c P  0.83% WF  68.0 PSV       3 N      14  --  E4 D16 Q4 C3
Q5  : T 102.83c W  98.11c S   4.79c (+15.0 L +12.3) LCB   99.13c P  0.72% WF  67.6 PSV       3 N      14  --  Q5 D4 D16 R3 P3
P4  : T 103.09c W  98.22c S   5.01c (+15.2 L +12.5) LCB   98.89c P  0.84% WF  63.5 PSV       3 N      13  --  P4 D4 D16 R3 R5

2025-11-16 20:34:45-0500: play D4
2025-11-16 20:34:45-0500: Controller: kata-set-param maxVisits 300
2025-11-16 20:34:45-0500: = 
2025-11-16 20:34:45-0500: Controller: kata-genmove_analyze b
2025-11-16 20:34:45-0500: =
2025-11-16 20:35:00-0500: MoveNum: 0 HASH: 3A9C1CDC4BD97283E06838579FDF21A1
   A B C D E F G H J K L M N O P Q R S T
19 . . . . . . . . . . . . . . . . . . .
18 . . . . . . . . . . . . . . . . . . .
17 . . . . . . . . . . . . . . . . . . .
16 . . . . . . . . . . . . . . . X . . .
15 . . . . . . . . . . . . . . . . . . .
14 . . . . . . . . . . . . . . . . . . .
13 . . . . . . . . . . . . . . . . . . .
12 . . . . . . . . . . . . . . . . . . .
11 . . . . . . . . . . . . . . . . . . .
10 . . . . . . . . . . . . . . . . . . .
 9 . . . . . . . . . . . . . . . . . . .
 8 . . . . . . . . . . . . . . . . . . .
 7 . . . . . . . . . . . . . . . . . . .
 6 . . . . . . . . . . . . . . . . . . .
 5 . . . . . . . . . . . . . . . . . . .
 4 . . . X . . . . . . . . . . . @ . . .
 3 . . . . . . . . . . . . . . . . . . .
 2 . . . . . . . . . . . . . . . . . . .
 1 . . . . . . . . . . . . . . . . . . .

koPOSITIONALscoreAREAtaxNONEsui1komi7.5
Time taken: 15.4744
Root visits: 323
New playouts: 323
NN rows: 323
NN batches: 312
NN avg batch size: 1.03526
PlayoutDoublingAdvantage: -0.5
PV: Q4 D16 C14 F17 C16
Tree:
: T 106.74c W  99.77c S   6.88c (+26.9 L +24.3) N     323  --  Q4 D16 C14 F17 C16
---Black(^)---
Q4  : T 107.60c W  99.79c S   7.81c (+27.9 L +25.4) LCB  104.97c P 11.37% WF  96.5 PSV     105 N      17  --  Q4 D16 C14 F17 C16
R4  : T 107.40c W  99.83c S   7.50c (+27.6 L +25.0) LCB  103.74c P  8.76% WF  79.4 PSV      67 N      14  --  R4 D16 P4 C6 C14
Q5  : T 107.52c W  99.79c S   7.54c (+27.6 L +25.3) LCB  102.48c P  0.84% WF  65.8 PSV       6 N      12  --  Q5 R3 P3 Q4 P4
R3  : T 107.04c W  99.77c S   7.21c (+27.3 L +24.9) LCB  102.76c P  0.37% WF  69.0 PSV       2 N      13  --  R3 D16 C14 F17
R5  : T 107.07c W  99.80c S   7.13c (+27.2 L +24.6) LCB  102.10c P  0.35% WF  67.2 PSV       2 N      12  --  R5 D16 Q3 C6
Q9  : T 106.69c W  99.78c S   6.84c (+26.9 L +24.2) LCB  103.49c P  0.23% WF  81.8 PSV       1 N      15  --  Q9 Q3 D17 R6 D15
R14 : T 106.89c W  99.83c S   6.91c (+26.9 L +24.2) LCB  103.25c P  0.31% WF  78.3 PSV       1 N      14  --  R14 Q4 D16
R6  : T 106.78c W  99.72c S   7.09c (+27.1 L +24.5) LCB  103.02c P  0.25% WF  74.3 PSV       1 N      14  --  R6 R4 Q4 Q3 P3
Q13 : T 106.84c W  99.79c S   6.85c (+26.9 L +24.3) LCB  103.16c P  0.23% WF  77.0 PSV       1 N      14  --  Q13 Q4 D16
R13 : T 107.20c W  99.80c S   7.32c (+27.4 L +24.6) LCB  102.96c P  0.27% WF  73.9 PSV       1 N      13  --  R13 Q4 D16 P14

2025-11-16 20:35:00-0500: play Q4
2025-11-16 20:35:00-0500: Controller: kata-set-param maxVisits 300
2025-11-16 20:35:00-0500: = 
2025-11-16 20:35:00-0500: Controller: kata-genmove_analyze b
2025-11-16 20:35:00-0500: =
2025-11-16 20:35:16-0500: MoveNum: 0 HASH: 7A2F9C4E2FCBAAC9187FCA34C8DCB739
   A B C D E F G H J K L M N O P Q R S T
19 . . . . . . . . . . . . . . . . . . .
18 . . . . . . . . . . . . . . . . . . .
17 . . . @ . . . . . . . . . . . . . . .
16 . . . . . . . . . . . . . . . X . . .
15 . . . . . . . . . . . . . . . . . . .
14 . . . . . . . . . . . . . . . . . . .
13 . . . . . . . . . . . . . . . . . . .
12 . . . . . . . . . . . . . . . . . . .
11 . . . . . . . . . . . . . . . . . . .
10 . . . . . . . . . . . . . . . . . . .
 9 . . . . . . . . . . . . . . . . . . .
 8 . . . . . . . . . . . . . . . . . . .
 7 . . . . . . . . . . . . . . . . . . .
 6 . . . . . . . . . . . . . . . . . . .
 5 . . . . . . . . . . . . . . . . . . .
 4 . . . X . . . . . . . . . . . X . . .
 3 . . . . . . . . . . . . . . . . . . .
 2 . . . . . . . . . . . . . . . . . . .
 1 . . . . . . . . . . . . . . . . . . .

koPOSITIONALscoreAREAtaxNONEsui1komi7.5
Time taken: 16.0194
Root visits: 323
New playouts: 323
NN rows: 323
NN batches: 309
NN avg batch size: 1.04531
PlayoutDoublingAdvantage: -1.125
PV: D16 R14 Q12 R17
Tree:
: T 109.85c W  99.93c S   9.91c (+39.9 L +37.0) N     323  --  D16 R14 Q12 R17
---Black(^)---
D16 : T 110.90c W  99.94c S  11.12c (+41.4 L +38.1) LCB  110.27c P 42.49% WF 205.6 PSV     204 N      37  --  D16 R14 Q12 R17
D17 : T 111.08c W  99.93c S  11.16c (+41.4 L +38.5) LCB  107.42c P  7.24% WF  74.1 PSV      37 N      14  --  D17 D15 C15 C14 C16 D14
C17 : T 110.88c W  99.94c S  11.09c (+41.3 L +38.3) LCB  107.24c P  5.05% WF  74.8 PSV      24 N      14  --  C17 R6 R8
E16 : T 110.29c W  99.91c S  10.35c (+40.4 L +37.3) LCB  106.57c P  1.15% WF  71.0 PSV       4 N      14  --  E16 C17 C15 D16 D15 E17
E17 : T 110.21c W  99.93c S  10.37c (+40.4 L +37.5) LCB  105.90c P  0.87% WF  65.4 PSV       3 N      13  --  E17 C16 D15 C15 D14 C13 D13
F16 : T 109.95c W  99.91c S   9.95c (+40.0 L +37.1) LCB  106.76c P  0.38% WF  70.7 PSV       1 N      15  --  F16 D16 C14 F15
R6  : T 109.28c W  99.93c S   9.35c (+39.3 L +36.6) LCB  105.52c P  0.37% WF  65.7 PSV       1 N      14  --  R6 D16 C14 C6
R7  : T 109.62c W  99.94c S   9.66c (+39.6 L +36.8) LCB  105.86c P  0.36% WF  68.9 PSV       1 N      14  --  R7 D16 F17 O17
O17 : T 109.63c W  99.94c S   9.59c (+39.5 L +36.8) LCB  105.36c P  0.36% WF  63.1 PSV       1 N      13  --  O17 D16 F17 C14 D17
F17 : T 109.56c W  99.90c S   9.67c (+39.6 L +36.8) LCB  105.30c P  0.35% WF  60.9 PSV       1 N      13  --  F17 C16 D16 C17 D14 C14

2025-11-16 20:35:16-0500: play D17
2025-11-16 20:35:16-0500: Controller: kata-set-param maxVisits 100
2025-11-16 20:35:16-0500: = 
2025-11-16 20:35:16-0500: Controller: kata-genmove_analyze b
2025-11-16 20:35:16-0500: =
2025-11-16 20:35:26-0500: MoveNum: 0 HASH: BFB68D9631EF7A068F92060B260C24FC
   A B C D E F G H J K L M N O P Q R S T
19 . . . . . . . . . . . . . . . . . . .
18 . . . . . . . . . . . . . . . . . . .
17 . . . X . . . . . . . . . . . . . . .
16 . . . . . . . . . . . . . . . X . . .
15 . . . @ . . . . . . . . . . . . . . .
14 . . . . . . . . . . . . . . . . . . .
13 . . . . . . . . . . . . . . . . . . .
12 . . . . . . . . . . . . . . . . . . .
11 . . . . . . . . . . . . . . . . . . .
10 . . . . . . . . . . . . . . . . . . .
 9 . . . . . . . . . . . . . . . . . . .
 8 . . . . . . . . . . . . . . . . . . .
 7 . . . . . . . . . . . . . . . . . . .
 6 . . . . . . . . . . . . . . . . . . .
 5 . . . . . . . . . . . . . . . . . . .
 4 . . . X . . . . . . . . . . . X . . .
 3 . . . . . . . . . . . . . . . . . . .
 2 . . . . . . . . . . . . . . . . . . .
 1 . . . . . . . . . . . . . . . . . . .

koPOSITIONALscoreAREAtaxNONEsui1komi7.5
Time taken: 9.95625
Root visits: 67
New playouts: 67
NN rows: 67
NN batches: 67
NN avg batch size: 1
PlayoutDoublingAdvantage: -1.875
PV: D15 F3 J3
Tree:
: T 112.60c W  99.97c S  12.76c (+52.3 L +48.9) N      67  --  D15 F3 J3
---Black(^)---
D15 : T 112.69c W  99.98c S  12.86c (+52.4 L +48.9) LCB  108.43c P 45.12% WF  70.8 PSV      71 N      13  --  D15 F3 J3
D14 : T 112.52c W  99.97c S  12.76c (+52.3 L +48.9) LCB  105.37c P  9.10% WF  52.4 PSV      13 N      10  --  D14 F3 J3
C14 : T 112.59c W  99.97c S  12.82c (+52.3 L +49.0) LCB  105.48c P  3.53% WF  52.1 PSV       5 N      10  --  C14 F3 J3
D11 : T 112.72c W  99.97c S  12.80c (+52.4 L +49.0) LCB  103.88c P  0.83% WF  46.1 PSV       1 N       9  --  D11 R14 D15
C12 : T 112.46c W  99.97c S  12.59c (+52.2 L +48.8) LCB  103.59c P  0.75% WF  45.3 PSV       1 N       9  --  C12 R6 R9
C15 : T 112.45c W  99.97c S  12.59c (+52.0 L +48.6) LCB  101.30c P  0.73% WF  41.8 PSV       1 N       8  --  C15 F3 J3
C11 : T 112.50c W  99.98c S  12.61c (+52.1 L +48.7) LCB   97.97c P  0.76% WF  36.4 PSV       1 N       7  --  C11 O3 D15

2025-11-16 20:35:26-0500: play D15
2025-11-16 20:35:26-0500: Controller: kata-set-param maxVisits 100
2025-11-16 20:35:26-0500: = 
2025-11-16 20:35:26-0500: Controller: kata-genmove_analyze b
2025-11-16 20:35:26-0500: =
2025-11-16 20:35:36-0500: MoveNum: 0 HASH: BA348ADE823755B7218E9351AD6236F7
   A B C D E F G H J K L M N O P Q R S T
19 . . . . . . . . . . . . . . . . . . .
18 . . . . . . . . . . . . . . . . . . .
17 . . . X . . . . . . . . . . . . . . .
16 . . . . . . . . . @ . . . . . X . . .
15 . . . X . . . . . . . . . . . . . . .
14 . . . . . . . . . . . . . . . . . . .
13 . . . . . . . . . . . . . . . . . . .
12 . . . . . . . . . . . . . . . . . . .
11 . . . . . . . . . . . . . . . . . . .
10 . . . . . . . . . . . . . . . . . . .
 9 . . . . . . . . . . . . . . . . . . .
 8 . . . . . . . . . . . . . . . . . . .
 7 . . . . . . . . . . . . . . . . . . .
 6 . . . . . . . . . . . . . . . . . . .
 5 . . . . . . . . . . . . . . . . . . .
 4 . . . X . . . . . . . . . . . X . . .
 3 . . . . . . . . . . . . . . . . . . .
 2 . . . . . . . . . . . . . . . . . . .
 1 . . . . . . . . . . . . . . . . . . .

koPOSITIONALscoreAREAtaxNONEsui1komi7.5
Time taken: 9.69333
Root visits: 47
New playouts: 47
NN rows: 47
NN batches: 47
NN avg batch size: 1
PlayoutDoublingAdvantage: -2.5
PV: K16 O3 L3
Tree:
: T 115.35c W  99.99c S  15.41c (+63.9 L +59.9) N      47  --  K16 O3 L3
---Black(^)---
K16 : T 115.56c W  99.99c S  15.70c (+64.2 L +60.2) LCB  106.65c P 34.79% WF  50.5 PSV      50 N       9  --  K16 O3 L3
C10 : T 115.29c W  99.99c S  15.38c (+63.9 L +59.8) LCB  104.07c P  2.70% WF  44.0 PSV       3 N       8  --  C10 R14 K16
C11 : T 115.24c W  99.99c S  15.33c (+63.8 L +59.8) LCB  100.64c P  2.80% WF  37.3 PSV       3 N       7  --  C11 R14 K16
Q10 : T 115.23c W  99.98c S  15.27c (+63.7 L +59.6) LCB   86.63c P  1.65% WF  26.6 PSV       2 N       5  --  Q10 F3 J3
J16 : T 115.55c W  99.98c S  15.56c (+64.2 L +60.3) LCB   87.27c P  1.40% WF  25.7 PSV       2 N       5  --  J16 F3
F3  : T 115.25c W  99.98c S  15.24c (+63.7 L +59.9) LCB   71.35c P  1.59% WF  20.9 PSV       2 N       4  --  F3 R6
D11 : T 115.29c W  99.98c S  15.30c (+63.8 L +59.9) LCB   71.41c P  1.48% WF  20.6 PSV       2 N       4  --  D11 R14
K4  : T 115.15c W  99.98c S  15.16c (+63.6 L +59.5) LCB   39.12c P  1.56% WF  15.8 PSV       2 N       3  --  K4 R14
K17 : T 114.66c W  99.99c S  14.68c (+62.3 L +58.1) LCB -235.34c P  1.25% WF   6.2 PSV       1 N       1  --  K17

2025-11-16 20:35:36-0500: play K16
2025-11-16 20:35:36-0500: Controller: kata-set-param maxVisits 100
2025-11-16 20:35:36-0500: = 
2025-11-16 20:35:36-0500: Controller: kata-genmove_analyze b
2025-11-16 20:35:36-0500: =
2025-11-16 20:35:45-0500: MoveNum: 0 HASH: 15A110887C622D5D812D261B969693C0
   A B C D E F G H J K L M N O P Q R S T
19 . . . . . . . . . . . . . . . . . . .
18 . . . . . . . . . . . . . . . . . . .
17 . . . X . . . . . . . . . . . . . . .
16 . . . . . . . . . X . . . . . X . . .
15 . . . X . . . . . . . . . . . . . . .
14 . . . . . . . . . . . . . . . . . . .
13 . . . . . . . . . . . . . . . . . . .
12 . . . . . . . . . . . . . . . . . . .
11 . . . @ . . . . . . . . . . . . . . .
10 . . . . . . . . . . . . . . . . . . .
 9 . . . . . . . . . . . . . . . . . . .
 8 . . . . . . . . . . . . . . . . . . .
 7 . . . . . . . . . . . . . . . . . . .
 6 . . . . . . . . . . . . . . . . . . .
 5 . . . . . . . . . . . . . . . . . . .
 4 . . . X . . . . . . . . . . . X . . .
 3 . . . . . . . . . . . . . . . . . . .
 2 . . . . . . . . . . . . . . . . . . .
 1 . . . . . . . . . . . . . . . . . . .

koPOSITIONALscoreAREAtaxNONEsui1komi7.5
Time taken: 9.02454
Root visits: 45
New playouts: 45
NN rows: 45
NN batches: 45
NN avg batch size: 1
PlayoutDoublingAdvantage: -2.75
PV: D11 O3 L3
Tree:
: T 117.36c W  99.99c S  17.33c (+77.3 L +72.5) N      45  --  D11 O3 L3
---Black(^)---
D11 : T 117.66c W  99.99c S  17.59c (+77.6 L +72.7) LCB  106.36c P 19.29% WF  45.4 PSV      45 N       8  --  D11 O3 L3
K4  : T 117.27c W  99.99c S  17.25c (+77.2 L +72.3) LCB   97.09c P  4.66% WF  33.6 PSV       9 N       6  --  K4 R6 Q10
D12 : T 117.21c W  99.99c S  17.20c (+77.2 L +72.5) LCB   88.90c P  3.94% WF  25.9 PSV       8 N       5  --  D12 R14
Q10 : T 117.29c W  99.99c S  17.27c (+77.1 L +72.2) LCB   72.94c P  3.38% WF  22.7 PSV       7 N       4  --  Q10 F3 J3
D10 : T 117.37c W  99.99c S  17.37c (+77.5 L +72.7) LCB   89.10c P  3.26% WF  26.0 PSV       6 N       5  --  D10 R6
C10 : T 117.25c W  99.99c S  17.25c (+77.3 L +72.5) LCB   73.57c P  3.25% WF  21.2 PSV       6 N       4  --  C10 R6
C11 : T 117.29c W  99.99c S  17.28c (+77.3 L +72.4) LCB   73.56c P  2.88% WF  21.1 PSV       5 N       4  --  C11 R14
R14 : T 117.35c W  99.99c S  17.32c (+77.1 L +72.4) LCB   41.14c P  1.60% WF  16.2 PSV       3 N       3  --  R14 O3
R13 : T 117.26c W  99.99c S  17.21c (+77.0 L +72.2) LCB   40.55c P  1.56% WF  16.1 PSV       3 N       3  --  R13 R6
Q14 : T 117.24c W  99.99c S  17.21c (+76.7 L +71.7) LCB  -35.79c P  1.42% WF  11.3 PSV       2 N       2  --  Q14 O3

2025-11-16 20:35:45-0500: play D11
2025-11-16 20:35:45-0500: Controller: kata-set-param maxVisits 100
2025-11-16 20:35:45-0500: = 
2025-11-16 20:35:45-0500: Controller: kata-genmove_analyze b
2025-11-16 20:35:45-0500: =
2025-11-16 20:35:54-0500: MoveNum: 0 HASH: 9FF3F218F319B1264838A0EE78A60460
   A B C D E F G H J K L M N O P Q R S T
19 . . . . . . . . . . . . . . . . . . .
18 . . . . . . . . . . . . . . . . . . .
17 . . . X . . . . . . . . . . . . . . .
16 . . . . . . . . . X . . . . . X . . .
15 . . . X . . . . . . . . . . . . . . .
14 . . . . . . . . . . . . . . . . . . .
13 . . . . . . . . . . . . . . . . . . .
12 . . . . . . . . . . . . . . . . . . .
11 . . . X . . . . . . . . . . . . . . .
10 . . . . . . . . . . . . . . . @ . . .
 9 . . . . . . . . . . . . . . . . . . .
 8 . . . . . . . . . . . . . . . . . . .
 7 . . . . . . . . . . . . . . . . . . .
 6 . . . . . . . . . . . . . . . . . . .
 5 . . . . . . . . . . . . . . . . . . .
 4 . . . X . . . . . . . . . . . X . . .
 3 . . . . . . . . . . . . . . . . . . .
 2 . . . . . . . . . . . . . . . . . . .
 1 . . . . . . . . . . . . . . . . . . .

koPOSITIONALscoreAREAtaxNONEsui1komi7.5
Time taken: 8.85393
Root visits: 45
New playouts: 45
NN rows: 45
NN batches: 45
NN avg batch size: 1
PlayoutDoublingAdvantage: -2.75
PV: K4 C6 C5
Tree:
: T 119.38c W 100.00c S  19.23c (+91.7 L +86.0) N      45  --  K4 C6 C5
---Black(^)---
K4  : T 120.04c W 100.00c S  19.80c (+92.4 L +86.5) LCB  111.04c P  7.01% WF  54.6 PSV      57 N       9  --  K4 C6 C5
Q10 : T 119.59c W 100.00c S  19.41c (+92.2 L +86.3) LCB  110.58c P 10.62% WF  53.0 PSV      53 N       9  --  Q10 O3 M3
Q14 : T 119.23c W 100.00c S  19.05c (+91.5 L +86.1) LCB  110.18c P  5.79% WF  52.3 PSV      22 N       9  --  Q14 O3 L3
R14 : T 118.95c W 100.00c S  18.90c (+91.6 L +86.0) LCB   74.98c P  2.51% WF  21.2 PSV       8 N       4  --  R14 O3
Q11 : T 119.68c W 100.00c S  19.68c (+91.3 L +85.1) LCB -230.32c P  1.33% WF   6.5 PSV       7 N       1  --  Q11
Q13 : T 118.83c W 100.00c S  18.77c (+91.2 L +85.5) LCB   42.45c P  2.17% WF  16.1 PSV       6 N       3  --  Q13 F3
R13 : T 119.11c W 100.00c S  19.04c (+91.6 L +85.9) LCB   42.35c P  1.89% WF  16.3 PSV       6 N       3  --  R13 R6
K3  : T 118.89c W 100.00c S  18.85c (+91.3 L +85.6) LCB   42.29c P  1.76% WF  16.3 PSV       5 N       3  --  K3 R14
K13 : T 118.78c W 100.00c S  18.72c (+90.8 L +85.1) LCB  -35.14c P  1.83% WF  11.1 PSV       5 N       2  --  K13 R14
R10 : T 119.31c W 100.00c S  19.31c (+90.8 L +84.6) LCB -230.69c P  1.31% WF   6.6 PSV       5 N       1  --  R10

2025-11-16 20:35:54-0500: play Q10
2025-11-16 20:35:54-0500: Controller: kata-set-param maxVisits 100
2025-11-16 20:35:54-0500: = 
2025-11-16 20:35:54-0500: Controller: kata-genmove_analyze b
2025-11-16 20:35:54-0500: =
2025-11-16 20:36:03-0500: MoveNum: 0 HASH: B713802C9B1363ED3D22EBB76FF54374
   A B C D E F G H J K L M N O P Q R S T
19 . . . . . . . . . . . . . . . . . . .
18 . . . . . . . . . . . . . . . . . . .
17 . . . X . . . . . . . . . . . . . . .
16 . . . . . . . . . X . . . . . X . . .
15 . . . X . . . . . . . . . . . . . . .
14 . . . . . . . . . . . . . . . . . . .
13 . . . . . . . . . . . . . . . . . . .
12 . . . . . . . . . . . . . . . . . . .
11 . . . X . . . . . . . . . . . . . . .
10 . . . . . . . . . . . . . . . X . . .
 9 . . . . . . . . . . . . . . . . . . .
 8 . . . . . . . . . . . . . . . . . . .
 7 . . . . . . . . . . . . . . . . . . .
 6 . . . . . . . . . . . . . . . . . . .
 5 . . . . . . . . . . . . . . . . . . .
 4 . . . X . . . . . @ . . . . . X . . .
 3 . . . . . . . . . . . . . . . . . . .
 2 . . . . . . . . . . . . . . . . . . .
 1 . . . . . . . . . . . . . . . . . . .

koPOSITIONALscoreAREAtaxNONEsui1komi7.5
Time taken: 9.22896
Root visits: 45
New playouts: 45
NN rows: 45
NN batches: 45
NN avg batch size: 1
PlayoutDoublingAdvantage: -2.75
PV: K4 C6 C8
Tree:
: T 120.05c W 100.00c S  19.87c (+106.4 L +99.8) N      45  --  K4 C6 C8
---Black(^)---
K4  : T 120.63c W 100.00c S  20.36c (+107.1 L +100.3) LCB  111.52c P 12.25% WF  50.4 PSV      50 N       9  --  K4 C6 C8
K13 : T 120.38c W 100.00c S  20.04c (+106.6 L +100.1) LCB  111.31c P 10.80% WF  49.5 PSV      38 N       9  --  K13 C13 D13
K3  : T 119.94c W 100.00c S  19.78c (+106.4 L +99.8) LCB   99.69c P  1.99% WF  31.9 PSV       5 N       6  --  K3 C6 C8
Q14 : T 119.62c W 100.00c S  19.53c (+105.8 L +99.4) LCB   43.03c P  2.27% WF  15.8 PSV       5 N       3  --  Q14 F3
K12 : T 119.70c W 100.00c S  19.63c (+106.2 L +99.6) LCB   43.90c P  2.20% WF  15.8 PSV       5 N       3  --  K12 O3
K11 : T 119.66c W 100.00c S  19.58c (+106.1 L +99.4) LCB   43.46c P  1.70% WF  15.9 PSV       4 N       3  --  K11 O3
O16 : T 119.82c W 100.00c S  19.74c (+106.2 L +99.7) LCB   43.48c P  1.63% WF  15.8 PSV       4 N       3  --  O16 O3
O17 : T 119.82c W 100.00c S  19.73c (+106.2 L +99.7) LCB   43.54c P  1.57% WF  15.9 PSV       4 N       3  --  O17 F3
J12 : T 119.71c W 100.00c S  19.63c (+105.5 L +98.8) LCB  -33.97c P  1.70% WF  10.9 PSV       4 N       2  --  J12 C13
R14 : T 119.70c W 100.00c S  19.61c (+105.9 L +99.4) LCB   43.11c P  1.55% WF  15.9 PSV       3 N       3  --  R14 O3

2025-11-16 20:36:03-0500: play K4
2025-11-16 20:36:03-0500: Controller: kata-set-param maxVisits 300
2025-11-16 20:36:03-0500: = 
2025-11-16 20:36:03-0500: Controller: kata-genmove_analyze b
2025-11-16 20:36:03-0500: =
2025-11-16 20:36:13-0500: MoveNum: 0 HASH: F3E6CD5EC200D6BD9554334301458EBC
   A B C D E F G H J K L M N O P Q R S T
19 . . . . . . . . . . . . . . . . . . .
18 . . . . . . . . . . . . . . . . . . .
17 . . . X . . . . . . . . . . . . . . .
16 . . . . . . . . . X . . . . . X . . .
15 . . . X . . . . . . . . . . . . . . .
14 . . . . . . . . . . . . . . . . . . .
13 . . . . . . . . . . . . . . . . . . .
12 . . . . . . . . . . . . . . . . . . .
11 . . . X . . . . . . . . . . . . . . .
10 . . . . . . . . . . . . . . . X . . .
 9 . . . . . . . . . . . . . . . . . . .
 8 . . . . . . . . . . . . . . . . . . .
 7 . . . . . . . . . . . . . . . . . . .
 6 . . . . . . . . . . . . . . . @ . . .
 5 . . . . . . . . . . . . . . . . . . .
 4 . . . X . . . . . X . . . . . X . . .
 3 . . . . . . . . . . . . . . . . . . .
 2 . . . . . . . . . . . . . . . . . . .
 1 . . . . . . . . . . . . . . . . . . .

koPOSITIONALscoreAREAtaxNONEsui1komi7.5
Time taken: 9.73915
Root visits: 135
New playouts: 135
NN rows: 135
NN batches: 133
NN avg batch size: 1.01504
PlayoutDoublingAdvantage: -2.75
PV: O17 C6 C8
Tree:
: T 121.39c W 100.00c S  21.02c (+121.4 L +113.9) N     135  --  O17 C6 C8
---Black(^)---
O17 : T 121.29c W 100.00c S  20.91c (+121.2 L +113.9) LCB  113.86c P  2.70% WF  54.9 PSV      70 N      10  --  O17 C6 C8
K11 : T 121.82c W 100.00c S  21.50c (+121.8 L +114.0) LCB  112.92c P  3.87% WF  52.0 PSV      52 N       9  --  K11 C6 D8
Q6  : T 121.71c W 100.00c S  21.31c (+121.4 L +114.0) LCB  112.68c P  1.81% WF  51.4 PSV      52 N       9  --  Q6 C6 C8
K10 : T 121.59c W 100.00c S  21.24c (+121.7 L +113.8) LCB  112.63c P  2.97% WF  50.4 PSV      51 N       9  --  K10 C6 C8
K12 : T 121.85c W 100.00c S  21.43c (+121.9 L +114.3) LCB  112.87c P  2.67% WF  50.7 PSV      51 N       9  --  K12 C6 C8
J11 : T 121.48c W 100.00c S  21.17c (+121.6 L +113.9) LCB  112.55c P  2.26% WF  49.9 PSV      50 N       9  --  J11 C6 C8
D6  : T 121.54c W 100.00c S  21.04c (+121.5 L +114.0) LCB  112.34c P 12.95% WF  48.4 PSV      49 N       9  --  D6 C13 D13
J10 : T 121.76c W 100.00c S  21.40c (+121.8 L +114.0) LCB  110.52c P  1.73% WF  45.5 PSV      46 N       8  --  J10 C6 C8
K13 : T 121.83c W 100.00c S  21.28c (+121.8 L +114.3) LCB  110.38c P  7.76% WF  44.0 PSV      44 N       8  --  K13 C6 C8
O4  : T 121.39c W 100.00c S  20.87c (+121.0 L +113.6) LCB  109.83c P  3.58% WF  43.3 PSV      44 N       8  --  O4 C6 C8

2025-11-16 20:36:13-0500: play Q6
2025-11-16 20:36:13-0500: Controller: kata-set-param maxVisits 100
2025-11-16 20:36:13-0500: = 
2025-11-16 20:36:13-0500: Controller: kata-genmove_analyze b
2025-11-16 20:36:13-0500: =
2025-11-16 20:36:21-0500: MoveNum: 0 HASH: E3046FAD0153DDBB28A20FE2198C22DF
   A B C D E F G H J K L M N O P Q R S T
19 . . . . . . . . . . . . . . . . . . .
18 . . . . . . . . . . . . . . . . . . .
17 . . . X . . . . . . . . . . . . . . .
16 . . . . . . . . . X . . . . . X . . .
15 . . . X . . . . . . . . . . . . . . .
14 . . . . . . . . . . . . . . . . . . .
13 . . . . . . . . . . . . . . . . . . .
12 . . . . . . . . . . . . . . . . . . .
11 . . . X . . . . . . . . . . . . . . .
10 . . . . . . . . . @ . . . . . X . . .
 9 . . . . . . . . . . . . . . . . . . .
 8 . . . . . . . . . . . . . . . . . . .
 7 . . . . . . . . . . . . . . . . . . .
 6 . . . . . . . . . . . . . . . X . . .
 5 . . . . . . . . . . . . . . . . . . .
 4 . . . X . . . . . X . . . . . X . . .
 3 . . . . . . . . . . . . . . . . . . .
 2 . . . . . . . . . . . . . . . . . . .
 1 . . . . . . . . . . . . . . . . . . .

koPOSITIONALscoreAREAtaxNONEsui1komi7.5
Time taken: 8.89047
Root visits: 45
New playouts: 45
NN rows: 45
NN batches: 45
NN avg batch size: 1
PlayoutDoublingAdvantage: -2.75
PV: K11 C6 C8
Tree:
: T 121.76c W 100.00c S  21.46c (+134.9 L +127.3) N      45  --  K11 C6 C8
---Black(^)---
K11 : T 122.54c W 100.00c S  22.07c (+135.7 L +127.9) LCB  111.25c P 10.14% WF  43.2 PSV      43 N       8  --  K11 C6 C8
Q14 : T 122.16c W 100.00c S  21.56c (+134.9 L +127.2) LCB  106.93c P  7.79% WF  36.4 PSV      26 N       7  --  Q14 C6 C8
D6  : T 122.38c W 100.00c S  21.83c (+135.1 L +127.3) LCB  102.10c P  5.36% WF  32.3 PSV      20 N       6  --  D6 C13 D13
K10 : T 120.98c W 100.00c S  20.95c (+134.7 L +127.3) LCB  106.59c P  9.26% WF  34.2 PSV      18 N       7  --  K10 L13
K13 : T 121.18c W 100.00c S  21.11c (+134.6 L +127.1) LCB   45.85c P  4.07% WF  15.0 PSV       8 N       3  --  K13 R14
J10 : T 121.49c W 100.00c S  21.42c (+135.0 L +127.4) LCB   46.56c P  3.14% WF  15.4 PSV       7 N       3  --  J10 K13
K12 : T 121.31c W 100.00c S  21.24c (+134.9 L +127.3) LCB   46.35c P  3.03% WF  15.1 PSV       6 N       3  --  K12 O17
L11 : T 122.34c W 100.00c S  22.34c (+135.0 L +127.0) LCB -227.66c P  1.81% WF   5.7 PSV       6 N       1  --  L11
J11 : T 121.44c W 100.00c S  21.37c (+135.0 L +127.4) LCB   46.29c P  2.44% WF  15.3 PSV       5 N       3  --  J11 O17
C6  : T 121.19c W 100.00c S  21.08c (+134.5 L +126.8) LCB   44.98c P  2.12% WF  15.1 PSV       4 N       3  --  C6 O17

2025-11-16 20:36:21-0500: play K10
2025-11-16 20:36:21-0500: Controller: kata-set-param maxVisits 100
2025-11-16 20:36:22-0500: = 
2025-11-16 20:36:22-0500: Controller: kata-genmove_analyze b
2025-11-16 20:36:22-0500: =
2025-11-16 20:36:31-0500: MoveNum: 0 HASH: 550AE8381AAC9A343DFF4714DC7F7C81
   A B C D E F G H J K L M N O P Q R S T
19 . . . . . . . . . . . . . . . . . . .
18 . . . . . . . . . . . . . . . . . . .
17 . . . X . . . . . . . . . . . . . . .
16 . . . . . . . . . X . . . . . X . . .
15 . . . X . . . . . . . . . . . . . . .
14 . . . . . . . . . . . . . . . . . . .
13 . . . . . . . . . . . . . . . . . . .
12 . . . . . . . . . . . . . . . . . . .
11 . . . X . . . . . . . . . . . . . . .
10 . . . . . . . . . X . . . . . X . . .
 9 . . . . . . . . . . . . . . . . . . .
 8 . . . . . . . . . . . . . . . . . . .
 7 . . . . . . . . . . . . . . . . . . .
 6 . . . @ . . . . . . . . . . . X . . .
 5 . . . . . . . . . . . . . . . . . . .
 4 . . . X . . . . . X . . . . . X . . .
 3 . . . . . . . . . . . . . . . . . . .
 2 . . . . . . . . . . . . . . . . . . .
 1 . . . . . . . . . . . . . . . . . . .

koPOSITIONALscoreAREAtaxNONEsui1komi7.5
Time taken: 9.18816
Root visits: 45
New playouts: 45
NN rows: 45
NN batches: 45
NN avg batch size: 1
PlayoutDoublingAdvantage: -2.75
PV: D6 K13 M13 G11
Tree:
: T 121.63c W 100.00c S  21.26c (+149.2 L +141.7) N      45  --  D6 K13 M13 G11
---Black(^)---
D6  : T 122.21c W 100.00c S  21.94c (+150.0 L +142.5) LCB  113.27c P 14.47% WF  46.0 PSV      57 N       9  --  D6 K13 M13 G11
Q14 : T 121.66c W 100.00c S  21.20c (+149.1 L +141.6) LCB  110.39c P 18.71% WF  39.3 PSV      40 N       8  --  Q14 K13 M13
K13 : T 121.70c W 100.00c S  21.23c (+149.4 L +141.8) LCB  112.40c P 10.01% WF  44.5 PSV      25 N       9  --  K13 O17 P17
C6  : T 122.08c W 100.00c S  21.52c (+149.5 L +141.7) LCB  112.99c P  4.04% WF  45.5 PSV      12 N       9  --  C6 J7 H9
O16 : T 120.76c W 100.00c S  20.70c (+148.5 L +140.9) LCB   46.79c P  2.78% WF  14.3 PSV       5 N       3  --  O16 K13
R14 : T 120.55c W 100.00c S  20.46c (+148.1 L +140.2) LCB   45.80c P  2.39% WF  14.4 PSV       4 N       3  --  R14 L13
K14 : T 120.80c W 100.00c S  20.73c (+148.7 L +141.4) LCB   46.83c P  2.04% WF  14.3 PSV       3 N       3  --  K14 K7

2025-11-16 20:36:31-0500: play D6
2025-11-16 20:36:31-0500: Controller: kata-set-param maxVisits 100
2025-11-16 20:36:31-0500: = 
2025-11-16 20:36:31-0500: Controller: kata-genmove_analyze b
2025-11-16 20:36:31-0500: =
2025-11-16 20:36:40-0500: MoveNum: 0 HASH: 50922DA23AE8FAE8ACF686AD72522151
   A B C D E F G H J K L M N O P Q R S T
19 . . . . . . . . . . . . . . . . . . .
18 . . . . . . . . . . . . . . . . . . .
17 . . . X . . . . . . . . . . . . . . .
16 . . . . . . . . . X . . . . . X . . .
15 . . . X . . . . . . . . . . . . . . .
14 . . . . . . . . . . . . . . . @ . . .
13 . . . . . . . . . . . . . . . . . . .
12 . . . . . . . . . . . . . . . . . . .
11 . . . X . . . . . . . . . . . . . . .
10 . . . . . . . . . X . . . . . X . . .
 9 . . . . . . . . . . . . . . . . . . .
 8 . . . . . . . . . . . . . . . . . . .
 7 . . . . . . . . . . . . . . . . . . .
 6 . . . X . . . . . . . . . . . X . . .
 5 . . . . . . . . . . . . . . . . . . .
 4 . . . X . . . . . X . . . . . X . . .
 3 . . . . . . . . . . . . . . . . . . .
 2 . . . . . . . . . . . . . . . . . . .
 1 . . . . . . . . . . . . . . . . . . .

koPOSITIONALscoreAREAtaxNONEsui1komi7.5
Time taken: 8.82844
Root visits: 45
New playouts: 45
NN rows: 45
NN batches: 45
NN avg batch size: 1
PlayoutDoublingAdvantage: -2.75
PV: K13 K7 J8
Tree:
: T 121.77c W 100.00c S  21.45c (+162.9 L +155.6) N      45  --  K13 K7 J8
---Black(^)---
K13 : T 122.57c W 100.00c S  22.00c (+163.4 L +156.5) LCB  113.58c P 16.79% WF  44.7 PSV      44 N       9  --  K13 K7 J8
H10 : T 122.07c W 100.00c S  21.75c (+163.5 L +156.5) LCB  113.28c P 11.58% WF  43.6 PSV      25 N       9  --  H10 C13 B11
Q14 : T 122.25c W 100.00c S  21.67c (+163.0 L +155.3) LCB  111.08c P 10.84% WF  39.7 PSV      25 N       8  --  Q14 K7 H10
R14 : T 120.98c W 100.00c S  20.87c (+162.2 L +154.2) LCB   46.97c P  3.49% WF  14.3 PSV       5 N       3  --  R14 K13
G10 : T 121.09c W 100.00c S  21.04c (+162.9 L +155.6) LCB   78.23c P  2.63% WF  18.5 PSV       4 N       4  --  G10 P11
K14 : T 121.13c W 100.00c S  21.06c (+162.7 L +155.2) LCB   47.30c P  2.37% WF  14.3 PSV       3 N       3  --  K14 J7
K7  : T 121.02c W 100.00c S  20.93c (+162.0 L +154.8) LCB  -27.95c P  2.35% WF   9.2 PSV       3 N       2  --  K7 K13
K12 : T 121.09c W 100.00c S  21.02c (+162.2 L +155.1) LCB  -28.08c P  2.13% WF   9.4 PSV       3 N       2  --  K12 K7
O16 : T 120.93c W 100.00c S  20.84c (+161.9 L +154.2) LCB  -28.04c P  2.02% WF   9.3 PSV       3 N       2  --  O16 K13
G11 : T 121.60c W 100.00c S  21.55c (+163.0 L +155.9) LCB  -27.82c P  2.02% WF   9.4 PSV       3 N       2  --  G11 K7

2025-11-16 20:36:40-0500: play Q14
2025-11-16 20:36:40-0500: Controller: kata-set-param maxVisits 100
2025-11-16 20:36:40-0500: = 
2025-11-16 20:36:40-0500: Controller: kata-genmove_analyze b
2025-11-16 20:36:40-0500: =
2025-11-16 20:36:49-0500: MoveNum: 0 HASH: EC08A1A3AA9ABB47AE9F565F1B9C8535
   A B C D E F G H J K L M N O P Q R S T
19 . . . . . . . . . . . . . . . . . . .
18 . . . . . . . . . . . . . . . . . . .
17 . . . X . . . . . . . . . . . . . . .
16 . . . . . . . . . X . . . . . X . . .
15 . . . X . . . . . . . . . . . . . . .
14 . . . . . . . . . . . . . . . X . . .
13 . . . . . . . . . . . . . . . . . . .
12 . . . . . . . . . @ . . . . . . . . .
11 . . . X . . . . . . . . . . . . . . .
10 . . . . . . . . . X . . . . . X . . .
 9 . . . . . . . . . . . . . . . . . . .
 8 . . . . . . . . . . . . . . . . . . .
 7 . . . . . . . . . . . . . . . . . . .
 6 . . . X . . . . . . . . . . . X . . .
 5 . . . . . . . . . . . . . . . . . . .
 4 . . . X . . . . . X . . . . . X . . .
 3 . . . . . . . . . . . . . . . . . . .
 2 . . . . . . . . . . . . . . . . . . .
 1 . . . . . . . . . . . . . . . . . . .

koPOSITIONALscoreAREAtaxNONEsui1komi7.5
Time taken: 9.48792
Root visits: 45
New playouts: 45
NN rows: 45
NN batches: 44
NN avg batch size: 1.02273
PlayoutDoublingAdvantage: -2.75
PV: K12 K7 H7 C13
Tree:
: T 120.92c W 100.00c S  20.63c (+176.4 L +169.8) N      45  --  K12 K7 H7 C13
---Black(^)---
K12 : T 121.26c W 100.00c S  20.98c (+176.7 L +170.3) LCB  112.39c P  6.13% WF  41.2 PSV      49 N       9  --  K12 K7 H7 C13
H10 : T 121.09c W 100.00c S  20.80c (+176.4 L +170.0) LCB  112.20c P 17.40% WF  40.6 PSV      41 N       9  --  H10 N10 N12
K13 : T 121.19c W 100.00c S  20.87c (+176.8 L +170.3) LCB  110.02c P 24.26% WF  35.9 PSV      36 N       8  --  K13 K7 J8
K14 : T 120.53c W 100.00c S  20.34c (+176.6 L +169.7) LCB  105.86c P  5.51% WF  31.4 PSV      20 N       7  --  K14 K7 J8
K7  : T 121.02c W 100.00c S  20.58c (+176.3 L +169.7) LCB  109.84c P  2.64% WF  35.1 PSV      14 N       8  --  K7 K13 M13
K8  : T 120.15c W 100.00c S  20.06c (+175.6 L +168.3) LCB  -29.97c P  1.93% WF   8.7 PSV       5 N       2  --  K8 K13
H11 : T 119.51c W 100.00c S  19.51c (+173.0 L +167.6) LCB -230.49c P  1.94% WF   3.9 PSV       4 N       1  --  H11

2025-11-16 20:36:49-0500: play K12
2025-11-16 20:36:49-0500: Controller: kata-set-param maxVisits 100
2025-11-16 20:36:49-0500: = 
2025-11-16 20:36:49-0500: Controller: kata-genmove_analyze b
2025-11-16 20:36:49-0500: =
2025-11-16 20:36:59-0500: MoveNum: 0 HASH: 51FF6E8C52A0AF4DDA726F5D021710CE
   A B C D E F G H J K L M N O P Q R S T
19 . . . . . . . . . . . . . . . . . . .
18 . . . . . . . . . . . . . . . . . . .
17 . . . X . . . . . . @ . . . . . . . .
16 . . . . . . . . . X . . . . . X . . .
15 . . . X . . . . . . . . . . . . . . .
14 . . . . . . . . . . . . . . . X . . .
13 . . . . . . . . . . . . . . . . . . .
12 . . . . . . . . . X . . . . . . . . .
11 . . . X . . . . . . . . . . . . . . .
10 . . . . . . . . . X . . . . . X . . .
 9 . . . . . . . . . . . . . . . . . . .
 8 . . . . . . . . . . . . . . . . . . .
 7 . . . . . . . . . . . . . . . . . . .
 6 . . . X . . . . . . . . . . . X . . .
 5 . . . . . . . . . . . . . . . . . . .
 4 . . . X . . . . . X . . . . . X . . .
 3 . . . . . . . . . . . . . . . . . . .
 2 . . . . . . . . . . . . . . . . . . .
 1 . . . . . . . . . . . . . . . . . . .

koPOSITIONALscoreAREAtaxNONEsui1komi7.5
Time taken: 9.50187
Root visits: 45
New playouts: 45
NN rows: 45
NN batches: 45
NN avg batch size: 1
PlayoutDoublingAdvantage: -2.75
PV: K7 K13 J13
Tree:
: T 118.68c W 100.00c S  18.86c (+192.9 L +186.5) N      45  --  K7 K13 J13
---Black(^)---
K7  : T 119.30c W 100.00c S  19.43c (+194.0 L +187.2) LCB  109.23c P 29.26% WF  38.5 PSV      38 N       9  --  K7 K13 J13
K6  : T 118.74c W 100.00c S  18.92c (+192.9 L +186.5) LCB  108.67c P 23.08% WF  37.2 PSV      27 N       9  --  K6 K7 J7
L17 : T 118.21c W 100.00c S  18.39c (+192.1 L +186.0) LCB  108.91c P  7.62% WF  34.4 PSV       8 N       9  --  L17 M16 K14
J6  : T 119.45c W 100.00c S  19.66c (+194.1 L +187.4) LCB  109.19c P  2.05% WF  39.0 PSV       2 N       9  --  J6 D7 E7
K17 : T 117.67c W 100.00c S  17.92c (+191.4 L +185.3) LCB  102.44c P  2.16% WF  26.0 PSV       2 N       7  --  K17 K15 L15
L6  : T 113.41c W 100.00c S  13.41c (+183.8 L +179.7) LCB -236.59c P  1.48% WF   2.7 PSV       0 N       1  --  L6

2025-11-16 20:36:59-0500: play L17
2025-11-16 20:36:59-0500: Controller: kata-set-param maxVisits 300
2025-11-16 20:36:59-0500: = 
2025-11-16 20:36:59-0500: Controller: kata-genmove_analyze b
2025-11-16 20:36:59-0500: =
2025-11-16 20:37:08-0500: MoveNum: 0 HASH: A9D969C0B99B6787DC8E7C7777AB6D7B
   A B C D E F G H J K L M N O P Q R S T
19 . . . . . . . . . . . . . . . . . . .
18 . . . . . . . . . . . . . . . . . . .
17 . . . X . . . . . . X . . . . . . . .
16 . . . . . . . . . X . . . . . X . . .
15 . . . X . . . . . . . . . . . . . . .
14 . . . . . . . . . . . . . . . X . . .
13 . . . . . . . . . . . . . . . . . . .
12 . . . . . . . . . X . . . . . . . . .
11 . . . X . . . . . . . . . . . . . . .
10 . . . . . . . . . X . . . . . X . . .
 9 . . . . . . . . . . . . . . . . . . .
 8 . . . . . . . . . . . . . . . . . . .
 7 . . . . . . . . . @ . . . . . . . . .
 6 . . . X . . . . . . . . . . . X . . .
 5 . . . . . . . . . . . . . . . . . . .
 4 . . . X . . . . . X . . . . . X . . .
 3 . . . . . . . . . . . . . . . . . . .
 2 . . . . . . . . . . . . . . . . . . .
 1 . . . . . . . . . . . . . . . . . . .

koPOSITIONALscoreAREAtaxNONEsui1komi7.5
Time taken: 9.46615
Root visits: 135
New playouts: 135
NN rows: 135
NN batches: 134
NN avg batch size: 1.00746
PlayoutDoublingAdvantage: -2.75
PV: K7 K13 J12
Tree:
: T 118.05c W 100.00c S  18.42c (+209.8 L +204.2) N     135  --  K7 K13 J12
---Black(^)---
K7  : T 118.74c W 100.00c S  19.17c (+211.0 L +205.5) LCB  111.13c P 33.64% WF  48.7 PSV      49 N      12  --  K7 K13 J12
K6  : T 119.49c W 100.00c S  19.56c (+211.8 L +206.0) LCB  110.89c P 26.96% WF  43.6 PSV      44 N      10  --  K6 K7
J6  : T 118.91c W 100.00c S  19.24c (+211.1 L +205.3) LCB  108.12c P  1.89% WF  37.6 PSV       2 N       9  --  J6 D7 E7
L6  : T 119.22c W 100.00c S  19.30c (+211.4 L +205.7) LCB  108.91c P  1.63% WF  38.2 PSV       2 N       9  --  L6 K13
J8  : T 117.02c W 100.00c S  17.71c (+208.5 L +203.6) LCB  104.27c P  1.20% WF  29.9 PSV       1 N       9  --  J8 K13 L12
M4  : T 117.04c W 100.00c S  17.58c (+208.5 L +202.4) LCB  106.29c P  1.19% WF  32.8 PSV       1 N       9  --  M4 K15 J15
J7  : T 118.97c W 100.00c S  19.40c (+211.3 L +205.6) LCB  107.49c P  1.06% WF  38.2 PSV       1 N       9  --  J7 K13 L12
K8  : T 116.84c W 100.00c S  17.61c (+208.3 L +203.7) LCB  104.48c P  1.06% WF  30.0 PSV       1 N       9  --  K8 K13 L12
L3  : T 117.57c W 100.00c S  17.66c (+208.9 L +202.7) LCB  107.92c P  1.04% WF  34.2 PSV       1 N       9  --  L3 K13
L7  : T 119.45c W 100.00c S  19.52c (+211.6 L +205.6) LCB  109.23c P  0.79% WF  39.7 PSV       1 N       9  --  L7 K13

2025-11-16 20:37:08-0500: play K7
2025-11-16 20:37:08-0500: Controller: kata-set-param maxVisits 100
2025-11-16 20:37:08-0500: = 
2025-11-16 20:37:08-0500: Controller: kata-genmove_analyze b
2025-11-16 20:37:08-0500: =
2025-11-16 20:37:17-0500: MoveNum: 0 HASH: 8DF181C68DDD12B3409762429E7513B5
   A B C D E F G H J K L M N O P Q R S T
19 . . . . . . . . . . . . . . . . . . .
18 . . . . . . . . . . . . . . . . . . .
17 . . . X . . . . . . X . . . . . . . .
16 . . . . . . . . . X . . . . . X . . .
15 . . . X . . . . . . . . . . . . . . .
14 . . . . . . . . . . . . . . . X . . .
13 . . . . . . . . . . . . . . . . . . .
12 . . . . . . . . . X . . . . . . . . .
11 . . . X . . . . . . . . . . . . . . .
10 . . @ . . . . . . X . . . . . X . . .
 9 . . . . . . . . . . . . . . . . . . .
 8 . . . . . . . . . . . . . . . . . . .
 7 . . . . . . . . . X . . . . . . . . .
 6 . . . X . . . . . . . . . . . X . . .
 5 . . . . . . . . . . . . . . . . . . .
 4 . . . X . . . . . X . . . . . X . . .
 3 . . . . . . . . . . . . . . . . . . .
 2 . . . . . . . . . . . . . . . . . . .
 1 . . . . . . . . . . . . . . . . . . .

koPOSITIONALscoreAREAtaxNONEsui1komi7.5
Time taken: 8.86852
Root visits: 45
New playouts: 45
NN rows: 45
NN batches: 45
NN avg batch size: 1
PlayoutDoublingAdvantage: -2.75
PV: C11 K13 L12
Tree:
: T 115.76c W 100.00c S  16.35c (+227.5 L +222.7) N      45  --  C11 K13 L12
---Black(^)---
C11 : T 117.39c W 100.00c S  18.06c (+230.0 L +224.7) LCB  107.38c P 23.56% WF  45.4 PSV      52 N      11  --  C11 K13 L12
C10 : T 116.31c W 100.00c S  17.01c (+228.4 L +223.9) LCB  104.25c P 25.22% WF  37.5 PSV      36 N      10  --  C10 D9 F11 K13
K3  : T 116.94c W 100.00c S  17.06c (+228.5 L +222.9) LCB  105.84c P 12.55% WF  35.4 PSV      21 N       9  --  K3 K13
J3  : T 117.29c W 100.00c S  17.44c (+229.1 L +223.8) LCB  103.39c P  8.15% WF  31.7 PSV      15 N       8  --  J3 K13
L3  : T 102.73c W 100.00c S   2.73c (+210.7 L +210.0) LCB -247.27c P  3.86% WF   2.2 PSV       1 N       1  --  L3
K2  : T 102.86c W 100.00c S   2.86c (+210.9 L +210.2) LCB -247.14c P  1.48% WF   2.4 PSV       0 N       1  --  K2
C12 : T 102.11c W 100.00c S   2.11c (+210.1 L +210.5) LCB -247.89c P  1.46% WF   2.5 PSV       0 N       1  --  C12
E3  : T 102.12c W 100.00c S   2.12c (+210.2 L +209.3) LCB -247.88c P  1.24% WF   2.6 PSV       0 N       1  --  E3
P3  : T 102.36c W 100.00c S   2.36c (+210.3 L +209.6) LCB -247.64c P  1.05% WF   2.4 PSV       0 N       1  --  P3
Q3  : T 101.41c W 100.00c S   1.41c (+209.4 L +209.0) LCB -248.59c P  1.03% WF   2.6 PSV       0 N       1  --  Q3

2025-11-16 20:37:17-0500: play C10
2025-11-16 20:37:17-0500: Controller: kata-set-param maxVisits 100
2025-11-16 20:37:17-0500: = 
2025-11-16 20:37:17-0500: Controller: kata-genmove_analyze b
2025-11-16 20:37:17-0500: =
2025-11-16 20:37:26-0500: MoveNum: 0 HASH: CA1DCA8F1F6CA50CCE86A82D5AC5F469
   A B C D E F G H J K L M N O P Q R S T
19 . . . . . . . . . . . . . . . . . . .
18 . . . . . . . . . . . . . . . . . . .
17 . . . X . . . . . . X . . . . . . . .
16 . . . . . . . . . X . . . . . X . . .
15 . . . X . . . . . . . . . . . . . . .
14 . . . . . . . . . . . . . . . X . . .
13 . . . . . . . . . . . . . . . . . . .
12 . . . . . . . . . X . . . . . . . . .
11 . . . X . . . . . . . . . . . . . . .
10 . . X . . . . . . X . . . . . X . . .
 9 . . . . . . . . . . . . . . . . . . .
 8 . . . . . . . . . . . . . . . . . . .
 7 . . . . . . . . . X . . . . . . . . .
 6 . . . X . . . . . . . . . . . X . . .
 5 . . . . . . . . . . . . . . . . . . .
 4 . . . X . . . . . X . . . . . X . . .
 3 . . . . @ . . . . . . . . . . . . . .
 2 . . . . . . . . . . . . . . . . . . .
 1 . . . . . . . . . . . . . . . . . . .

koPOSITIONALscoreAREAtaxNONEsui1komi7.5
Time taken: 9.39205
Root visits: 45
New playouts: 45
NN rows: 45
NN batches: 45
NN avg batch size: 1
PlayoutDoublingAdvantage: -2.75
PV: L3 K13 L12
Tree:
: T 114.27c W 100.00c S  15.09c (+243.3 L +239.3) N      45  --  L3 K13 L12
---Black(^)---
L3  : T 116.77c W 100.00c S  17.51c (+246.6 L +241.5) LCB  106.30c P 20.90% WF  49.3 PSV      49 N      12  --  L3 K13 L12
E3  : T 116.69c W 100.00c S  16.84c (+245.7 L +241.2) LCB  104.21c P 22.83% WF  35.8 PSV      36 N       9  --  E3 D12
K3  : T 118.15c W 100.00c S  18.29c (+247.8 L +242.7) LCB   99.49c P  8.26% WF  30.0 PSV      30 N       7  --  K3 K13
D3  : T 113.15c W 100.00c S  14.57c (+242.5 L +238.4) LCB   96.44c P  9.69% WF  28.3 PSV       9 N       8  --  D3 D7 E6
K2  : T 100.20c W 100.00c S   0.20c (+225.8 L +227.9) LCB -249.80c P  6.19% WF   2.5 PSV       1 N       1  --  K2
J3  : T 100.02c W 100.00c S   0.02c (+225.7 L +226.8) LCB -249.98c P  4.99% WF   2.3 PSV       1 N       1  --  J3
P3  : T  98.55c W 100.00c S  -1.45c (+223.9 L +225.2) LCB -251.45c P  3.12% WF   2.7 PSV       0 N       1  --  P3
E2  : T  99.30c W 100.00c S  -0.70c (+224.9 L +226.0) LCB -250.70c P  2.05% WF   2.7 PSV       0 N       1  --  E2
M3  : T  99.19c W 100.00c S  -0.81c (+224.9 L +226.2) LCB -250.81c P  1.81% WF   2.7 PSV       0 N       1  --  M3
Q3  : T  98.11c W 100.00c S  -1.89c (+223.5 L +224.3) LCB -251.89c P  1.16% WF   2.8 PSV       0 N       1  --  Q3

2025-11-16 20:37:26-0500: play E3
2025-11-16 20:37:26-0500: Controller: kata-set-param maxVisits 100
2025-11-16 20:37:26-0500: = 
2025-11-16 20:37:26-0500: Controller: kata-genmove_analyze b
2025-11-16 20:37:26-0500: =
2025-11-16 20:37:36-0500: MoveNum: 0 HASH: AB08FA1D0255F3FBC52FA25DE50518C2
   A B C D E F G H J K L M N O P Q R S T
19 . . . . . . . . . . . . . . . . . . .
18 . . . . . . . . . . . . . . . . . . .
17 . . . X . . . . . . X . . . . . . . .
16 . . . . . . . . . X . . . . . X . . .
15 . . . X . . . . . . . . . . . . . . .
14 . . . . . . . . . . . . . . . X . . .
13 . . . . . . . . . . . . . . . . . . .
12 . . . . . . . . . X . . . . . . . . .
11 . . . X . . . . . . . . . . . . . . .
10 . . X . . . . . . X . . . . . X . . .
 9 . . . . . . . . . . . . . . . . . . .
 8 . . . . . . . . . . . . . . . . . . .
 7 . . . . . . . . . X . . . . . . . . .
 6 . . . X . . . . . . . . . . . X . . .
 5 . . . . . . . . . . . . . . . . . . .
 4 . . . X . . . . . X . . . . . X . . .
 3 . . . . X . . . . . . . . . . @ . . .
 2 . . . . . . . . . . . . . . . . . . .
 1 . . . . . . . . . . . . . . . . . . .

koPOSITIONALscoreAREAtaxNONEsui1komi7.5
Time taken: 9.45702
Root visits: 45
New playouts: 45
NN rows: 45
NN batches: 44
NN avg batch size: 1.02273
PlayoutDoublingAdvantage: -2.75
PV: Q3 K13 L12
Tree:
: T 107.46c W 100.00c S   8.68c (+254.2 L +252.3) N      45  --  Q3 K13 L12
---Black(^)---
Q3  : T 112.77c W 100.00c S  13.59c (+260.8 L +256.7) LCB  100.74c P 22.42% WF  49.3 PSV      93 N      13  --  Q3 K13 L12
P3  : T 110.03c W 100.00c S  11.00c (+257.3 L +254.4) LCB   97.88c P 49.40% WF  67.6 PSV      67 N      18  --  P3 K13 L12
O3  : T  94.77c W 100.00c S  -5.23c (+238.8 L +243.0) LCB -255.23c P  3.29% WF   3.3 PSV       1 N       1  --  O3
P2  : T  93.76c W 100.00c S  -6.24c (+237.3 L +241.3) LCB -256.24c P  3.23% WF   3.6 PSV       1 N       1  --  P2
R17 : T  93.07c W 100.00c S  -6.93c (+236.3 L +238.1) LCB -256.93c P  2.15% WF   3.5 PSV       0 N       1  --  R17
R3  : T  93.31c W 100.00c S  -6.69c (+236.5 L +239.8) LCB -256.69c P  1.25% WF   3.4 PSV       0 N       1  --  R3
L3  : T  94.74c W 100.00c S  -5.26c (+238.9 L +242.2) LCB -255.26c P  1.08% WF   3.2 PSV       0 N       1  --  L3
O2  : T  94.19c W 100.00c S  -5.81c (+238.0 L +242.1) LCB -255.81c P  0.68% WF   2.6 PSV       0 N       1  --  O2
Q2  : T  93.78c W 100.00c S  -6.22c (+237.2 L +240.9) LCB -256.22c P  0.68% WF   2.6 PSV       0 N       1  --  Q2
M3  : T  94.58c W 100.00c S  -5.42c (+238.7 L +241.8) LCB -255.42c P  0.57% WF   2.4 PSV       0 N       1  --  M3

2025-11-16 20:37:36-0500: play Q3
2025-11-16 20:37:36-0500: Controller: kata-set-param maxVisits 100
2025-11-16 20:37:36-0500: = 
2025-11-16 20:37:36-0500: Controller: kata-genmove_analyze b
2025-11-16 20:37:36-0500: =
2025-11-16 20:37:45-0500: MoveNum: 0 HASH: E1B21CCEEBE7F440B62AF8E45BA2C172
   A B C D E F G H J K L M N O P Q R S T
19 . . . . . . . . . . . . . . . . . . .
18 . . . . . . . . . . . . . . . . . . .
17 . . . X . . . . . . X . . . . . . . .
16 . . . . . . . . . X . . . . . X @ . .
15 . . . X . . . . . . . . . . . . . . .
14 . . . . . . . . . . . . . . . X . . .
13 . . . . . . . . . . . . . . . . . . .
12 . . . . . . . . . X . . . . . . . . .
11 . . . X . . . . . . . . . . . . . . .
10 . . X . . . . . . X . . . . . X . . .
 9 . . . . . . . . . . . . . . . . . . .
 8 . . . . . . . . . . . . . . . . . . .
 7 . . . . . . . . . X . . . . . . . . .
 6 . . . X . . . . . . . . . . . X . . .
 5 . . . . . . . . . . . . . . . . . . .
 4 . . . X . . . . . X . . . . . X . . .
 3 . . . . X . . . . . . . . . . X . . .
 2 . . . . . . . . . . . . . . . . . . .
 1 . . . . . . . . . . . . . . . . . . .

koPOSITIONALscoreAREAtaxNONEsui1komi7.5
Time taken: 9.08119
Root visits: 45
New playouts: 45
NN rows: 45
NN batches: 45
NN avg batch size: 1
PlayoutDoublingAdvantage: -2.75
PV: R16 K13
Tree:
: T 107.52c W 100.00c S   8.20c (+268.7 L +266.8) N      45  --  R16 K13
---Black(^)---
R16 : T 113.81c W 100.00c S  13.64c (+276.0 L +271.9) LCB   99.59c P  9.92% WF  37.8 PSV      83 N      10  --  R16 K13
R17 : T 109.12c W 100.00c S  10.48c (+271.8 L +269.1) LCB   95.21c P 49.29% WF  54.6 PSV      54 N      15  --  R17 D7 C6
S14 : T 111.45c W 100.00c S  11.27c (+272.9 L +269.3) LCB   91.75c P 12.60% WF  28.5 PSV      23 N       8  --  S14 K13
Q17 : T  91.94c W 100.00c S  -8.06c (+249.1 L +253.2) LCB -258.06c P  6.77% WF   3.4 PSV       1 N       1  --  Q17
R15 : T  91.42c W 100.00c S  -8.58c (+248.1 L +252.3) LCB -258.58c P  1.63% WF   3.6 PSV       0 N       1  --  R15
S16 : T  91.25c W 100.00c S  -8.75c (+247.8 L +251.5) LCB -258.75c P  1.38% WF   3.7 PSV       0 N       1  --  S16
S15 : T  90.87c W 100.00c S  -9.13c (+247.2 L +250.8) LCB -259.13c P  0.89% WF   3.0 PSV       0 N       1  --  S15
R10 : T  93.84c W 100.00c S  -6.16c (+251.9 L +256.0) LCB -256.16c P  0.83% WF   2.9 PSV       0 N       1  --  R10
R9  : T  93.57c W 100.00c S  -6.43c (+251.6 L +255.4) LCB -256.43c P  0.71% WF   2.7 PSV       0 N       1  --  R9
P17 : T  91.85c W 100.00c S  -8.15c (+248.8 L +253.2) LCB -258.15c P  0.65% WF   2.5 PSV       0 N       1  --  P17

2025-11-16 20:37:45-0500: play R16
2025-11-16 20:37:45-0500: Controller: kata-set-param maxVisits 100
2025-11-16 20:37:45-0500: = 
2025-11-16 20:37:45-0500: Controller: kata-genmove_analyze b
2025-11-16 20:37:45-0500: =
2025-11-16 20:37:54-0500: MoveNum: 0 HASH: 644886697C76E53F5A8ADB5477C0BFE5
   A B C D E F G H J K L M N O P Q R S T
19 . . . . . . . . . . . . . . . . . . .
18 . . . . . . . . . . . . . . . . . . .
17 . . . X . . . . . . X . . . . . . . .
16 . . . . . . . . . X . . . . . X X . .
15 . . . X . . . . . . . . . . . . . . .
14 . . . . . . . . . . . . . . . X . . .
13 . . . . . . . . . . . . . . . . . . .
12 . . . . . . . . . X . . . . . . . . .
11 . . . X . . . . . . . . . . . . . . .
10 . . X . . . . . . X . . . . . X . . .
 9 . . . . . . . . . . . . . . . . . . .
 8 . . . . . . . . . . . . . . . . . . .
 7 . . . . . . . . . X . . . . . . . . .
 6 . . . X . . . . . . . . . . . X . . .
 5 . . . . . . . . . . . . . . . . . . .
 4 . . . X . . . . . X . . . . . X . . .
 3 . . . . X . . . . . @ . . . . X . . .
 2 . . . . . . . . . . . . . . . . . . .
 1 . . . . . . . . . . . . . . . . . . .

koPOSITIONALscoreAREAtaxNONEsui1komi7.5
Time taken: 9.6627
Root visits: 45
New playouts: 45
NN rows: 45
NN batches: 44
NN avg batch size: 1.02273
PlayoutDoublingAdvantage: -2.75
PV: L3 M3
Tree:
: T 111.10c W 100.00c S  11.06c (+289.6 L +286.6) N      45  --  L3 M3
---Black(^)---
L3  : T 120.62c W 100.00c S  20.32c (+301.4 L +295.9) LCB  110.62c P 18.32% WF  67.6 PSV     152 N      13  --  L3 M3
R9  : T 114.15c W 100.00c S  14.87c (+294.6 L +290.7) LCB   99.09c P 28.50% WF  65.6 PSV      65 N      15  --  R9 P10 P9
J3  : T  92.72c W 100.00c S  -7.28c (+266.0 L +268.1) LCB -257.28c P  6.62% WF   3.0 PSV       2 N       1  --  J3
C16 : T  89.90c W 100.00c S -10.10c (+261.0 L +262.5) LCB -260.10c P  6.15% WF   3.5 PSV       1 N       1  --  C16
K3  : T  93.53c W 100.00c S  -6.47c (+267.1 L +268.2) LCB -256.47c P  3.72% WF   2.8 PSV       1 N       1  --  K3
F17 : T  90.82c W 100.00c S  -9.18c (+262.8 L +264.4) LCB -259.18c P  3.66% WF   3.4 PSV       1 N       1  --  F17
R10 : T  92.92c W 100.00c S  -7.08c (+266.4 L +268.5) LCB -257.08c P  2.76% WF   3.1 PSV       0 N       1  --  R10
Q8  : T  90.99c W 100.00c S  -9.01c (+263.3 L +265.9) LCB -259.01c P  1.07% WF   3.6 PSV       0 N       1  --  Q8
E16 : T  91.02c W 100.00c S  -8.98c (+263.7 L +264.5) LCB -258.98c P  0.85% WF   3.3 PSV       0 N       1  --  E16
R8  : T  92.18c W 100.00c S  -7.82c (+265.2 L +267.8) LCB -257.82c P  0.80% WF   3.3 PSV       0 N       1  --  R8

2025-11-16 20:37:54-0500: play L3
2025-11-16 20:37:54-0500: Controller: kata-set-param maxVisits 300
2025-11-16 20:37:54-0500: = 
2025-11-16 20:37:54-0500: Controller: kata-genmove_analyze b
2025-11-16 20:37:54-0500: =
2025-11-16 20:38:04-0500: MoveNum: 0 HASH: FAADBE27C0F39A884320AD9C824F79A2
   A B C D E F G H J K L M N O P Q R S T
19 . . . . . . . . . . . . . . . . . . .
18 . . . . . . . . . . . . . . . . . . .
17 . . . X . . . . . . X . . . . . . . .
16 . . . . @ . . . . X . . . . . X X . .
15 . . . X . . . . . . . . . . . . . . .
14 . . . . . . . . . . . . . . . X . . .
13 . . . . . . . . . . . . . . . . . . .
12 . . . . . . . . . X . . . . . . . . .
11 . . . X . . . . . . . . . . . . . . .
10 . . X . . . . . . X . . . . . X . . .
 9 . . . . . . . . . . . . . . . . . . .
 8 . . . . . . . . . . . . . . . . . . .
 7 . . . . . . . . . X . . . . . . . . .
 6 . . . X . . . . . . . . . . . X . . .
 5 . . . . . . . . . . . . . . . . . . .
 4 . . . X . . . . . X . . . . . X . . .
 3 . . . . X . . . . . X . . . . X . . .
 2 . . . . . . . . . . . . . . . . . . .
 1 . . . . . . . . . . . . . . . . . . .

koPOSITIONALscoreAREAtaxNONEsui1komi7.5
Time taken: 9.91779
Root visits: 135
New playouts: 135
NN rows: 135
NN batches: 133
NN avg batch size: 1.01504
PlayoutDoublingAdvantage: -2.75
PV: E18 K13
Tree:
: T 110.80c W 100.00c S   9.72c (+307.1 L +302.6) N     135  --  E18 K13
---Black(^)---
E18 : T 118.82c W 100.00c S  18.36c (+317.5 L +311.7) LCB  109.72c P 11.54% WF  70.7 PSV     152 N      14  --  E18 K13
F17 : T 117.21c W 100.00c S  15.99c (+315.3 L +310.1) LCB  108.85c P 19.61% WF 134.0 PSV     130 N      29  --  F17 J3 G3 P17
C16 : T 116.45c W 100.00c S  14.79c (+313.6 L +308.4) LCB  107.38c P 18.17% WF  98.2 PSV      88 N      21  --  C16 J3 J4 H4
E16 : T 116.57c W 100.00c S  15.74c (+315.0 L +309.5) LCB  106.49c P  9.71% WF  94.3 PSV      49 N      20  --  E16 J3 G3
D16 : T  93.77c W 100.00c S  -6.23c (+285.0 L +283.5) LCB -256.23c P  1.97% WF   3.0 PSV       1 N       1  --  D16
E17 : T  93.33c W 100.00c S  -6.67c (+284.6 L +282.8) LCB -256.67c P  1.85% WF   3.1 PSV       0 N       1  --  E17
R10 : T  93.69c W 100.00c S  -6.31c (+285.3 L +282.3) LCB -256.31c P  1.82% WF   2.9 PSV       0 N       1  --  R10
R9  : T  93.19c W 100.00c S  -6.81c (+284.5 L +280.9) LCB -256.81c P  1.53% WF   3.0 PSV       0 N       1  --  R9
C17 : T  93.46c W 100.00c S  -6.54c (+284.6 L +282.8) LCB -256.54c P  1.42% WF   3.1 PSV       0 N       1  --  C17
F15 : T  93.03c W 100.00c S  -6.97c (+285.5 L +282.7) LCB -257.01c P  1.41% WF   3.2 PSV       0 N       1  --  F15

2025-11-16 20:38:04-0500: play E16
2025-11-16 20:38:04-0500: Controller: kata-set-param maxVisits 300
2025-11-16 20:38:04-0500: = 
2025-11-16 20:38:04-0500: Controller: kata-genmove_analyze b
2025-11-16 20:38:04-0500: =
2025-11-16 20:38:14-0500: MoveNum: 0 HASH: BEE8E92CF0E2B1E5E69DF60CDC65583F
   A B C D E F G H J K L M N O P Q R S T
19 . . . . . . . . . . . . . . . . . . .
18 . . . . . . . . . . . . . . . . . . .
17 . . . X . . . . . . X . . . . . . . .
16 . . . . X . . . . X . . . . . X X . .
15 . . . X . . . . . . . . . . . . . . .
14 . . . . . . . . . . . . . . . X . . .
13 . . . . . . . . . . . . . . . . . . .
12 . . . . . . . . . X . . . . . . . . .
11 . . . X . . . . . . . . . . . . . . .
10 . . X . . . . . . X . . . . . X @ . .
 9 . . . . . . . . . . . . . . . . . . .
 8 . . . . . . . . . . . . . . . . . . .
 7 . . . . . . . . . X . . . . . . . . .
 6 . . . X . . . . . . . . . . . X . . .
 5 . . . . . . . . . . . . . . . . . . .
 4 . . . X . . . . . X . . . . . X . . .
 3 . . . . X . . . . . X . . . . X . . .
 2 . . . . . . . . . . . . . . . . . . .
 1 . . . . . . . . . . . . . . . . . . .

koPOSITIONALscoreAREAtaxNONEsui1komi7.5
Time taken: 9.56244
Root visits: 135
New playouts: 135
NN rows: 135
NN batches: 133
NN avg batch size: 1.01504
PlayoutDoublingAdvantage: -2.75
PV: R10 P14
Tree:
: T 113.66c W 100.00c S  11.62c (+326.5 L +321.6) N     135  --  R10 P14
---Black(^)---
R10 : T 120.01c W 100.00c S  19.50c (+334.7 L +329.4) LCB  115.51c P 20.96% WF 211.3 PSV     265 N      35  --  R10 P14
R9  : T 118.81c W 100.00c S  18.20c (+333.4 L +328.0) LCB  113.03c P 30.91% WF 156.7 PSV     153 N      27  --  R9 J12
R11 : T 118.26c W 100.00c S  17.53c (+332.8 L +327.1) LCB  110.50c P 11.71% WF 115.5 PSV      56 N      20  --  R11 J7
S10 : T 117.40c W 100.00c S  16.58c (+331.8 L +326.4) LCB  107.80c P  7.31% WF  89.4 PSV      28 N      16  --  S10 E11
R8  : T  88.71c W 100.00c S -11.29c (+294.2 L +291.9) LCB -261.33c P  1.97% WF   4.1 PSV       0 N       1  --  R8
Q12 : T  88.39c W 100.00c S -11.61c (+293.3 L +290.5) LCB -261.67c P  1.50% WF   4.2 PSV       0 N       1  --  Q12
S9  : T  88.79c W 100.00c S -11.21c (+295.2 L +293.4) LCB -261.21c P  1.42% WF   4.3 PSV       0 N       1  --  S9
R7  : T  88.45c W 100.00c S -11.55c (+292.8 L +291.0) LCB -261.61c P  1.36% WF   4.3 PSV       0 N       1  --  R7
Q8  : T  88.37c W 100.00c S -11.63c (+293.0 L +289.9) LCB -261.69c P  1.28% WF   4.1 PSV       0 N       1  --  Q8
Q11 : T  88.89c W 100.00c S -11.11c (+294.8 L +293.0) LCB -261.19c P  1.04% WF   4.2 PSV       0 N       1  --  Q11

2025-11-16 20:38:14-0500: play R10
2025-11-16 20:38:14-0500: Controller: kata-set-param maxVisits 100
2025-11-16 20:38:14-0500: = 
2025-11-16 20:38:14-0500: Controller: kata-genmove_analyze b
2025-11-16 20:38:14-0500: =
2025-11-16 20:38:23-0500: MoveNum: 0 HASH: 8C45479731EB8D8AEF7974ACEAE20B6E
   A B C D E F G H J K L M N O P Q R S T
19 . . . . . . . . . . . . . . . . . . .
18 . . . . . . . . . . . . . . . . . . .
17 . . . X . . . . . . X . . . . . . . .
16 . . . . X . . . . X . . . . . X X . .
15 . . . X . . . . . . . . . . . . . . .
14 . . . . . . . . . . . . . . . X . . .
13 . . . . . . . . . . . . . . . . . . .
12 . . . . . . . . . X . . . . . . . . .
11 . . . X . . . . . . . . . . . . . . .
10 . . X . . . . . . X . . . . . X X . .
 9 . . . . . . . . . . . . . . . . . . .
 8 . . . . . . . . . . . . . . . . . . .
 7 . . . . . . . . . X . . . . . . . . .
 6 . . . X . . . . . . . . . . . X . . .
 5 . . . . . . . . . . . . . . . . . . .
 4 . . . X . . . . . X . . . . . X . . .
 3 . . @ . X . . . . . X . . . . X . . .
 2 . . . . . . . . . . . . . . . . . . .
 1 . . . . . . . . . . . . . . . . . . .

koPOSITIONALscoreAREAtaxNONEsui1komi7.5
Time taken: 9.16662
Root visits: 45
New playouts: 45
NN rows: 45
NN batches: 45
NN avg batch size: 1
PlayoutDoublingAdvantage: -2.75
PV: D3
Tree:
: T  86.15c W 100.00c S -14.31c (+300.3 L +298.5) N      45  --  D3
---Black(^)---
D3  : T  85.33c W 100.00c S -14.67c (+300.0 L +299.3) LCB -264.67c P  3.45% WF   5.8 PSV       6 N       1  --  D3
C3  : T  85.09c W 100.00c S -14.91c (+298.2 L +296.1) LCB -264.93c P 15.74% WF   5.5 PSV       6 N       1  --  C3
C5  : T  84.95c W 100.00c S -15.05c (+297.3 L +295.9) LCB -265.09c P  7.59% WF   5.6 PSV       3 N       1  --  C5
B4  : T  85.21c W 100.00c S -14.79c (+299.4 L +296.9) LCB -264.83c P  5.34% WF   5.6 PSV       2 N       1  --  B4
K11 : T  85.11c W 100.00c S -14.89c (+298.1 L +295.5) LCB -264.89c P  4.35% WF   6.1 PSV       1 N       1  --  K11
C4  : T  85.22c W 100.00c S -14.78c (+299.4 L +298.4) LCB -264.84c P  3.69% WF   5.6 PSV       1 N       1  --  C4
D5  : T  85.27c W 100.00c S -14.73c (+299.6 L +298.3) LCB -264.73c P  3.22% WF   5.7 PSV       1 N       1  --  D5
D2  : T  85.07c W 100.00c S -14.93c (+298.3 L +297.5) LCB -264.97c P  2.84% WF   5.6 PSV       1 N       1  --  D2
B6  : T  85.00c W 100.00c S -15.00c (+297.8 L +296.6) LCB -265.05c P  2.17% WF   5.6 PSV       0 N       1  --  B6
B5  : T  85.12c W 100.00c S -14.88c (+298.9 L +297.9) LCB -264.93c P  1.63% WF   5.7 PSV       0 N       1  --  B5

2025-11-16 20:38:23-0500: play C3
2025-11-16 20:38:23-0500: Controller: kata-set-param maxVisits 100
2025-11-16 20:38:23-0500: = 
2025-11-16 20:38:23-0500: Controller: kata-genmove_analyze b
2025-11-16 20:38:23-0500: =
2025-11-16 20:38:32-0500: MoveNum: 0 HASH: 4C9E3C1FD65051C7DA07996F0DAEE89A
   A B C D E F G H J K L M N O P Q R S T
19 . . . . . . . . . . . . . . . . . . .
18 . . . . . . . . . . . . . . . . . . .
17 . . . X . . . . . . X . . . . . . . .
16 . . . . X . . . . X . . . . . X X . .
15 . . . X . . . . . . . . . . . . . . .
14 . . . . . . . . . . . . . . . X . . .
13 . . . . . . . . . . . . . . . . . . .
12 . . . . . . . . . X . . . . . . . . .
11 . . . X . . . . . @ . . . . . . . . .
10 . . X . . . . . . X . . . . . X X . .
 9 . . . . . . . . . . . . . . . . . . .
 8 . . . . . . . . . . . . . . . . . . .
 7 . . . . . . . . . X . . . . . . . . .
 6 . . . X . . . . . . . . . . . X . . .
 5 . . . . . . . . . . . . . . . . . . .
 4 . . . X . . . . . X . . . . . X . . .
 3 . . X . X . . . . . X . . . . X . . .
 2 . . . . . . . . . . . . . . . . . . .
 1 . . . . . . . . . . . . . . . . . . .

koPOSITIONALscoreAREAtaxNONEsui1komi7.5
Time taken: 9.07413
Root visits: 45
New playouts: 45
NN rows: 45
NN batches: 45
NN avg batch size: 1
PlayoutDoublingAdvantage: -2.75
PV: K11 J17
Tree:
: T  86.99c W 100.00c S -14.11c (+299.5 L +297.1) N      45  --  K11 J17
---Black(^)---
K11 : T 105.09c W 100.00c S   1.17c (+330.6 L +325.7) LCB  -57.41c P 25.28% WF  13.0 PSV      12 N       2  --  K11 J17
Q5  : T  84.94c W 100.00c S -15.06c (+298.5 L +294.9) LCB -265.06c P  5.28% WF   5.2 PSV       1 N       1  --  Q5
K17 : T  84.72c W 100.00c S -15.28c (+297.3 L +295.0) LCB -265.28c P  2.04% WF   3.6 PSV       0 N       1  --  K17
D16 : T  84.94c W 100.00c S -15.06c (+299.0 L +297.7) LCB -265.06c P  1.99% WF   3.9 PSV       0 N       1  --  D16
C16 : T  84.63c W 100.00c S -15.37c (+296.5 L +294.8) LCB -265.42c P  1.95% WF   4.2 PSV       0 N       1  --  C16
L16 : T  84.68c W 100.00c S -15.32c (+296.8 L +294.0) LCB -265.32c P  1.80% WF   4.3 PSV       0 N       1  --  L16
Q15 : T  85.04c W 100.00c S -14.96c (+299.5 L +296.2) LCB -264.96c P  1.15% WF   4.2 PSV       0 N       1  --  Q15
C11 : T  84.84c W 100.00c S -15.16c (+298.2 L +296.0) LCB -265.16c P  0.69% WF   4.1 PSV       0 N       1  --  C11
K18 : T  84.38c W 100.00c S -15.62c (+294.0 L +292.6) LCB -265.67c P  0.62% WF   4.1 PSV       0 N       1  --  K18
D10 : T  84.78c W 100.00c S -15.22c (+297.4 L +294.8) LCB -265.22c P  0.60% WF   4.3 PSV       0 N       1  --  D10

2025-11-16 20:38:32-0500: play K11
2025-11-16 20:38:32-0500: Controller: kata-set-param maxVisits 100
2025-11-16 20:38:32-0500: = 
2025-11-16 20:38:32-0500: Controller: kata-genmove_analyze b
2025-11-16 20:38:32-0500: =
2025-11-16 20:38:41-0500: MoveNum: 0 HASH: 8774ADAD98D39614327EE2AF7D72E25F
   A B C D E F G H J K L M N O P Q R S T
19 . . . . . . . . . . . . . . . . . . .
18 . . . . . . . . . . . . . . . . . . .
17 . . . X . . . . . . X . . . . . . . .
16 . . . @ X . . . . X . . . . . X X . .
15 . . . X . . . . . . . . . . . . . . .
14 . . . . . . . . . . . . . . . X . . .
13 . . . . . . . . . . . . . . . . . . .
12 . . . . . . . . . X . . . . . . . . .
11 . . . X . . . . . X . . . . . . . . .
10 . . X . . . . . . X . . . . . X X . .
 9 . . . . . . . . . . . . . . . . . . .
 8 . . . . . . . . . . . . . . . . . . .
 7 . . . . . . . . . X . . . . . . . . .
 6 . . . X . . . . . . . . . . . X . . .
 5 . . . . . . . . . . . . . . . . . . .
 4 . . . X . . . . . X . . . . . X . . .
 3 . . X . X . . . . . X . . . . X . . .
 2 . . . . . . . . . . . . . . . . . . .
 1 . . . . . . . . . . . . . . . . . . .

koPOSITIONALscoreAREAtaxNONEsui1komi7.5
Time taken: 9.12715
Root visits: 45
New playouts: 45
NN rows: 45
NN batches: 45
NN avg batch size: 1
PlayoutDoublingAdvantage: -2.75
PV: D16
Tree:
: T  86.08c W 100.00c S -14.44c (+297.5 L +294.6) N      45  --  D16
---Black(^)---
D16 : T  85.16c W 100.00c S -14.84c (+297.2 L +294.3) LCB -264.84c P  7.38% WF   5.0 PSV       5 N       1  --  D16
Q5  : T  84.88c W 100.00c S -15.12c (+295.3 L +292.8) LCB -265.12c P  9.72% WF   5.2 PSV       5 N       1  --  Q5
C16 : T  84.85c W 100.00c S -15.15c (+294.9 L +292.6) LCB -265.21c P  3.29% WF   5.0 PSV       2 N       1  --  C16
C11 : T  84.96c W 100.00c S -15.04c (+295.5 L +292.7) LCB -265.04c P  2.79% WF   5.1 PSV       1 N       1  --  C11
L16 : T  85.03c W 100.00c S -14.97c (+295.8 L +292.8) LCB -264.97c P  1.77% WF   5.0 PSV       1 N       1  --  L16
E15 : T  84.99c W 100.00c S -15.01c (+296.0 L +293.2) LCB -265.01c P  1.73% WF   5.1 PSV       1 N       1  --  E15
D10 : T  85.08c W 100.00c S -14.92c (+296.4 L +292.9) LCB -264.92c P  1.69% WF   5.1 PSV       1 N       1  --  D10
K17 : T  85.01c W 100.00c S -14.99c (+295.8 L +293.0) LCB -264.99c P  1.28% WF   5.0 PSV       0 N       1  --  K17
E17 : T  85.04c W 100.00c S -14.96c (+296.2 L +293.3) LCB -264.96c P  1.27% WF   5.1 PSV       0 N       1  --  E17
Q15 : T  85.09c W 100.00c S -14.91c (+296.7 L +293.0) LCB -264.91c P  1.10% WF   5.0 PSV       0 N       1  --  Q15

2025-11-16 20:38:41-0500: play D16
2025-11-16 20:38:41-0500: Controller: kata-set-param maxVisits 100
2025-11-16 20:38:41-0500: = 
2025-11-16 20:38:41-0500: Controller: kata-genmove_analyze b
2025-11-16 20:38:41-0500: =
2025-11-16 20:38:50-0500: MoveNum: 0 HASH: F9D849B9AA25A5986362345A6B9049A8
   A B C D E F G H J K L M N O P Q R S T
19 . . . . . . . . . . . . . . . . . . .
18 . . . . . . . . . . . . . . . . . . .
17 . . . X . . . . . . X . . . . . . . .
16 . . . X X . . . . X . . . . . X X . .
15 . . . X . . . . . . . . . . . . . . .
14 . . . . . . . . . . . . . . . X . . .
13 . . . . . . . . . . . . . . . . . . .
12 . . . . . . . . . X . . . . . . . . .
11 . . . X . . . . . X . . . . . . . . .
10 . . X . . . . . . X . . . . . X X . .
 9 . . . . . . . . . . . . . . . . . . .
 8 . . . . . . . . . . . . . . . . . . .
 7 . . . . . . . . . X . . . . . . . . .
 6 . . . X . . . . . . . . . . . X . . .
 5 . . . . . . . . . . . . . . . @ . . .
 4 . . . X . . . . . X . . . . . X . . .
 3 . . X . X . . . . . X . . . . X . . .
 2 . . . . . . . . . . . . . . . . . . .
 1 . . . . . . . . . . . . . . . . . . .

koPOSITIONALscoreAREAtaxNONEsui1komi7.5
Time taken: 8.33716
Root visits: 45
New playouts: 45
NN rows: 45
NN batches: 45
NN avg batch size: 1
PlayoutDoublingAdvantage: -2.75
PV: Q5
Tree:
: T  86.31c W 100.00c S -14.17c (+296.2 L +293.9) N      45  --  Q5
---Black(^)---
Q5  : T  85.22c W 100.00c S -14.78c (+294.5 L +292.1) LCB -264.78c P 18.80% WF   4.8 PSV       5 N       1  --  Q5
C11 : T  85.34c W 100.00c S -14.66c (+295.6 L +293.1) LCB -264.66c P  2.24% WF   4.8 PSV       0 N       1  --  C11
D10 : T  85.31c W 100.00c S -14.69c (+294.9 L +292.2) LCB -264.69c P  1.89% WF   4.9 PSV       0 N       1  --  D10
D5  : T  85.46c W 100.00c S -14.54c (+296.2 L +292.9) LCB -264.54c P  1.67% WF   4.8 PSV       0 N       1  --  D5
L4  : T  85.19c W 100.00c S -14.81c (+293.9 L +291.4) LCB -264.81c P  1.45% WF   5.0 PSV       0 N       1  --  L4
Q15 : T  85.31c W 100.00c S -14.69c (+295.3 L +292.5) LCB -264.69c P  1.38% WF   4.9 PSV       0 N       1  --  Q15
K17 : T  85.28c W 100.00c S -14.72c (+294.6 L +292.7) LCB -264.72c P  1.17% WF   4.9 PSV       0 N       1  --  K17
L16 : T  85.17c W 100.00c S -14.83c (+293.9 L +292.1) LCB -264.83c P  1.12% WF   4.9 PSV       0 N       1  --  L16
K3  : T  85.26c W 100.00c S -14.74c (+294.7 L +292.2) LCB -264.74c P  0.60% WF   4.9 PSV       0 N       1  --  K3
K18 : T  84.96c W 100.00c S -15.04c (+292.5 L +291.2) LCB -265.10c P  0.60% WF   4.9 PSV       0 N       1  --  K18

2025-11-16 20:38:50-0500: play Q5
2025-11-16 20:38:50-0500: Controller: kata-set-param maxVisits 100
2025-11-16 20:38:50-0500: = 
2025-11-16 20:38:50-0500: Controller: kata-genmove_analyze b
2025-11-16 20:38:50-0500: =
2025-11-16 20:38:58-0500: MoveNum: 0 HASH: 0025CD889323538EA28553BD7C51F401
   A B C D E F G H J K L M N O P Q R S T
19 . . . . . . . . . . . . . . . . . . .
18 . . . . . . . . . . . . . . . . . . .
17 . . . X . . . . . . X . . . . . . . .
16 . . . X X . . . . X . . . . . X X . .
15 . . . X . . . . . . . . . . . . . . .
14 . . . . . . . . . . . . . . . X . . .
13 . . . . . . . . . . . . . . . . . . .
12 . . . . . . . . . X . . . . . . . . .
11 . . . X . . . . . X . . . . . . . . .
10 . . X . . . . . . X . . . . . X X . .
 9 . . . . . . . . . . . . . . . . . . .
 8 . . . . . . . . . . . . . . . . . . .
 7 . . . . . . . . . X . . . . . . . . .
 6 . . . X . . . . . . . . . . . X . . .
 5 . . . @ . . . . . . . . . . . X . . .
 4 . . . X . . . . . X . . . . . X . . .
 3 . . X . X . . . . . X . . . . X . . .
 2 . . . . . . . . . . . . . . . . . . .
 1 . . . . . . . . . . . . . . . . . . .

koPOSITIONALscoreAREAtaxNONEsui1komi7.5
Time taken: 8.60024
Root visits: 45
New playouts: 45
NN rows: 45
NN batches: 45
NN avg batch size: 1
PlayoutDoublingAdvantage: -2.75
PV: D5
Tree:
: T  86.34c W 100.00c S -14.09c (+294.1 L +292.7) N      45  --  D5
---Black(^)---
D5  : T  85.64c W 100.00c S -14.36c (+295.0 L +292.2) LCB -264.36c P  1.38% WF   4.6 PSV       5 N       1  --  D5
K17 : T  85.33c W 100.00c S -14.67c (+292.4 L +291.1) LCB -264.67c P  4.70% WF   4.8 PSV       5 N       1  --  K17
L16 : T  85.25c W 100.00c S -14.75c (+291.9 L +290.5) LCB -264.75c P  4.67% WF   4.8 PSV       5 N       1  --  L16
Q15 : T  85.43c W 100.00c S -14.57c (+293.3 L +291.3) LCB -264.57c P  4.97% WF   4.7 PSV       5 N       1  --  Q15
D10 : T  85.55c W 100.00c S -14.45c (+293.8 L +291.3) LCB -264.45c P  2.24% WF   4.7 PSV       2 N       1  --  D10
C11 : T  85.45c W 100.00c S -14.55c (+293.5 L +291.2) LCB -264.55c P  1.98% WF   4.7 PSV       2 N       1  --  C11
K18 : T  85.02c W 100.00c S -14.98c (+290.5 L +289.9) LCB -265.05c P  1.00% WF   4.9 PSV       1 N       1  --  K18
M18 : T  85.01c W 100.00c S -14.98c (+290.1 L +289.8) LCB -265.05c P  0.77% WF   4.9 PSV       0 N       1  --  M18
L4  : T  85.31c W 100.00c S -14.69c (+293.1 L +291.5) LCB -264.69c P  0.68% WF   4.9 PSV       0 N       1  --  L4
A1  : T  85.40c W 100.00c S -14.60c (+294.4 L +291.9) LCB -264.67c P  0.61% WF   4.8 PSV       0 N       1  --  A1

2025-11-16 20:38:58-0500: play D5
2025-11-16 20:38:58-0500: Controller: kata-set-param maxVisits 300
2025-11-16 20:38:58-0500: = 
2025-11-16 20:38:58-0500: Controller: kata-genmove_analyze b
2025-11-16 20:38:58-0500: =
2025-11-16 20:39:08-0500: MoveNum: 0 HASH: A09F9C1689BF36EF49A05AC5BABE5DCB
   A B C D E F G H J K L M N O P Q R S T
19 . . . . . . . . . . . . . . . . . . .
18 . . . . . . . . . . . . . . . . . . .
17 . . . X . . . . . . X . . . . . . . .
16 . . . X X . . . . X @ . . . . X X . .
15 . . . X . . . . . . . . . . . . . . .
14 . . . . . . . . . . . . . . . X . . .
13 . . . . . . . . . . . . . . . . . . .
12 . . . . . . . . . X . . . . . . . . .
11 . . . X . . . . . X . . . . . . . . .
10 . . X . . . . . . X . . . . . X X . .
 9 . . . . . . . . . . . . . . . . . . .
 8 . . . . . . . . . . . . . . . . . . .
 7 . . . . . . . . . X . . . . . . . . .
 6 . . . X . . . . . . . . . . . X . . .
 5 . . . X . . . . . . . . . . . X . . .
 4 . . . X . . . . . X . . . . . X . . .
 3 . . X . X . . . . . X . . . . X . . .
 2 . . . . . . . . . . . . . . . . . . .
 1 . . . . . . . . . . . . . . . . . . .

koPOSITIONALscoreAREAtaxNONEsui1komi7.5
Time taken: 9.38622
Root visits: 135
New playouts: 135
NN rows: 135
NN batches: 130
NN avg batch size: 1.03846
PlayoutDoublingAdvantage: -2.75
PV: L4
Tree:
: T  85.89c W 100.00c S -14.26c (+293.1 L +291.5) N     135  --  L4
---Black(^)---
L4  : T  85.85c W 100.00c S -14.15c (+293.9 L +291.4) LCB -264.15c P  0.92% WF   4.5 PSV       5 N       1  --  L4
L16 : T  85.52c W 100.00c S -14.48c (+291.7 L +290.4) LCB -264.48c P  5.28% WF   4.7 PSV       5 N       1  --  L16
Q15 : T  85.59c W 100.00c S -14.41c (+292.3 L +290.5) LCB -264.41c P  4.14% WF   4.7 PSV       4 N       1  --  Q15
K17 : T  85.43c W 100.00c S -14.57c (+290.9 L +289.7) LCB -264.57c P  2.50% WF   4.8 PSV       2 N       1  --  K17
D10 : T  85.57c W 100.00c S -14.43c (+292.4 L +290.6) LCB -264.43c P  2.08% WF   4.7 PSV       2 N       1  --  D10
C11 : T  85.58c W 100.00c S -14.42c (+292.6 L +291.2) LCB -264.42c P  1.46% WF   4.7 PSV       1 N       1  --  C11
K18 : T  85.28c W 100.00c S -14.72c (+290.4 L +290.2) LCB -264.79c P  1.05% WF   4.7 PSV       1 N       1  --  K18
M18 : T  85.39c W 100.00c S -14.61c (+290.6 L +290.5) LCB -264.68c P  0.90% WF   4.8 PSV       0 N       1  --  M18
M16 : T  85.19c W 100.00c S -14.81c (+290.0 L +289.9) LCB -264.88c P  0.72% WF   4.8 PSV       0 N       1  --  M16
L18 : T  85.46c W 100.00c S -14.54c (+291.0 L +290.4) LCB -264.61c P  0.68% WF   4.7 PSV       0 N       1  --  L18

2025-11-16 20:39:08-0500: play L16
2025-11-16 20:39:08-0500: Controller: kata-set-param maxVisits 100
2025-11-16 20:39:08-0500: = 
2025-11-16 20:39:08-0500: Controller: kata-genmove_analyze b
2025-11-16 20:39:08-0500: =
2025-11-16 20:39:16-0500: MoveNum: 0 HASH: 53F66CA9B29D278A5F379673F40AD8AC
   A B C D E F G H J K L M N O P Q R S T
19 . . . . . . . . . . . . . . . . . . .
18 . . . . . . . . . . . . . . . . . . .
17 . . . X . . . . . . X . . . . . . . .
16 . . . X X . . . . X X . . . . X X . .
15 . . . X . . . . . . . . . . . . . . .
14 . . . . . . . . . . . . . . . X . . .
13 . . . . . . . . . . . . . . . . . . .
12 . . . . . . . . . X . . . . . . . . .
11 . . . X . . . . . X . . . . . . . . .
10 . . X . . . . . . X . . . . . X X . .
 9 . . . . . . . . . . . . . . . . . . .
 8 . . . . . . . . . . . . . . . . . . .
 7 . . . . . . . . . X . . . . . . . . .
 6 . . . X . . . . . . . . . . . X . . .
 5 . . . X . . . . . . . . . . . X . . .
 4 . . . X . . . . . X . . . . . X . . .
 3 . . X @ X . . . . . X . . . . X . . .
 2 . . . . . . . . . . . . . . . . . . .
 1 . . . . . . . . . . . . . . . . . . .

koPOSITIONALscoreAREAtaxNONEsui1komi7.5
Time taken: 8.42829
Root visits: 45
New playouts: 45
NN rows: 45
NN batches: 45
NN avg batch size: 1
PlayoutDoublingAdvantage: -2.75
PV: D3
Tree:
: T  86.94c W 100.00c S -13.39c (+293.5 L +292.3) N      45  --  D3
---Black(^)---
D3  : T  86.18c W 100.00c S -13.82c (+293.6 L +291.9) LCB -263.82c P  0.80% WF   4.3 PSV       4 N       1  --  D3
Q15 : T  85.98c W 100.00c S -14.02c (+291.9 L +290.4) LCB -264.02c P  3.78% WF   4.4 PSV       4 N       1  --  Q15
L4  : T  85.97c W 100.00c S -14.03c (+291.7 L +290.1) LCB -264.03c P  1.54% WF   4.5 PSV       2 N       1  --  L4
C11 : T  85.99c W 100.00c S -14.01c (+292.0 L +290.8) LCB -264.01c P  1.04% WF   4.4 PSV       1 N       1  --  C11
D2  : T  85.86c W 100.00c S -14.14c (+292.2 L +292.3) LCB -264.22c P  1.04% WF   4.5 PSV       1 N       1  --  D2
K3  : T  85.86c W 100.00c S -14.14c (+291.1 L +290.1) LCB -264.14c P  0.98% WF   4.5 PSV       1 N       1  --  K3
D10 : T  85.79c W 100.00c S -14.21c (+290.6 L +289.7) LCB -264.21c P  0.74% WF   4.5 PSV       1 N       1  --  D10
A19 : T  86.15c W 100.00c S -13.85c (+294.2 L +291.7) LCB -263.94c P  0.69% WF   4.4 PSV       1 N       1  --  A19
A1  : T  85.84c W 100.00c S -14.16c (+293.0 L +291.7) LCB -264.24c P  0.70% WF   4.5 PSV       0 N       1  --  A1
T19 : T  86.12c W 100.00c S -13.88c (+294.2 L +292.0) LCB -263.96c P  0.62% WF   4.4 PSV       0 N       1  --  T19

2025-11-16 20:39:16-0500: play D3
2025-11-16 20:39:16-0500: Controller: kata-set-param maxVisits 100
2025-11-16 20:39:16-0500: = 
2025-11-16 20:39:16-0500: Controller: kata-genmove_analyze b
2025-11-16 20:39:16-0500: =
2025-11-16 20:39:25-0500: MoveNum: 0 HASH: A7ACD5B60774BA3CC0CFB92FC834DC04
   A B C D E F G H J K L M N O P Q R S T
19 . . . . . . . . . . . . . . . . . . .
18 . . . . . . . . . . . . . . . . . . .
17 . . . X . . . . . . X . . . . . . . .
16 . . . X X . . . . X X . . . . X X . .
15 . . . X . . . . . . . . . . . . . . .
14 . . . . . . . . . . . . . . . X . . .
13 . . . . . . . . . . . . . . . . . . .
12 . . . . . . . . . X . . . . . . . . .
11 . . @ X . . . . . X . . . . . . . . .
10 . . X . . . . . . X . . . . . X X . .
 9 . . . . . . . . . . . . . . . . . . .
 8 . . . . . . . . . . . . . . . . . . .
 7 . . . . . . . . . X . . . . . . . . .
 6 . . . X . . . . . . . . . . . X . . .
 5 . . . X . . . . . . . . . . . X . . .
 4 . . . X . . . . . X . . . . . X . . .
 3 . . X X X . . . . . X . . . . X . . .
 2 . . . . . . . . . . . . . . . . . . .
 1 . . . . . . . . . . . . . . . . . . .

koPOSITIONALscoreAREAtaxNONEsui1komi7.5
Time taken: 9.18924
Root visits: 45
New playouts: 45
NN rows: 45
NN batches: 44
NN avg batch size: 1.02273
PlayoutDoublingAdvantage: -2.75
PV: T19
Tree:
: T  87.05c W 100.00c S -13.27c (+293.9 L +292.9) N      45  --  T19
---Black(^)---
T19 : T  86.27c W 100.00c S -13.73c (+294.8 L +292.8) LCB -263.82c P  0.69% WF   4.3 PSV       4 N       1  --  T19
Q15 : T  85.96c W 100.00c S -14.04c (+291.0 L +290.4) LCB -264.04c P  2.90% WF   4.5 PSV       4 N       1  --  Q15
C11 : T  85.96c W 100.00c S -14.04c (+291.4 L +290.9) LCB -264.04c P  2.32% WF   4.5 PSV       4 N       1  --  C11
L4  : T  86.16c W 100.00c S -13.84c (+292.4 L +290.8) LCB -263.84c P  1.76% WF   4.3 PSV       3 N       1  --  L4
D10 : T  86.05c W 100.00c S -13.95c (+292.2 L +290.9) LCB -263.95c P  1.61% WF   4.4 PSV       3 N       1  --  D10
K3  : T  86.09c W 100.00c S -13.91c (+292.7 L +291.3) LCB -263.91c P  0.69% WF   4.4 PSV       1 N       1  --  K3
A1  : T  85.98c W 100.00c S -14.02c (+293.2 L +291.9) LCB -264.10c P  0.69% WF   4.5 PSV       1 N       1  --  A1
B11 : T  85.97c W 100.00c S -14.03c (+292.5 L +292.1) LCB -264.11c P  0.67% WF   4.4 PSV       1 N       1  --  B11
A19 : T  86.09c W 100.00c S -13.91c (+294.0 L +292.5) LCB -263.99c P  0.66% WF   4.4 PSV       1 N       1  --  A19
T1  : T  86.03c W 100.00c S -13.97c (+293.6 L +292.4) LCB -264.05c P  0.61% WF   4.4 PSV       1 N       1  --  T1

2025-11-16 20:39:25-0500: play C11
2025-11-16 20:39:25-0500: Controller: kata-set-param maxVisits 100
2025-11-16 20:39:25-0500: = 
2025-11-16 20:39:25-0500: Controller: kata-genmove_analyze b
2025-11-16 20:39:25-0500: =
2025-11-16 20:39:34-0500: MoveNum: 0 HASH: 43B76F2619D2B7F1D9BC194C51DA9929
   A B C D E F G H J K L M N O P Q R S T
19 . . . . . . . . . . . . . . . . . . .
18 . . . . . . . . . . . . . . . . . . .
17 . . . X . . . . . . X . . . . . . . .
16 . . . X X . . . . X X . . . . X X . .
15 . . . X . . . . . . . . . . . @ . . .
14 . . . . . . . . . . . . . . . X . . .
13 . . . . . . . . . . . . . . . . . . .
12 . . . . . . . . . X . . . . . . . . .
11 . . X X . . . . . X . . . . . . . . .
10 . . X . . . . . . X . . . . . X X . .
 9 . . . . . . . . . . . . . . . . . . .
 8 . . . . . . . . . . . . . . . . . . .
 7 . . . . . . . . . X . . . . . . . . .
 6 . . . X . . . . . . . . . . . X . . .
 5 . . . X . . . . . . . . . . . X . . .
 4 . . . X . . . . . X . . . . . X . . .
 3 . . X X X . . . . . X . . . . X . . .
 2 . . . . . . . . . . . . . . . . . . .
 1 . . . . . . . . . . . . . . . . . . .

koPOSITIONALscoreAREAtaxNONEsui1komi7.5
Time taken: 8.57939
Root visits: 45
New playouts: 45
NN rows: 45
NN batches: 45
NN avg batch size: 1
PlayoutDoublingAdvantage: -2.75
PV: Q15
Tree:
: T  87.06c W 100.00c S -13.24c (+293.5 L +292.8) N      45  --  Q15
---Black(^)---
Q15 : T  86.09c W 100.00c S -13.91c (+291.2 L +290.6) LCB -263.91c P  5.26% WF   4.4 PSV       4 N       1  --  Q15
L4  : T  85.95c W 100.00c S -14.05c (+291.1 L +290.3) LCB -264.05c P  1.33% WF   4.4 PSV       1 N       1  --  L4
K3  : T  85.91c W 100.00c S -14.09c (+291.0 L +290.6) LCB -264.09c P  1.05% WF   4.5 PSV       1 N       1  --  K3
A1  : T  86.00c W 100.00c S -14.00c (+293.1 L +292.3) LCB -264.08c P  0.90% WF   4.4 PSV       0 N       1  --  A1
T1  : T  86.07c W 100.00c S -13.93c (+293.1 L +291.5) LCB -264.01c P  0.70% WF   4.4 PSV       0 N       1  --  T1
S17 : T  85.94c W 100.00c S -14.06c (+290.6 L +290.8) LCB -264.14c P  0.64% WF   4.5 PSV       0 N       1  --  S17
A19 : T  86.21c W 100.00c S -13.79c (+293.9 L +292.1) LCB -263.87c P  0.62% WF   4.3 PSV       0 N       1  --  A19
K2  : T  85.86c W 100.00c S -14.14c (+291.3 L +291.2) LCB -264.23c P  0.62% WF   4.5 PSV       0 N       1  --  K2
C18 : T  85.89c W 100.00c S -14.11c (+291.7 L +291.4) LCB -264.20c P  0.59% WF   4.4 PSV       0 N       1  --  C18
T19 : T  86.68c W 100.00c S -13.32c (+296.4 L +293.5) LCB -263.41c P  0.59% WF   4.1 PSV       0 N       1  --  T19

2025-11-16 20:39:34-0500: play Q15
2025-11-16 20:39:34-0500: Controller: kata-set-param maxVisits 100
2025-11-16 20:39:34-0500: = 
2025-11-16 20:39:34-0500: Controller: kata-genmove_analyze b
2025-11-16 20:39:34-0500: =
2025-11-16 20:39:43-0500: MoveNum: 0 HASH: 4A047EF253532A22AF1A0C4AB4BC1F03
   A B C D E F G H J K L M N O P Q R S T
19 . . . . . . . . . . . . . . . . . . .
18 . . . . . . . . . . . . . . . . . . .
17 . . . X . . . . . . X . . . . . . . .
16 . . . X X . . . . X X . . . . X X . .
15 . . . X . . . . . . . . . . . X . . .
14 . . . . . . . . . . . . . . . X . . .
13 . . . . . . . . . . . . . . . . . . .
12 . . . . . . . . . X . . . . . . . . .
11 . . X X . . . . . X . . . . . . . . .
10 . . X . . . . . . X . . . . . X X . .
 9 . . . . . . . . . . . . . . . . . . .
 8 . . . . . . . . . . . . . . . . . . .
 7 . . . . . . . . . X . . . . . . . . .
 6 . . . X . . . . . . . . . . . X . . .
 5 . . . X . . . . . . . . . . . X . . .
 4 . . . X . . . . . X @ . . . . X . . .
 3 . . X X X . . . . . X . . . . X . . .
 2 . . . . . . . . . . . . . . . . . . .
 1 . . . . . . . . . . . . . . . . . . .

koPOSITIONALscoreAREAtaxNONEsui1komi7.5
Time taken: 8.73397
Root visits: 45
New playouts: 45
NN rows: 45
NN batches: 44
NN avg batch size: 1.02273
PlayoutDoublingAdvantage: -2.75
PV: T19
Tree:
: T  87.25c W 100.00c S -13.03c (+293.1 L +292.6) N      45  --  T19
---Black(^)---
T19 : T  86.50c W 100.00c S -13.50c (+294.0 L +292.4) LCB -263.59c P  0.76% WF   4.2 PSV       4 N       1  --  T19
L4  : T  86.13c W 100.00c S -13.87c (+290.1 L +290.0) LCB -263.87c P  2.57% WF   4.5 PSV       4 N       1  --  L4
K3  : T  86.04c W 100.00c S -13.96c (+290.1 L +290.4) LCB -263.96c P  1.30% WF   4.5 PSV       2 N       1  --  K3
A1  : T  86.21c W 100.00c S -13.79c (+292.7 L +292.1) LCB -263.88c P  0.82% WF   4.4 PSV       1 N       1  --  A1
A19 : T  86.39c W 100.00c S -13.61c (+293.4 L +292.0) LCB -263.70c P  0.81% WF   4.3 PSV       1 N       1  --  A19
K2  : T  86.06c W 100.00c S -13.94c (+290.5 L +290.8) LCB -264.03c P  0.75% WF   4.5 PSV       1 N       1  --  K2
T1  : T  86.43c W 100.00c S -13.57c (+293.6 L +292.1) LCB -263.66c P  0.69% WF   4.3 PSV       1 N       1  --  T1
J3  : T  85.95c W 100.00c S -14.05c (+290.3 L +291.1) LCB -264.14c P  0.67% WF   4.5 PSV       1 N       1  --  J3
C18 : T  86.18c W 100.00c S -13.82c (+291.6 L +291.3) LCB -263.91c P  0.66% WF   4.4 PSV       1 N       1  --  C18
D9  : T  85.94c W 100.00c S -14.06c (+291.0 L +291.5) LCB -264.15c P  0.58% WF   4.4 PSV       1 N       1  --  D9

2025-11-16 20:39:43-0500: play L4
2025-11-16 20:39:43-0500: Controller: kata-set-param maxVisits 100
2025-11-16 20:39:43-0500: = 
2025-11-16 20:39:43-0500: Controller: kata-genmove_analyze b
2025-11-16 20:39:43-0500: =
2025-11-16 20:39:51-0500: MoveNum: 0 HASH: EC1CF962D2E5662E43A97AD8C6A967B6
   A B C D E F G H J K L M N O P Q R S T
19 . . . . . . . . . . . . . . . . . . .
18 @ . . . . . . . . . . . . . . . . . .
17 . . . X . . . . . . X . . . . . . . .
16 . . . X X . . . . X X . . . . X X . .
15 . . . X . . . . . . . . . . . X . . .
14 . . . . . . . . . . . . . . . X . . .
13 . . . . . . . . . . . . . . . . . . .
12 . . . . . . . . . X . . . . . . . . .
11 . . X X . . . . . X . . . . . . . . .
10 . . X . . . . . . X . . . . . X X . .
 9 . . . . . . . . . . . . . . . . . . .
 8 . . . . . . . . . . . . . . . . . . .
 7 . . . . . . . . . X . . . . . . . . .
 6 . . . X . . . . . . . . . . . X . . .
 5 . . . X . . . . . . . . . . . X . . .
 4 . . . X . . . . . X X . . . . X . . .
 3 . . X X X . . . . . X . . . . X . . .
 2 . . . . . . . . . . . . . . . . . . .
 1 . . . . . . . . . . . . . . . . . . .

koPOSITIONALscoreAREAtaxNONEsui1komi7.5
Time taken: 8.06951
Root visits: 45
New playouts: 45
NN rows: 45
NN batches: 45
NN avg batch size: 1
PlayoutDoublingAdvantage: -2.75
PV: T19
Tree:
: T  87.46c W 100.00c S -12.80c (+293.2 L +292.9) N      45  --  T19
---Black(^)---
T19 : T  86.73c W 100.00c S -13.27c (+294.3 L +292.2) LCB -263.37c P  0.73% WF   4.1 PSV       5 N       1  --  T19
T1  : T  86.58c W 100.00c S -13.42c (+293.2 L +291.5) LCB -263.52c P  0.85% WF   4.2 PSV       4 N       1  --  T1
A1  : T  86.43c W 100.00c S -13.57c (+293.1 L +292.1) LCB -263.67c P  0.78% WF   4.3 PSV       4 N       1  --  A1
A19 : T  86.69c W 100.00c S -13.31c (+293.9 L +291.7) LCB -263.41c P  0.69% WF   4.1 PSV       4 N       1  --  A19
R2  : T  86.39c W 100.00c S -13.61c (+292.0 L +291.5) LCB -263.70c P  0.77% WF   4.3 PSV       3 N       1  --  R2
E18 : T  86.34c W 100.00c S -13.66c (+291.1 L +291.3) LCB -263.75c P  0.72% WF   4.4 PSV       3 N       1  --  E18
K18 : T  86.48c W 100.00c S -13.52c (+291.9 L +292.2) LCB -263.62c P  0.66% WF   4.3 PSV       3 N       1  --  K18
C18 : T  86.50c W 100.00c S -13.50c (+291.7 L +291.6) LCB -263.60c P  0.65% WF   4.3 PSV       3 N       1  --  C18
M18 : T  86.39c W 100.00c S -13.61c (+291.0 L +291.6) LCB -263.70c P  0.63% WF   4.4 PSV       3 N       1  --  M18
S17 : T  86.31c W 100.00c S -13.69c (+291.0 L +291.3) LCB -263.78c P  0.63% WF   4.3 PSV       2 N       1  --  S17

2025-11-16 20:39:51-0500: play A18
2025-11-16 20:39:51-0500: Controller: kata-set-param maxVisits 300
2025-11-16 20:39:51-0500: = 
2025-11-16 20:39:51-0500: Controller: kata-genmove_analyze b
2025-11-16 20:39:51-0500: =
2025-11-16 20:40:00-0500: MoveNum: 0 HASH: 3E29D707A811DDA60F18D5266CF1171E
   A B C D E F G H J K L M N O P Q R S T
19 . . . . . . . . . . . . . . . . . . .
18 X . . . . . . . . . . . . . . . . . .
17 . . . X . . . . . . X . . . . . . . .
16 . . . X X . . . . X X . . . . X X . .
15 . . . X . . . . . . . . . . . X . . .
14 . . . . . . . . . . . . . . . X . . .
13 . . . . . . . . . . . . . . . . . . .
12 . . . . . . . . . X . . . . . . . . .
11 . . X X . . . . . X . . . . . . . . .
10 . . X . . . . . . X . . . . . X X . .
 9 . . . . . . . . . . . . . . . . . . .
 8 . . . . . . . . . . . . . . . . . . .
 7 . . . . . . . . . X . . . . . . . . .
 6 . . . X . . . . . . . . . . . X . . .
 5 . . . X . . . . . . . . . . . X . . .
 4 . . . X . . . . . X X . . . . X . . .
 3 . . X X X . . . . . X . . . . X . . .
 2 . . . . . . . . . . . . . . . . . . .
 1 @ . . . . . . . . . . . . . . . . . .

koPOSITIONALscoreAREAtaxNONEsui1komi7.5
Time taken: 9.49119
Root visits: 135
New playouts: 135
NN rows: 135
NN batches: 133
NN avg batch size: 1.01504
PlayoutDoublingAdvantage: -2.75
PV: T19
Tree:
: T  86.70c W 100.00c S -13.39c (+291.6 L +291.3) N     135  --  T19
---Black(^)---
T19 : T  86.69c W 100.00c S -13.31c (+293.9 L +291.9) LCB -263.41c P  0.81% WF   4.1 PSV       5 N       1  --  T19
A1  : T  86.61c W 100.00c S -13.39c (+292.8 L +291.7) LCB -263.49c P  0.87% WF   4.2 PSV       5 N       1  --  A1
C18 : T  86.51c W 100.00c S -13.49c (+291.8 L +291.5) LCB -263.59c P  0.89% WF   4.2 PSV       4 N       1  --  C18
B17 : T  86.43c W 100.00c S -13.57c (+291.6 L +291.6) LCB -263.67c P  0.79% WF   4.3 PSV       4 N       1  --  B17
T1  : T  86.64c W 100.00c S -13.36c (+293.3 L +291.7) LCB -263.46c P  0.74% WF   4.2 PSV       4 N       1  --  T1
R2  : T  86.49c W 100.00c S -13.51c (+291.6 L +291.5) LCB -263.61c P  0.69% WF   4.2 PSV       4 N       1  --  R2
D9  : T  86.19c W 100.00c S -13.81c (+290.9 L +291.5) LCB -263.91c P  0.72% WF   4.4 PSV       3 N       1  --  D9
S17 : T  86.35c W 100.00c S -13.65c (+290.3 L +290.7) LCB -263.75c P  0.59% WF   4.3 PSV       3 N       1  --  S17
K18 : T  86.43c W 100.00c S -13.57c (+291.5 L +291.8) LCB -263.67c P  0.58% WF   4.3 PSV       3 N       1  --  K18
K2  : T  86.41c W 100.00c S -13.59c (+291.2 L +291.5) LCB -263.69c P  0.56% WF   4.3 PSV       3 N       1  --  K2

2025-11-16 20:40:00-0500: play A1
2025-11-16 20:40:00-0500: Controller: kata-set-param maxVisits 100
2025-11-16 20:40:00-0500: = 
2025-11-16 20:40:00-0500: Controller: kata-genmove_analyze b
2025-11-16 20:40:00-0500: =
2025-11-16 20:40:09-0500: MoveNum: 0 HASH: F3F381AD2B6A2ABFA98201FD94F24124
   A B C D E F G H J K L M N O P Q R S T
19 . . . . . . . . . . . . . . . . . . .
18 X . . . . . . . . . . . . . . . . . .
17 . . . X . . . . . . X . . . . . . . .
16 . . . X X . . . . X X . . . . X X . .
15 . . . X . . . . . . . . . . . X . . .
14 . . . . . . . . . . . . . . . X . . .
13 . . . . . . . . . . . . . . . . . . .
12 . . . . . . . . . X . . . . . . . . .
11 . . X X . . . . . X . . . . . . . . .
10 . . X . . . . . . X . . . . . X X . .
 9 . . . . . . . . . . . . . . . . . . .
 8 . . . . . . . . . . . . . . . . . . .
 7 . . . . . . . . . X . . . . . . . . .
 6 . . . X . . . . . . . . . . . X . . .
 5 . . . X . . . . . . . . . . . X . . .
 4 . . . X . . . . . X X . . . . X . . .
 3 . . X X X . . . . . X . . . . X . . .
 2 . @ . . . . . . . . . . . . . . . . .
 1 X . . . . . . . . . . . . . . . . . .

koPOSITIONALscoreAREAtaxNONEsui1komi7.5
Time taken: 8.73951
Root visits: 45
New playouts: 45
NN rows: 45
NN batches: 44
NN avg batch size: 1.02273
PlayoutDoublingAdvantage: -2.75
PV: B2
Tree:
: T  87.35c W 100.00c S -12.91c (+293.3 L +292.8) N      45  --  B2
---Black(^)---
B2  : T  86.52c W 100.00c S -13.48c (+293.0 L +292.9) LCB -263.58c P  5.21% WF   4.3 PSV       4 N       1  --  B2
C18 : T  86.45c W 100.00c S -13.55c (+292.0 L +291.6) LCB -263.65c P  0.88% WF   4.2 PSV       0 N       1  --  C18
T1  : T  86.56c W 100.00c S -13.44c (+293.4 L +291.6) LCB -263.54c P  0.72% WF   4.2 PSV       0 N       1  --  T1
T19 : T  86.90c W 100.00c S -13.09c (+295.1 L +292.5) LCB -263.20c P  0.66% WF   4.0 PSV       0 N       1  --  T19
B17 : T  86.37c W 100.00c S -13.63c (+291.9 L +291.6) LCB -263.73c P  0.65% WF   4.2 PSV       0 N       1  --  B17
R2  : T  86.18c W 100.00c S -13.82c (+290.6 L +290.4) LCB -263.92c P  0.61% WF   4.3 PSV       0 N       1  --  R2
K18 : T  86.33c W 100.00c S -13.67c (+291.3 L +291.6) LCB -263.77c P  0.58% WF   4.3 PSV       0 N       1  --  K18
M18 : T  86.32c W 100.00c S -13.68c (+290.9 L +291.4) LCB -263.78c P  0.56% WF   4.4 PSV       0 N       1  --  M18
D9  : T  86.06c W 100.00c S -13.94c (+290.9 L +291.4) LCB -264.03c P  0.55% WF   4.4 PSV       0 N       1  --  D9
E18 : T  86.19c W 100.00c S -13.81c (+290.7 L +290.8) LCB -263.90c P  0.55% WF   4.4 PSV       0 N       1  --  E18

2025-11-16 20:40:09-0500: play B2
2025-11-16 20:40:09-0500: Controller: kata-set-param maxVisits 100
2025-11-16 20:40:09-0500: = 
2025-11-16 20:40:09-0500: Controller: kata-genmove_analyze b
2025-11-16 20:40:09-0500: =
2025-11-16 20:40:18-0500: MoveNum: 0 HASH: 2A631364B2497C810C945D71BD5282E0
   A B C D E F G H J K L M N O P Q R S T
19 . . . . . . . . . . . . . . . . . . .
18 X . . . . . . . . . . . . . . . . . .
17 . . . X . . . . . . X . . . . . . . .
16 . . . X X . . . . X X . . . . X X . .
15 . . . X . . . . . . . . . . . X . . .
14 . . . . . . . . . . . . . . . X . . .
13 . . . . . . . . . . . . . . . . . . .
12 . . . . . . . . . X . . . . . . . . .
11 . . X X . . . . . X . . . . . . . . .
10 . . X . . . . . . X . . . . . X X . .
 9 . . . . . . . . . . . . . . . . . . .
 8 . . . . . . . . . . . . . . . . . . .
 7 . . . . . . . . . X . . . . . . . . .
 6 . . . X . . . . . . . . . . . X . . .
 5 . . . X . . . . . . . . . . . X . . .
 4 . . . X . . . . . X X . . . . X . . .
 3 . @ X X X . . . . . X . . . . X . . .
 2 . X . . . . . . . . . . . . . . . . .
 1 X . . . . . . . . . . . . . . . . . .

koPOSITIONALscoreAREAtaxNONEsui1komi7.5
Time taken: 9.25765
Root visits: 45
New playouts: 45
NN rows: 45
NN batches: 44
NN avg batch size: 1.02273
PlayoutDoublingAdvantage: -2.75
PV: T1
Tree:
: T  87.42c W 100.00c S -12.84c (+293.1 L +293.0) N      45  --  T1
---Black(^)---
T1  : T  86.80c W 100.00c S -13.20c (+294.2 L +292.4) LCB -263.30c P  0.71% WF   4.1 PSV       4 N       1  --  T1
C2  : T  86.51c W 100.00c S -13.49c (+292.8 L +292.5) LCB -263.49c P  1.59% WF   4.3 PSV       4 N       1  --  C2
B3  : T  86.48c W 100.00c S -13.52c (+292.7 L +292.6) LCB -263.52c P  1.21% WF   4.3 PSV       3 N       1  --  B3
C18 : T  86.58c W 100.00c S -13.42c (+292.8 L +292.4) LCB -263.52c P  0.93% WF   4.2 PSV       3 N       1  --  C18
D9  : T  86.13c W 100.00c S -13.87c (+291.0 L +291.6) LCB -263.96c P  0.81% WF   4.3 PSV       2 N       1  --  D9
B17 : T  86.41c W 100.00c S -13.59c (+291.8 L +291.8) LCB -263.68c P  0.81% WF   4.3 PSV       2 N       1  --  B17
T19 : T  86.58c W 100.00c S -13.42c (+293.6 L +291.9) LCB -263.52c P  0.77% WF   4.1 PSV       2 N       1  --  T19
R2  : T  86.37c W 100.00c S -13.63c (+291.8 L +291.6) LCB -263.73c P  0.71% WF   4.3 PSV       2 N       1  --  R2
J3  : T  86.24c W 100.00c S -13.76c (+291.1 L +291.7) LCB -263.85c P  0.62% WF   4.3 PSV       1 N       1  --  J3
B4  : T  86.50c W 100.00c S -13.50c (+293.4 L +293.2) LCB -263.60c P  0.62% WF   4.4 PSV       1 N       1  --  B4

2025-11-16 20:40:18-0500: play B3
2025-11-16 20:40:18-0500: Controller: kata-set-param maxVisits 100
2025-11-16 20:40:18-0500: = 
2025-11-16 20:40:18-0500: Controller: kata-genmove_analyze b
2025-11-16 20:40:18-0500: =
2025-11-16 20:40:28-0500: MoveNum: 0 HASH: 3EA8A3EFD5708117F46AEE0EB020028D
   A B C D E F G H J K L M N O P Q R S T
19 . . . . . . . . . . . . . . @ . . . .
18 X . . . . . . . . . . . . . . . . . .
17 . . . X . . . . . . X . . . . . . . .
16 . . . X X . . . . X X . . . . X X . .
15 . . . X . . . . . . . . . . . X . . .
14 . . . . . . . . . . . . . . . X . . .
13 . . . . . . . . . . . . . . . . . . .
12 . . . . . . . . . X . . . . . . . . .
11 . . X X . . . . . X . . . . . . . . .
10 . . X . . . . . . X . . . . . X X . .
 9 . . . . . . . . . . . . . . . . . . .
 8 . . . . . . . . . . . . . . . . . . .
 7 . . . . . . . . . X . . . . . . . . .
 6 . . . X . . . . . . . . . . . X . . .
 5 . . . X . . . . . . . . . . . X . . .
 4 . . . X . . . . . X X . . . . X . . .
 3 . X X X X . . . . . X . . . . X . . .
 2 . X . . . . . . . . . . . . . . . . .
 1 X . . . . . . . . . . . . . . . . . .

koPOSITIONALscoreAREAtaxNONEsui1komi7.5
Time taken: 9.27283
Root visits: 45
New playouts: 45
NN rows: 45
NN batches: 45
NN avg batch size: 1
PlayoutDoublingAdvantage: -2.75
PV: T19
Tree:
: T  87.40c W 100.00c S -12.86c (+293.7 L +293.6) N      45  --  T19
---Black(^)---
T19 : T  86.82c W 100.00c S -13.18c (+295.1 L +293.0) LCB -263.28c P  0.80% WF   4.1 PSV       5 N       1  --  T19
C18 : T  86.54c W 100.00c S -13.46c (+293.2 L +292.9) LCB -263.56c P  0.95% WF   4.2 PSV       4 N       1  --  C18
D9  : T  86.25c W 100.00c S -13.75c (+292.0 L +292.3) LCB -263.84c P  0.85% WF   4.3 PSV       3 N       1  --  D9
B17 : T  86.38c W 100.00c S -13.62c (+292.6 L +292.9) LCB -263.72c P  0.83% WF   4.3 PSV       3 N       1  --  B17
T1  : T  86.50c W 100.00c S -13.50c (+293.3 L +292.0) LCB -263.60c P  0.73% WF   4.2 PSV       3 N       1  --  T1
R2  : T  86.40c W 100.00c S -13.60c (+292.1 L +292.2) LCB -263.70c P  0.73% WF   4.3 PSV       3 N       1  --  R2
B1  : T  86.50c W 100.00c S -13.50c (+293.6 L +293.0) LCB -263.50c P  0.57% WF   4.2 PSV       3 N       1  --  B1
J3  : T  86.17c W 100.00c S -13.83c (+291.7 L +292.3) LCB -263.92c P  0.65% WF   4.4 PSV       2 N       1  --  J3
S17 : T  86.21c W 100.00c S -13.79c (+290.8 L +291.3) LCB -263.88c P  0.63% WF   4.4 PSV       2 N       1  --  S17
K18 : T  86.22c W 100.00c S -13.78c (+291.4 L +292.1) LCB -263.87c P  0.61% WF   4.4 PSV       2 N       1  --  K18

2025-11-16 20:40:28-0500: play P19
2025-11-16 20:40:28-0500: Controller: kata-set-param maxVisits 100
2025-11-16 20:40:28-0500: = 
2025-11-16 20:40:28-0500: Controller: kata-genmove_analyze b
2025-11-16 20:40:28-0500: =
2025-11-16 20:40:36-0500: MoveNum: 0 HASH: CC3EE24E18BC33F35B82B96E24F2B91B
   A B C D E F G H J K L M N O P Q R S T
19 . . . . . . . . . . . . . . X . . . .
18 X . . . . . . . . . . . . . . . . . .
17 . . . X . . . . . . X . . . . . . . .
16 . . . X X . . . . X X . . . . X X . .
15 . . . X . . . . . . . . . . . X . . .
14 . . . . . . . . . . . . . . . X . . .
13 . . . . . . . . . . . . . . . . . . .
12 . . . . . . . . . X . . . . . . . . .
11 . . X X . . . . . X . . . . . . . . .
10 . . X . . . . . . X . . . . . X X . .
 9 . . . . . . . . . . . . . . . . . . .
 8 . . . . . . . . . . . . . . . . . . .
 7 . . . . . . . . . X . . . . . . . . .
 6 . . . X . . . . . . . . . . . X . . .
 5 . . . X . . . . . . . . . . . X . . .
 4 . . . X . . . . . X X . . . . X . . .
 3 . X X X X . . . @ . X . . . . X . . .
 2 . X . . . . . . . . . . . . . . . . .
 1 X . . . . . . . . . . . . . . . . . .

koPOSITIONALscoreAREAtaxNONEsui1komi7.5
Time taken: 8.04058
Root visits: 45
New playouts: 45
NN rows: 45
NN batches: 45
NN avg batch size: 1
PlayoutDoublingAdvantage: -2.75
PV: D2
Tree:
: T  87.20c W 100.00c S -13.08c (+292.5 L +293.1) N      45  --  D2
---Black(^)---
D2  : T  86.58c W 100.00c S -13.42c (+293.9 L +294.5) LCB -263.52c P  0.39% WF   4.4 PSV       5 N       1  --  D2
C18 : T  86.44c W 100.00c S -13.56c (+291.9 L +292.1) LCB -263.66c P  1.02% WF   4.3 PSV       5 N       1  --  C18
Q18 : T  86.32c W 100.00c S -13.68c (+291.1 L +292.0) LCB -263.78c P  1.18% WF   4.4 PSV       4 N       1  --  Q18
B17 : T  86.22c W 100.00c S -13.78c (+291.0 L +291.7) LCB -263.87c P  0.92% WF   4.3 PSV       3 N       1  --  B17
D9  : T  85.97c W 100.00c S -14.03c (+290.5 L +291.6) LCB -264.12c P  0.92% WF   4.4 PSV       3 N       1  --  D9
R2  : T  86.14c W 100.00c S -13.86c (+290.6 L +291.3) LCB -263.95c P  0.78% WF   4.4 PSV       3 N       1  --  R2
T19 : T  86.36c W 100.00c S -13.64c (+292.3 L +291.8) LCB -263.73c P  0.72% WF   4.3 PSV       3 N       1  --  T19
T1  : T  86.46c W 100.00c S -13.54c (+292.6 L +291.9) LCB -263.63c P  0.70% WF   4.3 PSV       3 N       1  --  T1
J3  : T  86.10c W 100.00c S -13.90c (+291.1 L +292.2) LCB -263.99c P  0.66% WF   4.4 PSV       2 N       1  --  J3
P17 : T  86.31c W 100.00c S -13.69c (+291.5 L +292.4) LCB -263.78c P  0.66% WF   4.3 PSV       2 N       1  --  P17

2025-11-16 20:40:36-0500: play J3
2025-11-16 20:40:36-0500: Controller: kata-set-param maxVisits 100
2025-11-16 20:40:36-0500: = 
2025-11-16 20:40:36-0500: Controller: kata-genmove_analyze b
2025-11-16 20:40:36-0500: =
2025-11-16 20:40:45-0500: MoveNum: 0 HASH: BAB5ABCCE504F6969894FE23ECD7CA89
   A B C D E F G H J K L M N O P Q R S T
19 . . . . . . . . . . . . . . X . . . .
18 X . . . . . . . . . . . . . . . . . .
17 . . . X . . . . . . X . . . . . . . .
16 . . . X X . . . . X X . . . . X X . .
15 . . . X . . . . . . . . . . . X . . .
14 . . . . . . . . . . . . . . . X . . .
13 . . . . . . . . . . . . . . . . . . .
12 . . . . . . . . . X . . . . . . . . .
11 . . X X . . . . . X . . . . . . . . .
10 . . X . . . . . . X . . . . . X X . .
 9 . . . . . . . . . . . . . . . . . . .
 8 . . . . . . . . . . . . . . . . . . .
 7 . . . . . . . . . X . . . . . . . . .
 6 . . . X . . . . . . . . . . . X . . .
 5 . . . X . . . . . . . . . . . X . . .
 4 . . . X . . . . . X X . . . . X . . .
 3 . X X X X . . . X . X . . . . X . . .
 2 . X . . . . . . . . . . . . . . . . .
 1 X @ . . . . . . . . . . . . . . . . .

koPOSITIONALscoreAREAtaxNONEsui1komi7.5
Time taken: 8.9524
Root visits: 45
New playouts: 45
NN rows: 45
NN batches: 45
NN avg batch size: 1
PlayoutDoublingAdvantage: -2.75
PV: K2
Tree:
: T  87.17c W 100.00c S -13.12c (+292.6 L +293.2) N      45  --  K2
---Black(^)---
K2  : T  86.57c W 100.00c S -13.43c (+292.9 L +294.3) LCB -263.53c P  1.76% WF   4.4 PSV       4 N       1  --  K2
Q18 : T  86.24c W 100.00c S -13.76c (+291.3 L +291.8) LCB -263.85c P  1.42% WF   4.4 PSV       3 N       1  --  Q18
J4  : T  85.96c W 100.00c S -14.04c (+289.5 L +290.3) LCB -264.04c P  1.36% WF   4.4 PSV       3 N       1  --  J4
B17 : T  86.27c W 100.00c S -13.73c (+291.5 L +291.9) LCB -263.83c P  0.99% WF   4.3 PSV       2 N       1  --  B17
R2  : T  86.03c W 100.00c S -13.97c (+290.5 L +291.1) LCB -264.05c P  0.91% WF   4.4 PSV       2 N       1  --  R2
H4  : T  86.11c W 100.00c S -13.89c (+291.4 L +292.5) LCB -263.98c P  0.83% WF   4.4 PSV       2 N       1  --  H4
C18 : T  86.27c W 100.00c S -13.73c (+291.7 L +292.1) LCB -263.82c P  0.76% WF   4.4 PSV       2 N       1  --  C18
F4  : T  86.14c W 100.00c S -13.86c (+291.5 L +292.6) LCB -263.95c P  0.80% WF   4.4 PSV       1 N       1  --  F4
P17 : T  86.07c W 100.00c S -13.93c (+290.8 L +291.7) LCB -264.02c P  0.79% WF   4.4 PSV       1 N       1  --  P17
D9  : T  85.96c W 100.00c S -14.04c (+290.8 L +291.7) LCB -264.13c P  0.75% WF   4.4 PSV       1 N       1  --  D9

2025-11-16 20:40:45-0500: play B1
2025-11-16 20:40:45-0500: Controller: kata-set-param maxVisits 300
2025-11-16 20:40:45-0500: = 
2025-11-16 20:40:45-0500: Controller: kata-genmove_analyze b
2025-11-16 20:40:45-0500: =
2025-11-16 20:40:54-0500: MoveNum: 0 HASH: 392FF340AFA86B493A42585A8AEE76C3
   A B C D E F G H J K L M N O P Q R S T
19 . . . . . . . . . . . . . . X . . . .
18 X . . . . . . . . . . . . . . . . . .
17 . . . X . . . . . . X . . . . . . . .
16 . . . X X . . . . X X . . . . X X . .
15 . . . X . . . . . . . . . . . X . . .
14 . . . . . . . . . . . . . . . X . . .
13 . . . . . . . . . . . . . . . . . . .
12 . . . . . . . . . X . . . . . . . . .
11 . . X X . . . . . X . . . . . . . . .
10 . . X . . . . . . X . . . . . X X . .
 9 . . . . . . . . . . . . . . . . . . .
 8 . . . . . . . . . . . . . . . . . . .
 7 . . . . . . . . . X . . . . . . . . .
 6 . . . X . . . . @ . . . . . . X . . .
 5 . . . X . . . . . . . . . . . X . . .
 4 . . . X . . . . . X X . . . . X . . .
 3 . X X X X . . . X . X . . . . X . . .
 2 . X . . . . . . . . . . . . . . . . .
 1 X X . . . . . . . . . . . . . . . . .

koPOSITIONALscoreAREAtaxNONEsui1komi7.5
Time taken: 9.20973
Root visits: 135
New playouts: 135
NN rows: 135
NN batches: 133
NN avg batch size: 1.01504
PlayoutDoublingAdvantage: -2.75
PV: K2
Tree:
: T  86.43c W 100.00c S -13.68c (+291.9 L +292.3) N     135  --  K2
---Black(^)---
K2  : T  86.51c W 100.00c S -13.49c (+293.4 L +294.8) LCB -263.59c P  1.34% WF   4.4 PSV       5 N       1  --  K2
J4  : T  85.91c W 100.00c S -14.09c (+290.0 L +290.9) LCB -264.09c P  1.52% WF   4.4 PSV       4 N       1  --  J4
Q18 : T  86.12c W 100.00c S -13.88c (+291.4 L +292.2) LCB -263.98c P  1.30% WF   4.4 PSV       4 N       1  --  Q18
C18 : T  86.17c W 100.00c S -13.83c (+291.7 L +292.2) LCB -263.92c P  1.10% WF   4.4 PSV       4 N       1  --  C18
H4  : T  86.05c W 100.00c S -13.95c (+291.5 L +292.5) LCB -264.04c P  0.91% WF   4.4 PSV       3 N       1  --  H4
B17 : T  86.20c W 100.00c S -13.80c (+292.2 L +292.6) LCB -263.89c P  0.88% WF   4.4 PSV       3 N       1  --  B17
T1  : T  86.20c W 100.00c S -13.79c (+292.5 L +291.7) LCB -263.88c P  0.79% WF   4.3 PSV       3 N       1  --  T1
R2  : T  86.05c W 100.00c S -13.95c (+291.0 L +291.7) LCB -264.04c P  0.78% WF   4.4 PSV       2 N       1  --  R2
J5  : T  85.95c W 100.00c S -14.05c (+290.6 L +291.7) LCB -264.14c P  0.72% WF   4.4 PSV       2 N       1  --  J5
P17 : T  86.10c W 100.00c S -13.90c (+291.5 L +292.4) LCB -263.99c P  0.70% WF   4.4 PSV       2 N       1  --  P17

2025-11-16 20:40:54-0500: play J6
2025-11-16 20:40:54-0500: Controller: kata-set-param maxVisits 100
2025-11-16 20:40:54-0500: = 
2025-11-16 20:40:54-0500: Controller: kata-genmove_analyze b
2025-11-16 20:40:54-0500: =
2025-11-16 20:41:03-0500: MoveNum: 0 HASH: E20E8FD052DD1EC75C0F0EFD75D52D9C
   A B C D E F G H J K L M N O P Q R S T
19 . . . . . . . . . . . . . . X . . . .
18 X . . . . . . . . . . . . . . . . . .
17 . . . X . . . . . . X . . . . . . . .
16 . . . X X . . . . X X . . . . X X . .
15 . . . X . . . . . . . . . . . X . . .
14 . . . . . . . . . . . . . . . X . . .
13 . . . . . . . . . . . . . . . . . . .
12 . . . . . . . . . X . . . . . . . . .
11 . . X X . . . . . X . . . . . . . . .
10 . . X . . . . . . X . . . . . X X . .
 9 . . . . . . . . . . . . . . . . . . .
 8 . . . . . . . . . . . . . . . . . . .
 7 . . . . . . . . . X . . . . . . . . .
 6 . . . X . . . . X @ . . . . . X . . .
 5 . . . X . . . . . . . . . . . X . . .
 4 . . . X . . . . . X X . . . . X . . .
 3 . X X X X . . . X . X . . . . X . . .
 2 . X . . . . . . . . . . . . . . . . .
 1 X X . . . . . . . . . . . . . . . . .

koPOSITIONALscoreAREAtaxNONEsui1komi7.5
Time taken: 8.79082
Root visits: 45
New playouts: 45
NN rows: 45
NN batches: 45
NN avg batch size: 1
PlayoutDoublingAdvantage: -2.75
PV: K2
Tree:
: T  87.20c W 100.00c S -13.10c (+293.5 L +294.0) N      45  --  K2
---Black(^)---
K2  : T  86.44c W 100.00c S -13.56c (+293.2 L +294.6) LCB -263.66c P  1.36% WF   4.4 PSV       4 N       1  --  K2
J4  : T  86.08c W 100.00c S -13.92c (+291.2 L +291.8) LCB -263.92c P  3.60% WF   4.4 PSV       4 N       1  --  J4
K6  : T  86.21c W 100.00c S -13.79c (+291.4 L +291.7) LCB -263.79c P  2.91% WF   4.3 PSV       4 N       1  --  K6
J5  : T  86.02c W 100.00c S -13.98c (+291.3 L +292.2) LCB -264.07c P  1.55% WF   4.4 PSV       2 N       1  --  J5
Q18 : T  86.27c W 100.00c S -13.73c (+292.4 L +292.7) LCB -263.82c P  1.22% WF   4.4 PSV       1 N       1  --  Q18
J7  : T  86.14c W 100.00c S -13.86c (+290.9 L +291.2) LCB -263.86c P  1.10% WF   4.3 PSV       1 N       1  --  J7
C18 : T  86.26c W 100.00c S -13.74c (+292.4 L +292.6) LCB -263.83c P  1.05% WF   4.4 PSV       1 N       1  --  C18
B17 : T  86.30c W 100.00c S -13.70c (+292.6 L +293.1) LCB -263.79c P  0.85% WF   4.3 PSV       1 N       1  --  B17
K5  : T  86.04c W 100.00c S -13.96c (+291.5 L +292.6) LCB -264.05c P  0.84% WF   4.4 PSV       1 N       1  --  K5
H4  : T  86.20c W 100.00c S -13.80c (+292.9 L +293.7) LCB -263.89c P  0.84% WF   4.3 PSV       1 N       1  --  H4

2025-11-16 20:41:03-0500: play K6
2025-11-16 20:41:03-0500: Controller: kata-set-param maxVisits 100
2025-11-16 20:41:03-0500: = 
2025-11-16 20:41:03-0500: Controller: kata-genmove_analyze b
2025-11-16 20:41:03-0500: =
2025-11-16 20:41:11-0500: MoveNum: 0 HASH: 2EA8A1902BDEF0E0F784B68F9A16BE5B
   A B C D E F G H J K L M N O P Q R S T
19 . . . . . . . . . . . . . . X . . . .
18 X . . . . . . . . . . . . . . . . . .
17 . . . X . . . . . . X . . . . . . . .
16 . . . X X . . . . X X . . . . X X . .
15 . . . X . . . . . . . . . . . X . . .
14 . . . . . . . . . . . . . . . X . . .
13 . . . . . . . . . . . . . . . . . . .
12 . . . . . . . . . X . . . . . . . . .
11 . . X X . . . . . X . . . . . . . . .
10 . . X . . . . . . X . . . . . X X . .
 9 . . . . . . . . . . . . . . . . . . .
 8 . . . . . . . . . . . . . . . . . . .
 7 . . . . . . . . . X . . . . . . . . .
 6 . . . X . . . . X X . . . . . X . . .
 5 . . . X . . . . . . . . . . . X . . .
 4 . . . X . . . . @ X X . . . . X . . .
 3 . X X X X . . . X . X . . . . X . . .
 2 . X . . . . . . . . . . . . . . . . .
 1 X X . . . . . . . . . . . . . . . . .

koPOSITIONALscoreAREAtaxNONEsui1komi7.5
Time taken: 8.58247
Root visits: 45
New playouts: 45
NN rows: 45
NN batches: 44
NN avg batch size: 1.02273
PlayoutDoublingAdvantage: -2.75
PV: K2
Tree:
: T  87.40c W 100.00c S -12.88c (+294.2 L +294.6) N      45  --  K2
---Black(^)---
K2  : T  86.67c W 100.00c S -13.33c (+294.2 L +295.4) LCB -263.43c P  1.58% WF   4.3 PSV       4 N       1  --  K2
K5  : T  86.27c W 100.00c S -13.73c (+291.8 L +292.3) LCB -263.73c P  5.17% WF   4.2 PSV       4 N       1  --  K5
J4  : T  86.32c W 100.00c S -13.68c (+292.5 L +292.8) LCB -263.68c P  2.63% WF   4.2 PSV       2 N       1  --  J4
Q18 : T  86.45c W 100.00c S -13.55c (+293.0 L +293.3) LCB -263.64c P  0.92% WF   4.3 PSV       0 N       1  --  Q18
R2  : T  86.37c W 100.00c S -13.63c (+292.3 L +292.8) LCB -263.73c P  0.89% WF   4.3 PSV       0 N       1  --  R2
B17 : T  86.43c W 100.00c S -13.57c (+293.1 L +293.4) LCB -263.67c P  0.86% WF   4.3 PSV       0 N       1  --  B17
T1  : T  86.66c W 100.00c S -13.34c (+294.8 L +293.3) LCB -263.44c P  0.85% WF   4.2 PSV       0 N       1  --  T1
C18 : T  86.47c W 100.00c S -13.53c (+293.4 L +293.3) LCB -263.63c P  0.84% WF   4.2 PSV       0 N       1  --  C18
J5  : T  86.43c W 100.00c S -13.57c (+293.2 L +293.9) LCB -263.67c P  0.84% WF   4.2 PSV       0 N       1  --  J5
F4  : T  86.26c W 100.00c S -13.74c (+293.0 L +293.7) LCB -263.83c P  0.81% WF   4.3 PSV       0 N       1  --  F4

2025-11-16 20:41:11-0500: play J4
2025-11-16 20:41:11-0500: Controller: kata-set-param maxVisits 100
2025-11-16 20:41:11-0500: = 
2025-11-16 20:41:11-0500: Controller: kata-genmove_analyze b
2025-11-16 20:41:11-0500: =
2025-11-16 20:41:20-0500: MoveNum: 0 HASH: 50BE800F5378BF75A06B0D1780E387CC
   A B C D E F G H J K L M N O P Q R S T
19 . . . . . . . . . . . . . . X . . . .
18 X . . . . . . . . . . . . . . . . . .
17 . . . X . . . . . . X . . . . . . . .
16 . . . X X . . . . X X . . . . X X . .
15 . . . X . . . . . . . . . . . X . . .
14 . . . . . . . . . . . . . . . X . . .
13 . . . . . . . . . . . . . . . . . . .
12 . . . . . . . . . X . . . . . . . . .
11 . . X X . . . . . X . . . . . . . . .
10 . . X . . . . . . X . . . . . X X . .
 9 . . . . . . . . . . . . . . . . . . .
 8 . . . . . . . . . . . . . . . . . . .
 7 . . . . . . . . . X . . . . . . . . .
 6 . . . X . . . . X X . . . . . X . . .
 5 . . . X . . . @ . . . . . . . X . . .
 4 . . . X . . . . X X X . . . . X . . .
 3 . X X X X . . . X . X . . . . X . . .
 2 . X . . . . . . . . . . . . . . . . .
 1 X X . . . . . . . . . . . . . . . . .

koPOSITIONALscoreAREAtaxNONEsui1komi7.5
Time taken: 8.98786
Root visits: 45
New playouts: 45
NN rows: 45
NN batches: 44
NN avg batch size: 1.02273
PlayoutDoublingAdvantage: -2.75
PV: H5
Tree:
: T  87.39c W 100.00c S -12.90c (+294.6 L +295.2) N      45  --  H5
---Black(^)---
H5  : T  86.77c W 100.00c S -13.23c (+295.5 L +297.0) LCB -263.33c P  1.07% WF   4.3 PSV       4 N       1  --  H5
K5  : T  86.40c W 100.00c S -13.59c (+293.6 L +293.8) LCB -263.60c P  5.55% WF   4.2 PSV       4 N       1  --  K5
J5  : T  86.32c W 100.00c S -13.68c (+293.0 L +293.4) LCB -263.68c P  4.26% WF   4.2 PSV       3 N       1  --  J5
K2  : T  86.62c W 100.00c S -13.38c (+294.6 L +295.8) LCB -263.49c P  1.65% WF   4.3 PSV       1 N       1  --  K2
Q18 : T  86.31c W 100.00c S -13.69c (+292.9 L +293.5) LCB -263.78c P  1.35% WF   4.3 PSV       1 N       1  --  Q18
B17 : T  86.36c W 100.00c S -13.64c (+293.5 L +293.9) LCB -263.74c P  1.06% WF   4.3 PSV       0 N       1  --  B17
R2  : T  86.16c W 100.00c S -13.84c (+292.0 L +292.4) LCB -263.93c P  0.99% WF   4.3 PSV       0 N       1  --  R2
F4  : T  86.25c W 100.00c S -13.75c (+293.2 L +294.3) LCB -263.85c P  0.98% WF   4.3 PSV       0 N       1  --  F4
L5  : T  86.68c W 100.00c S -13.32c (+295.7 L +296.5) LCB -263.42c P  0.80% WF   4.2 PSV       0 N       1  --  L5
P17 : T  86.28c W 100.00c S -13.72c (+292.9 L +293.7) LCB -263.82c P  0.76% WF   4.3 PSV       0 N       1  --  P17

2025-11-16 20:41:20-0500: play H5
2025-11-16 20:41:20-0500: Controller: kata-set-param maxVisits 100
2025-11-16 20:41:20-0500: = 
2025-11-16 20:41:20-0500: Controller: kata-genmove_analyze b
2025-11-16 20:41:20-0500: =
2025-11-16 20:41:29-0500: MoveNum: 0 HASH: A8A7A1A4EE3DD281E5B70A60C79916AB
   A B C D E F G H J K L M N O P Q R S T
19 . . . . . . . . . . . . . . X . . . .
18 X . . . . . . . . . . . . . . . . . .
17 . . . X . . . . . . X . . . . . . . .
16 . . . X X . . . . X X . . . . X X . .
15 . . . X . . . . . . . . . . . X . . .
14 . . . . . . . . . . . . . . . X . . .
13 . . . . . . . . . . . . . . . . . . .
12 . . . . . . . . . X . . . . . . . . .
11 . . X X . . . . . X . . . . . . . . .
10 . . X . . . . . . X . . . . . X X . .
 9 . . . . . . . . . . . . . . . . . . .
 8 . . . . . . . . . . . . . . . . . . .
 7 . . . . . . . . . X . . . . . . . . .
 6 . . . X . . . . X X . . . . . X . . .
 5 . . . X . . . X . @ . . . . . X . . .
 4 . . . X . . . . X X X . . . . X . . .
 3 . X X X X . . . X . X . . . . X . . .
 2 . X . . . . . . . . . . . . . . . . .
 1 X X . . . . . . . . . . . . . . . . .

koPOSITIONALscoreAREAtaxNONEsui1komi7.5
Time taken: 9.05385
Root visits: 45
New playouts: 45
NN rows: 45
NN batches: 45
NN avg batch size: 1
PlayoutDoublingAdvantage: -2.75
PV: K5
Tree:
: T  87.56c W 100.00c S -12.72c (+295.4 L +296.1) N      45  --  K5
---Black(^)---
K5  : T  86.41c W 100.00c S -13.59c (+293.2 L +294.4) LCB -263.59c P 21.26% WF   4.3 PSV       4 N       1  --  K5
J5  : T  86.31c W 100.00c S -13.69c (+292.4 L +293.0) LCB -263.69c P  3.88% WF   4.2 PSV       0 N       1  --  J5
H4  : T  86.47c W 100.00c S -13.53c (+294.2 L +294.5) LCB -263.53c P  1.90% WF   4.2 PSV       0 N       1  --  H4
H6  : T  86.36c W 100.00c S -13.64c (+293.3 L +293.7) LCB -263.64c P  1.33% WF   4.2 PSV       0 N       1  --  H6
K2  : T  86.78c W 100.00c S -13.22c (+295.5 L +296.5) LCB -263.33c P  1.31% WF   4.2 PSV       0 N       1  --  K2
F4  : T  86.50c W 100.00c S -13.50c (+294.4 L +295.4) LCB -263.60c P  1.10% WF   4.2 PSV       0 N       1  --  F4
Q18 : T  86.53c W 100.00c S -13.47c (+293.7 L +294.3) LCB -263.57c P  1.08% WF   4.2 PSV       0 N       1  --  Q18
B17 : T  86.41c W 100.00c S -13.59c (+293.5 L +294.1) LCB -263.69c P  0.86% WF   4.2 PSV       0 N       1  --  B17
L5  : T  86.78c W 100.00c S -13.22c (+295.5 L +297.1) LCB -263.32c P  0.83% WF   4.3 PSV       0 N       1  --  L5
R2  : T  86.44c W 100.00c S -13.56c (+293.5 L +294.1) LCB -263.66c P  0.81% WF   4.2 PSV       0 N       1  --  R2

2025-11-16 20:41:29-0500: play K5
2025-11-16 20:41:29-0500: Controller: kata-set-param maxVisits 100
2025-11-16 20:41:29-0500: = 
2025-11-16 20:41:29-0500: Controller: kata-genmove_analyze b
2025-11-16 20:41:29-0500: =
2025-11-16 20:41:38-0500: MoveNum: 0 HASH: F91CDBF8A98B85A261608B503ABC6993
   A B C D E F G H J K L M N O P Q R S T
19 . . . . . . . . . . . . . . X . . . .
18 X . @ . . . . . . . . . . . . . . . .
17 . . . X . . . . . . X . . . . . . . .
16 . . . X X . . . . X X . . . . X X . .
15 . . . X . . . . . . . . . . . X . . .
14 . . . . . . . . . . . . . . . X . . .
13 . . . . . . . . . . . . . . . . . . .
12 . . . . . . . . . X . . . . . . . . .
11 . . X X . . . . . X . . . . . . . . .
10 . . X . . . . . . X . . . . . X X . .
 9 . . . . . . . . . . . . . . . . . . .
 8 . . . . . . . . . . . . . . . . . . .
 7 . . . . . . . . . X . . . . . . . . .
 6 . . . X . . . . X X . . . . . X . . .
 5 . . . X . . . X . X . . . . . X . . .
 4 . . . X . . . . X X X . . . . X . . .
 3 . X X X X . . . X . X . . . . X . . .
 2 . X . . . . . . . . . . . . . . . . .
 1 X X . . . . . . . . . . . . . . . . .

koPOSITIONALscoreAREAtaxNONEsui1komi7.5
Time taken: 8.67709
Root visits: 45
New playouts: 45
NN rows: 45
NN batches: 45
NN avg batch size: 1
PlayoutDoublingAdvantage: -2.75
PV: K2
Tree:
: T  87.46c W 100.00c S -12.83c (+295.2 L +296.0) N      45  --  K2
---Black(^)---
K2  : T  86.66c W 100.00c S -13.34c (+295.0 L +296.4) LCB -263.44c P  1.51% WF   4.3 PSV       4 N       1  --  K2
H4  : T  86.26c W 100.00c S -13.74c (+293.2 L +294.1) LCB -263.74c P  2.46% WF   4.3 PSV       4 N       1  --  H4
H6  : T  86.16c W 100.00c S -13.84c (+292.2 L +293.0) LCB -263.84c P  1.53% WF   4.3 PSV       3 N       1  --  H6
Q18 : T  86.35c W 100.00c S -13.65c (+293.5 L +294.5) LCB -263.74c P  1.44% WF   4.2 PSV       3 N       1  --  Q18
G4  : T  86.31c W 100.00c S -13.69c (+293.8 L +295.0) LCB -263.78c P  1.32% WF   4.3 PSV       2 N       1  --  G4
D9  : T  86.25c W 100.00c S -13.75c (+293.5 L +294.8) LCB -263.84c P  1.20% WF   4.3 PSV       2 N       1  --  D9
C18 : T  86.48c W 100.00c S -13.52c (+294.0 L +294.7) LCB -263.62c P  1.13% WF   4.3 PSV       2 N       1  --  C18
F4  : T  86.44c W 100.00c S -13.56c (+294.5 L +295.6) LCB -263.66c P  1.12% WF   4.2 PSV       2 N       1  --  F4
B17 : T  86.40c W 100.00c S -13.60c (+293.7 L +294.2) LCB -263.70c P  1.07% WF   4.2 PSV       2 N       1  --  B17
H7  : T  86.37c W 100.00c S -13.63c (+293.8 L +295.0) LCB -263.73c P  0.95% WF   4.3 PSV       2 N       1  --  H7

2025-11-16 20:41:38-0500: play C18
2025-11-16 20:41:38-0500: Controller: kata-set-param maxVisits 300
2025-11-16 20:41:38-0500: = 
2025-11-16 20:41:38-0500: Controller: kata-genmove_analyze b
2025-11-16 20:41:38-0500: =
2025-11-16 20:41:47-0500: MoveNum: 0 HASH: 8FC15139FA761A3357F056CE69B3831D
   A B C D E F G H J K L M N O P Q R S T
19 . . . . . . . . . . . . . . X . . . .
18 X @ X . . . . . . . . . . . . . . . .
17 . . . X . . . . . . X . . . . . . . .
16 . . . X X . . . . X X . . . . X X . .
15 . . . X . . . . . . . . . . . X . . .
14 . . . . . . . . . . . . . . . X . . .
13 . . . . . . . . . . . . . . . . . . .
12 . . . . . . . . . X . . . . . . . . .
11 . . X X . . . . . X . . . . . . . . .
10 . . X . . . . . . X . . . . . X X . .
 9 . . . . . . . . . . . . . . . . . . .
 8 . . . . . . . . . . . . . . . . . . .
 7 . . . . . . . . . X . . . . . . . . .
 6 . . . X . . . . X X . . . . . X . . .
 5 . . . X . . . X . X . . . . . X . . .
 4 . . . X . . . . X X X . . . . X . . .
 3 . X X X X . . . X . X . . . . X . . .
 2 . X . . . . . . . . . . . . . . . . .
 1 X X . . . . . . . . . . . . . . . . .

koPOSITIONALscoreAREAtaxNONEsui1komi7.5
Time taken: 9.10473
Root visits: 135
New playouts: 135
NN rows: 135
NN batches: 134
NN avg batch size: 1.00746
PlayoutDoublingAdvantage: -2.75
PV: B18 S2
Tree:
: T  93.78c W 100.00c S  -7.18c (+304.5 L +304.6) N     135  --  B18 S2
---Black(^)---
B18 : T 119.22c W 100.00c S  17.45c (+342.2 L +340.7) LCB  111.37c P 28.17% WF 110.2 PSV      99 N      21  --  B18 S2
H4  : T  86.42c W 100.00c S -13.58c (+293.5 L +294.2) LCB -263.58c P  2.01% WF   4.1 PSV       0 N       1  --  H4
D18 : T  86.53c W 100.00c S -13.47c (+293.9 L +294.1) LCB -263.47c P  1.53% WF   4.0 PSV       0 N       1  --  D18
C17 : T  86.43c W 100.00c S -13.57c (+293.2 L +293.8) LCB -263.57c P  1.23% WF   4.1 PSV       0 N       1  --  C17
G4  : T  86.62c W 100.00c S -13.38c (+294.7 L +295.6) LCB -263.49c P  1.19% WF   4.0 PSV       0 N       1  --  G4
H6  : T  86.42c W 100.00c S -13.58c (+293.2 L +293.9) LCB -263.58c P  1.08% WF   4.0 PSV       0 N       1  --  H6
F4  : T  86.40c W 100.00c S -13.60c (+293.8 L +294.9) LCB -263.69c P  0.89% WF   4.1 PSV       0 N       1  --  F4
Q18 : T  86.66c W 100.00c S -13.34c (+294.4 L +294.9) LCB -263.44c P  0.85% WF   4.1 PSV       0 N       1  --  Q18
K2  : T  86.94c W 100.00c S -13.06c (+295.9 L +297.1) LCB -263.17c P  0.82% WF   4.1 PSV       0 N       1  --  K2
D9  : T  86.37c W 100.00c S -13.63c (+293.6 L +294.8) LCB -263.73c P  0.77% WF   4.2 PSV       0 N       1  --  D9

2025-11-16 20:41:47-0500: play B18
2025-11-16 20:41:47-0500: Controller: kata-set-param maxVisits 100
2025-11-16 20:41:47-0500: = 
2025-11-16 20:41:47-0500: Controller: kata-genmove_analyze b
2025-11-16 20:41:47-0500: =
2025-11-16 20:41:55-0500: MoveNum: 0 HASH: FB446A1A7BBEACCC6B68BF9327A33E47
   A B C D E F G H J K L M N O P Q R S T
19 . . . . . . . . . . . . . . X . . . .
18 X X X . . . . . . . . . . . . @ . . .
17 . . . X . . . . . . X . . . . . . . .
16 . . . X X . . . . X X . . . . X X . .
15 . . . X . . . . . . . . . . . X . . .
14 . . . . . . . . . . . . . . . X . . .
13 . . . . . . . . . . . . . . . . . . .
12 . . . . . . . . . X . . . . . . . . .
11 . . X X . . . . . X . . . . . . . . .
10 . . X . . . . . . X . . . . . X X . .
 9 . . . . . . . . . . . . . . . . . . .
 8 . . . . . . . . . . . . . . . . . . .
 7 . . . . . . . . . X . . . . . . . . .
 6 . . . X . . . . X X . . . . . X . . .
 5 . . . X . . . X . X . . . . . X . . .
 4 . . . X . . . . X X X . . . . X . . .
 3 . X X X X . . . X . X . . . . X . . .
 2 . X . . . . . . . . . . . . . . . . .
 1 X X . . . . . . . . . . . . . . . . .

koPOSITIONALscoreAREAtaxNONEsui1komi7.5
Time taken: 8.02839
Root visits: 45
New playouts: 45
NN rows: 45
NN batches: 45
NN avg batch size: 1
PlayoutDoublingAdvantage: -2.75
PV: K2
Tree:
: T  87.51c W 100.00c S -12.78c (+295.6 L +296.4) N      45  --  K2
---Black(^)---
K2  : T  86.91c W 100.00c S -13.09c (+296.3 L +297.5) LCB -263.20c P  1.60% WF   4.2 PSV       4 N       1  --  K2
H4  : T  86.42c W 100.00c S -13.58c (+294.2 L +294.9) LCB -263.58c P  2.80% WF   4.2 PSV       4 N       1  --  H4
C17 : T  86.35c W 100.00c S -13.65c (+293.3 L +294.1) LCB -263.65c P  2.31% WF   4.2 PSV       4 N       1  --  C17
D18 : T  86.49c W 100.00c S -13.51c (+294.4 L +294.6) LCB -263.51c P  2.23% WF   4.2 PSV       4 N       1  --  D18
H6  : T  86.26c W 100.00c S -13.74c (+293.0 L +293.9) LCB -263.74c P  1.60% WF   4.3 PSV       2 N       1  --  H6
Q18 : T  86.46c W 100.00c S -13.54c (+294.0 L +294.7) LCB -263.64c P  1.56% WF   4.2 PSV       2 N       1  --  Q18
G4  : T  86.39c W 100.00c S -13.61c (+294.3 L +295.7) LCB -263.71c P  1.39% WF   4.3 PSV       2 N       1  --  G4
D9  : T  86.22c W 100.00c S -13.78c (+293.5 L +294.7) LCB -263.87c P  1.24% WF   4.3 PSV       2 N       1  --  D9
F4  : T  86.43c W 100.00c S -13.57c (+294.6 L +295.9) LCB -263.67c P  1.15% WF   4.3 PSV       2 N       1  --  F4
R2  : T  86.45c W 100.00c S -13.55c (+293.8 L +294.5) LCB -263.65c P  0.95% WF   4.2 PSV       1 N       1  --  R2

2025-11-16 20:41:55-0500: play Q18
2025-11-16 20:41:55-0500: Controller: kata-set-param maxVisits 100
2025-11-16 20:41:55-0500: = 
2025-11-16 20:41:55-0500: Controller: kata-genmove_analyze b
2025-11-16 20:41:55-0500: =
2025-11-16 20:42:03-0500: MoveNum: 0 HASH: D2A93F6A492BC34904EC3C332D2AF767
   A B C D E F G H J K L M N O P Q R S T
19 . . . . . . . . . . . . . . X . . . .
18 X X X . . . . . . . . . . . . X . . .
17 . . . X . . . . . . X . . . . @ . . .
16 . . . X X . . . . X X . . . . X X . .
15 . . . X . . . . . . . . . . . X . . .
14 . . . . . . . . . . . . . . . X . . .
13 . . . . . . . . . . . . . . . . . . .
12 . . . . . . . . . X . . . . . . . . .
11 . . X X . . . . . X . . . . . . . . .
10 . . X . . . . . . X . . . . . X X . .
 9 . . . . . . . . . . . . . . . . . . .
 8 . . . . . . . . . . . . . . . . . . .
 7 . . . . . . . . . X . . . . . . . . .
 6 . . . X . . . . X X . . . . . X . . .
 5 . . . X . . . X . X . . . . . X . . .
 4 . . . X . . . . X X X . . . . X . . .
 3 . X X X X . . . X . X . . . . X . . .
 2 . X . . . . . . . . . . . . . . . . .
 1 X X . . . . . . . . . . . . . . . . .

koPOSITIONALscoreAREAtaxNONEsui1komi7.5
Time taken: 8.22721
Root visits: 45
New playouts: 45
NN rows: 45
NN batches: 45
NN avg batch size: 1
PlayoutDoublingAdvantage: -2.75
PV: Q17
Tree:
: T  87.69c W 100.00c S -12.59c (+295.5 L +296.4) N      45  --  Q17
---Black(^)---
Q17 : T  86.70c W 100.00c S -13.30c (+294.7 L +295.2) LCB -263.30c P 11.41% WF   4.1 PSV       4 N       1  --  Q17
H4  : T  86.65c W 100.00c S -13.35c (+294.4 L +295.2) LCB -263.35c P  2.24% WF   4.1 PSV       0 N       1  --  H4
C17 : T  86.53c W 100.00c S -13.47c (+293.2 L +293.9) LCB -263.47c P  2.22% WF   4.1 PSV       0 N       1  --  C17
D18 : T  86.55c W 100.00c S -13.45c (+293.9 L +294.2) LCB -263.45c P  1.60% WF   4.1 PSV       0 N       1  --  D18
K2  : T  87.08c W 100.00c S -12.92c (+296.2 L +297.4) LCB -263.04c P  1.49% WF   4.1 PSV       0 N       1  --  K2
F4  : T  86.53c W 100.00c S -13.47c (+294.0 L +295.3) LCB -263.57c P  1.39% WF   4.2 PSV       0 N       1  --  F4
H6  : T  86.55c W 100.00c S -13.45c (+293.4 L +294.0) LCB -263.45c P  1.37% WF   4.1 PSV       0 N       1  --  H6
P18 : T  86.57c W 100.00c S -13.43c (+293.8 L +294.8) LCB -263.43c P  1.28% WF   4.1 PSV       0 N       1  --  P18
R2  : T  86.40c W 100.00c S -13.60c (+292.8 L +293.7) LCB -263.70c P  1.18% WF   4.2 PSV       0 N       1  --  R2
G4  : T  86.75c W 100.00c S -13.25c (+295.3 L +296.1) LCB -263.35c P  1.08% WF   4.0 PSV       0 N       1  --  G4

2025-11-16 20:42:03-0500: play Q17
2025-11-16 20:42:03-0500: Controller: kata-set-param maxVisits 100
2025-11-16 20:42:03-0500: = 
2025-11-16 20:42:03-0500: Controller: kata-genmove_analyze b
2025-11-16 20:42:03-0500: =
2025-11-16 20:42:12-0500: MoveNum: 0 HASH: A64164A2104E86537425EA8CF2210552
   A B C D E F G H J K L M N O P Q R S T
19 . . . . . . . . . . . . . . X . . . .
18 X X X . . . . . . . . . . . . X . . .
17 . . . X . . . . . . X . . . . X . . .
16 . . . X X . . . . X X . . . . X X . .
15 . . . X . . . . . . . . . . . X . . .
14 . . . . . . . . . . . . . . . X . . .
13 . . . . . . . . . . . . . . . . . . .
12 . . . . . . . . . X . . . . . . . . .
11 . . X X . . . . . X . . . . . . . . .
10 . . X . . . . . . X . . . . . X X . .
 9 . . . . . . . . . . . . . . . . . . .
 8 . . . . . . . . . . . . . . . . . . .
 7 . . . . . . . . . X . . . . . . . . .
 6 . . . X . . . @ X X . . . . . X . . .
 5 . . . X . . . X . X . . . . . X . . .
 4 . . . X . . . . X X X . . . . X . . .
 3 . X X X X . . . X . X . . . . X . . .
 2 . X . . . . . . . . . . . . . . . . .
 1 X X . . . . . . . . . . . . . . . . .

koPOSITIONALscoreAREAtaxNONEsui1komi7.5
Time taken: 8.61687
Root visits: 45
New playouts: 45
NN rows: 45
NN batches: 45
NN avg batch size: 1
PlayoutDoublingAdvantage: -2.75
PV: K2
Tree:
: T  87.89c W 100.00c S -12.37c (+296.0 L +296.9) N      45  --  K2
---Black(^)---
K2  : T  87.03c W 100.00c S -12.97c (+295.6 L +296.9) LCB -263.08c P  1.61% WF   4.1 PSV       4 N       1  --  K2
D18 : T  86.66c W 100.00c S -13.34c (+294.1 L +294.7) LCB -263.34c P  3.76% WF   4.1 PSV       4 N       1  --  D18
C17 : T  86.83c W 100.00c S -13.17c (+294.6 L +294.9) LCB -263.17c P  3.31% WF   4.0 PSV       4 N       1  --  C17
H4  : T  86.83c W 100.00c S -13.17c (+294.8 L +295.6) LCB -263.17c P  1.97% WF   4.0 PSV       2 N       1  --  H4
H6  : T  86.60c W 100.00c S -13.40c (+293.6 L +294.5) LCB -263.40c P  1.52% WF   4.0 PSV       2 N       1  --  H6
P18 : T  86.80c W 100.00c S -13.20c (+294.3 L +295.8) LCB -263.20c P  1.37% WF   4.1 PSV       1 N       1  --  P18
Q19 : T  86.71c W 100.00c S -13.29c (+294.2 L +294.5) LCB -263.29c P  1.25% WF   4.0 PSV       1 N       1  --  Q19
G4  : T  86.74c W 100.00c S -13.26c (+294.6 L +296.1) LCB -263.37c P  1.18% WF   4.1 PSV       1 N       1  --  G4
F4  : T  86.89c W 100.00c S -13.11c (+295.4 L +296.6) LCB -263.22c P  1.18% WF   4.0 PSV       1 N       1  --  F4
R2  : T  86.54c W 100.00c S -13.46c (+293.0 L +294.1) LCB -263.56c P  1.11% WF   4.2 PSV       1 N       1  --  R2

2025-11-16 20:42:12-0500: play H6
2025-11-16 20:42:12-0500: Controller: kata-set-param maxVisits 100
2025-11-16 20:42:12-0500: = 
2025-11-16 20:42:12-0500: Controller: kata-genmove_analyze b
2025-11-16 20:42:12-0500: =
2025-11-16 20:42:20-0500: MoveNum: 0 HASH: 7D92D6E869E10DBF2939940E8E98F9C3
   A B C D E F G H J K L M N O P Q R S T
19 . . . . . . . . . . . . . . X . . . .
18 X X X @ . . . . . . . . . . . X . . .
17 . . . X . . . . . . X . . . . X . . .
16 . . . X X . . . . X X . . . . X X . .
15 . . . X . . . . . . . . . . . X . . .
14 . . . . . . . . . . . . . . . X . . .
13 . . . . . . . . . . . . . . . . . . .
12 . . . . . . . . . X . . . . . . . . .
11 . . X X . . . . . X . . . . . . . . .
10 . . X . . . . . . X . . . . . X X . .
 9 . . . . . . . . . . . . . . . . . . .
 8 . . . . . . . . . . . . . . . . . . .
 7 . . . . . . . . . X . . . . . . . . .
 6 . . . X . . . X X X . . . . . X . . .
 5 . . . X . . . X . X . . . . . X . . .
 4 . . . X . . . . X X X . . . . X . . .
 3 . X X X X . . . X . X . . . . X . . .
 2 . X . . . . . . . . . . . . . . . . .
 1 X X . . . . . . . . . . . . . . . . .

koPOSITIONALscoreAREAtaxNONEsui1komi7.5
Time taken: 8.30434
Root visits: 45
New playouts: 45
NN rows: 45
NN batches: 45
NN avg batch size: 1
PlayoutDoublingAdvantage: -2.75
PV: C17
Tree:
: T  87.96c W 100.00c S -12.29c (+296.3 L +297.3) N      45  --  C17
---Black(^)---
C17 : T  86.90c W 100.00c S -13.10c (+294.9 L +295.4) LCB -263.10c P  4.51% WF   4.0 PSV       4 N       1  --  C17
D18 : T  86.73c W 100.00c S -13.27c (+294.1 L +294.8) LCB -263.27c P  8.11% WF   4.0 PSV       4 N       1  --  D18
P18 : T  86.77c W 100.00c S -13.23c (+294.4 L +295.6) LCB -263.23c P  2.97% WF   4.0 PSV       1 N       1  --  P18
Q19 : T  86.66c W 100.00c S -13.34c (+294.0 L +294.8) LCB -263.34c P  2.01% WF   4.0 PSV       1 N       1  --  Q19
F4  : T  86.96c W 100.00c S -13.04c (+295.8 L +297.1) LCB -263.15c P  1.48% WF   4.0 PSV       0 N       1  --  F4
K2  : T  87.32c W 100.00c S -12.68c (+297.0 L +298.3) LCB -262.80c P  1.07% WF   4.0 PSV       0 N       1  --  K2
R2  : T  86.68c W 100.00c S -13.32c (+293.5 L +294.9) LCB -263.42c P  1.03% WF   4.2 PSV       0 N       1  --  R2
G4  : T  86.83c W 100.00c S -13.17c (+294.9 L +296.3) LCB -263.28c P  1.01% WF   4.0 PSV       0 N       1  --  G4
F5  : T  86.88c W 100.00c S -13.12c (+295.3 L +297.1) LCB -263.23c P  0.92% WF   4.1 PSV       0 N       1  --  F5
T1  : T  87.21c W 100.00c S -12.79c (+296.3 L +296.0) LCB -262.90c P  0.87% WF   3.9 PSV       0 N       1  --  T1

2025-11-16 20:42:20-0500: play D18
2025-11-16 20:42:20-0500: Controller: kata-set-param maxVisits 100
2025-11-16 20:42:20-0500: = 
2025-11-16 20:42:20-0500: Controller: kata-genmove_analyze b
2025-11-16 20:42:20-0500: =
2025-11-16 20:42:29-0500: MoveNum: 0 HASH: 918BB5F9E0F1CBDBBF2FA9DB930CB07F
   A B C D E F G H J K L M N O P Q R S T
19 . . . . . . . . . . . . . . X . . . .
18 X X X X . . . . . . . . . . . X . . .
17 . . . X . . . . . . X . . . . X . . .
16 . . . X X . . . . X X . . . . X X . .
15 . . . X . . . . . . . . . . . X . . .
14 . . . . . . . . . . . . . . . X . . .
13 . . . . . . . . . . . . . . . . . . .
12 . . . . . . . . . X . . . . . . . . .
11 . . X X . . . . . X . . . . . . . . .
10 . . X . . . . . . X . . . . . X X . .
 9 . . . . . . . . . . . . . . . . . . .
 8 . . . . . . . . . . . . . . . . . . .
 7 . . . . . . . . . X . . . . . . . . .
 6 . . . X . . . X X X . . . . . X . . .
 5 . . . X . . . X . X . . . . . X . . .
 4 . . . X . . . . X X X . . . . X . . .
 3 . X X X X . . . X . X . . . . X . . .
 2 . X . . . . . . . @ . . . . . . . . .
 1 X X . . . . . . . . . . . . . . . . .

koPOSITIONALscoreAREAtaxNONEsui1komi7.5
Time taken: 9.08318
Root visits: 45
New playouts: 45
NN rows: 45
NN batches: 44
NN avg batch size: 1.02273
PlayoutDoublingAdvantage: -2.75
PV: K2
Tree:
: T  88.10c W 100.00c S -12.14c (+296.8 L +297.8) N      45  --  K2
---Black(^)---
K2  : T  87.48c W 100.00c S -12.52c (+297.4 L +298.8) LCB -262.65c P  2.17% WF   3.9 PSV       4 N       1  --  K2
Q19 : T  86.86c W 100.00c S -13.14c (+294.8 L +295.3) LCB -263.14c P  1.74% WF   4.0 PSV       3 N       1  --  Q19
P18 : T  86.93c W 100.00c S -13.07c (+295.0 L +296.1) LCB -263.07c P  1.53% WF   4.0 PSV       2 N       1  --  P18
R2  : T  86.64c W 100.00c S -13.36c (+293.4 L +294.7) LCB -263.46c P  1.48% WF   4.2 PSV       2 N       1  --  R2
D9  : T  86.62c W 100.00c S -13.38c (+293.9 L +295.6) LCB -263.48c P  1.30% WF   4.1 PSV       2 N       1  --  D9
F4  : T  87.06c W 100.00c S -12.94c (+296.1 L +297.6) LCB -263.05c P  1.24% WF   4.0 PSV       2 N       1  --  F4
T1  : T  87.31c W 100.00c S -12.69c (+296.6 L +296.3) LCB -262.81c P  1.03% WF   3.8 PSV       2 N       1  --  T1
T19 : T  86.98c W 100.00c S -13.02c (+295.9 L +296.7) LCB -263.13c P  1.00% WF   4.0 PSV       1 N       1  --  T19
pss : T  87.03c W 100.00c S -12.97c (+295.5 L +297.2) LCB -262.97c P  0.91% WF   4.1 PSV       1 N       1  --  pass
F5  : T  86.89c W 100.00c S -13.11c (+295.3 L +296.9) LCB -263.22c P  0.87% WF   4.0 PSV       1 N       1  --  F5

2025-11-16 20:42:29-0500: play K2
2025-11-16 20:42:29-0500: Controller: genmove w
2025-11-16 20:42:39-0500: MoveNum: 1 HASH: DF0307EB56BD817DAB9D1817462A9C0B
   A B C D E F G H J K L M N O P Q R S T
19 . . . . . . . . . . . . . . X . . . .
18 X X X X . . . . . . . . . . . X . . .
17 . . . X . . . . . . X . . . . X . . .
16 . . . X X . . . . X X . . . . X X . .
15 . . . X . . . . . . . . . . . X . . .
14 . . . . . . . . . . . . . . . X . . .
13 . . . . . . . . . . . . . . . . . . .
12 . . . . . . . . . X . . . . . . . . .
11 . . X X . . . . . X . . . . . . . . .
10 . . X . . . . . . X . . . . . X X . .
 9 . . . . . . . . . . . . . . . . . . .
 8 . . . . . . . . . . . . . . . . . . .
 7 . . . . . . . . . X . . . . . . . . .
 6 . . . X . . . X X X . . . . . X . . .
 5 . . . X . . . X . X . . . . . X . . .
 4 . . . X . . . . X X X . . . . X . . .
 3 . X X X X . . . X . X . . . . X . . .
 2 . X . . . . . . . X1. . . . . . @ . .
 1 X X . . . . . . . . . . . . . . . . .

koPOSITIONALscoreAREAtaxNONEsui1komi7.5
Time taken: 9.49688
Root visits: 111
New playouts: 111
NN rows: 112
NN batches: 111
NN avg batch size: 1.00901
PlayoutDoublingAdvantage: 2.75
PV: S4 S3 R2
Tree:
: T -134.02c W -100.00c S -34.21c (-340.1 L -338.0) N     111  --  S4 S3 R2
---White(^)---
S4  : T -133.83c W -100.00c S -33.57c (-336.4 L -333.0) LCB -138.06c P  4.77% WF  99.4 PSV     115 N      19  --  S4 S3 R2
S2  : T -133.06c W -100.00c S -33.32c (-335.4 L -332.5) LCB -138.10c P 11.65% WF 114.1 PSV     113 N      23  --  S2 S1 R2
S3  : T -133.56c W -100.00c S -33.36c (-335.7 L -332.6) LCB -139.98c P  6.26% WF  76.1 PSV      41 N      15  --  S3 S4 S5
R2  : T -133.80c W -100.00c S -33.70c (-338.3 L -336.1) LCB -139.77c P  4.65% WF  82.8 PSV      26 N      16  --  R2 S2 S3
pss : T -135.53c W -100.00c S -35.53c (-353.5 L -351.2) LCB -284.54c P  5.04% WF  15.6 PSV      14 N       2  --  pass pass
S18 : T -127.81c W -100.00c S -33.24c (-335.6 L -335.0) LCB -361.32c P  3.45% WF   9.6 PSV      10 N       2  --  S18 S17
S17 : T -135.03c W -100.00c S -35.03c (-345.8 L -345.4) LCB -485.07c P  2.50% WF   7.6 PSV       8 N       1  --  S17
S5  : T -134.72c W -100.00c S -34.72c (-341.5 L -339.7) LCB -484.76c P  2.20% WF   7.5 PSV       8 N       1  --  S5
M2  : T -134.93c W -100.00c S -34.93c (-344.4 L -344.0) LCB -484.96c P  1.98% WF   7.6 PSV       6 N       1  --  M2
P2  : T -135.00c W -100.00c S -35.00c (-345.3 L -344.7) LCB -485.04c P  1.52% WF   7.6 PSV       5 N       1  --  P2

2025-11-16 20:42:39-0500: = R2
2025-11-16 20:42:39-0500: Controller: kata-set-param maxVisits 100
2025-11-16 20:42:39-0500: = 
2025-11-16 20:42:39-0500: Controller: kata-genmove_analyze b
2025-11-16 20:42:39-0500: =
2025-11-16 20:42:46-0500: MoveNum: 2 HASH: DDCF0FC8F113A52D56670ABCEC3B3D26
   A B C D E F G H J K L M N O P Q R S T
19 . . . . . . . . . . . . . . X . . . .
18 X X X X . . . . . . . . . . . X . . .
17 . . . X . . . . . . X . . . . X . . .
16 . . . X X . . . . X X . . . . X X . .
15 . . . X . . . . . . . . . . . X . . .
14 . . . . . . . . . . . . . . . X . . .
13 . . . . . . . . . . . . . . . . . . .
12 . . . . . . . . . X . . . . . . . . .
11 . . X X . . . . . X . . . . . . . . .
10 . . X . . . . . . X . . . . . X X . .
 9 . . . . . . . . . . . . . . . . . . .
 8 . . . . . . . . . . . . . . . . . . .
 7 . . . . . . . . . X . . . . . . . . .
 6 . . . X . . . X X X . . . . . X . . .
 5 . . . X . . . X . X . . . . . X . . .
 4 . . . X . . . . X X X . . . . X . . .
 3 . X X X X . . . X . X . . . . X @ . .
 2 . X . . . . . . . X1. . . . . . O2. .
 1 X X . . . . . . . . . . . . . . . . .

koPOSITIONALscoreAREAtaxNONEsui1komi7.5
Time taken: 6.90702
Root visits: 45
New playouts: 45
NN rows: 35
NN batches: 34
NN avg batch size: 1.02941
PlayoutDoublingAdvantage: -2.75
PV: R3 S4
Tree:
: T 120.61c W 100.00c S  17.94c (+338.3 L +336.1) N      45  --  R3 S4
---Black(^)---
R3  : T 124.45c W 100.00c S  23.17c (+343.2 L +341.0) LCB  119.56c P 28.45% WF  97.3 PSV      96 N      18  --  R3 S4
Q2  : T 124.01c W 100.00c S  22.48c (+342.3 L +340.4) LCB  118.66c P 23.65% WF  90.5 PSV      67 N      17  --  Q2 S6
S2  : T  90.58c W 100.00c S  -9.42c (+301.3 L +297.8) LCB -259.42c P  9.71% WF   2.7 PSV       2 N       1  --  S2
S3  : T  90.18c W 100.00c S  -9.82c (+299.4 L +296.9) LCB -260.00c P  6.08% WF   2.8 PSV       1 N       1  --  S3
S5  : T  89.75c W 100.00c S -10.25c (+299.1 L +296.9) LCB -260.43c P  5.67% WF   2.9 PSV       1 N       1  --  S5
S4  : T  89.65c W 100.00c S -10.35c (+299.1 L +296.8) LCB -260.53c P  4.11% WF   2.9 PSV       0 N       1  --  S4
S1  : T  90.19c W 100.00c S  -9.81c (+299.9 L +297.1) LCB -259.97c P  1.36% WF   2.7 PSV       0 N       1  --  S1
T2  : T  90.96c W 100.00c S  -9.04c (+301.8 L +298.6) LCB -259.24c P  1.31% WF   2.6 PSV       0 N       1  --  T2
R1  : T  90.91c W 100.00c S  -9.09c (+301.9 L +296.2) LCB -259.09c P  0.53% WF   2.4 PSV       0 N       1  --  R1
S6  : T  90.58c W 100.00c S  -9.42c (+300.8 L +297.5) LCB -259.62c P  0.43% WF   2.1 PSV       0 N       1  --  S6

2025-11-16 20:42:46-0500: play R3
2025-11-16 20:42:46-0500: Controller: genmove w
2025-11-16 20:42:53-0500: MoveNum: 3 HASH: E508DF6F92625A7CB5799000E414B1E2
   A B C D E F G H J K L M N O P Q R S T
19 . . . . . . . . . . . . . . X . . . .
18 X X X X . . . . . . . . . . . X . . .
17 . . . X . . . . . . X . . . . X . . .
16 . . . X X . . . . X X . . . . X X . .
15 . . . X . . . . . . . . . . . X . . .
14 . . . . . . . . . . . . . . . X . . .
13 . . . . . . . . . . . . . . . . . . .
12 . . . . . . . . . X . . . . . . . . .
11 . . X X . . . . . X . . . . . . . . .
10 . . X . . . . . . X . . . . . X X . .
 9 . . . . . . . . . . . . . . . . . . .
 8 . . . . . . . . . . . . . . . . . . .
 7 . . . . . . . . . X . . . . . . . . .
 6 . . . X . . . X X X . . . . . X . . .
 5 . . . X . . . X . X . . . . . X . . .
 4 . . . X . . . . X X X . . . . X . . .
 3 . X X X X . . . X . X . . . . X X3. .
 2 . X . . . . . . . X1. . . . . . O2. .
 1 X X . . . . . . . . . . . . . . . . .

koPOSITIONALscoreAREAtaxNONEsui1komi7.5
Time taken: 7.55543
Root visits: 111
New playouts: 111
NN rows: 95
NN batches: 95
NN avg batch size: 1
PlayoutDoublingAdvantage: 2.75
PV: S2 S1 S3
Tree:
: T -133.69c W -100.00c S -33.99c (-340.9 L -338.8) N     111  --  S2 S1 S3
---White(^)---
S2  : T -132.34c W -100.00c S -32.44c (-334.7 L -331.5) LCB -139.34c P  5.82% WF  81.4 PSV     101 N      18  --  S2 S1 S3
S3  : T -132.68c W -100.00c S -32.67c (-335.5 L -331.4) LCB -141.40c P  7.42% WF  67.8 PSV      68 N      14  --  S3 Q2 S4
pss : T -133.22c W -100.00c S -33.23c (-339.6 L -337.8) LCB -142.67c P 11.55% WF  62.7 PSV      63 N      16  --  pass S2 S1
Q2  : T -128.20c W -100.00c S -28.76c (-322.1 L -317.6) LCB -146.00c P  4.69% WF  32.6 PSV      32 N      10  --  Q2 P2 S3
S4  : T -134.40c W -100.00c S -34.40c (-341.5 L -337.0) LCB -484.44c P  2.24% WF   7.5 PSV       8 N       1  --  S4
S18 : T -134.68c W -100.00c S -34.68c (-344.5 L -343.7) LCB -484.72c P  2.22% WF   7.5 PSV       7 N       1  --  S18
S1  : T -134.50c W -100.00c S -34.50c (-342.9 L -338.0) LCB -484.54c P  1.60% WF   7.4 PSV       5 N       1  --  S1
S17 : T -134.81c W -100.00c S -34.81c (-346.2 L -345.4) LCB -484.85c P  1.58% WF   7.6 PSV       5 N       1  --  S17
T2  : T -134.44c W -100.00c S -34.44c (-342.0 L -337.9) LCB -484.48c P  1.54% WF   7.3 PSV       5 N       1  --  T2
M2  : T -134.63c W -100.00c S -34.63c (-343.8 L -343.0) LCB -484.67c P  1.13% WF   7.5 PSV       3 N       1  --  M2

2025-11-16 20:42:53-0500: = pass
2025-11-16 20:42:53-0500: Controller: kata-set-param maxVisits 100
2025-11-16 20:42:53-0500: = 
2025-11-16 20:42:53-0500: Controller: kata-genmove_analyze b
2025-11-16 20:42:53-0500: =
2025-11-16 20:43:01-0500: MoveNum: 4 HASH: E508DF6F92625A7CB5799000E414B1E2
   A B C D E F G H J K L M N O P Q R S T
19 . . . . . . . . . . . . . . X . . . .
18 X X X X . . . . . . . . . . . X . . .
17 . . . X . . . . . . X . . . . X . . .
16 . . . X X . . . . X X . . . . X X . .
15 . . . X . . . . . . . . . . . X . . .
14 . . . . . . . . . . . . . . . X . . .
13 . . . . . . . . . . . . . . . . . . .
12 . . . . . . . . . X . . . . . . . . .
11 . . X X . . . . . X . . . . . . . . .
10 . . X . . . . . . X . . . . . X X . .
 9 . . . . . . . . . . . . . . . . . . .
 8 . . . . . . . . . . . . . . . . . . .
 7 . . . . . . . . . X . . . . . . . . .
 6 . . . X . . . X X X . . . . . X . . .
 5 . . . X . . . X . X . . . . . X . . .
 4 . . . X . . . . X X X . . . . X . . .
 3 . X X X X . . . X . X . . . . X X2. .
 2 . X . . . . . . . X . . . . . @ O1. .
 1 X X . . . . . . . . . . . . . . . . .

koPOSITIONALscoreAREAtaxNONEsui1komi7.5
Time taken: 8.01872
Root visits: 22
New playouts: 22
NN rows: 17
NN batches: 17
NN avg batch size: 1
PlayoutDoublingAdvantage: -2.75
PV: S2 S1
Tree:
: T 120.00c W 100.00c S  16.22c (+340.7 L +339.9) N      22  --  S2 S1
---Black(^)---
S2  : T 120.63c W 100.00c S  17.26c (+341.5 L +340.9) LCB  110.81c P 46.51% WF  53.2 PSV      60 N      11  --  S2 S1
Q2  : T 121.28c W 100.00c S  17.49c (+342.1 L +341.4) LCB  108.42c P 35.26% WF  45.5 PSV      46 N       9  --  Q2 H2
R1  : T  87.90c W 100.00c S -12.10c (+298.8 L +297.4) LCB -262.10c P  5.54% WF   3.3 PSV       0 N       1  --  R1
pss : T  87.14c W 100.00c S -12.86c (+296.0 L +295.0) LCB -1400.00c P  0.00% WF   0.0 PSV       0 N       1  --  pass

2025-11-16 20:43:01-0500: play Q2
2025-11-16 20:43:02-0500: Controller: genmove w
2025-11-16 20:43:10-0500: MoveNum: 5 HASH: 932A3444FC4656708E173AE4BF5EBBEC
   A B C D E F G H J K L M N O P Q R S T
19 . . . . . . . . . . . . . . X . . . .
18 X X X X . . . . . . . . . . . X . . .
17 . . . X . . . . . . X . . . . X . . .
16 . . . X X . . . . X X . . . . X X . .
15 . . . X . . . . . . . . . . . X . . .
14 . . . . . . . . . . . . . . . X . . .
13 . . . . . . . . . . . . . . . . . . .
12 . . . . . . . . . X . . . . . . . . .
11 . . X X . . . . . X . . . . . . . . .
10 . . X . . . . . . X . . . . . X X . .
 9 . . . . . . . . . . . . . . . . . . .
 8 . . . . . . . . . . . . . . . . . . .
 7 . . . . . . . . . X . . . . . . . . .
 6 . . . X . . . X X X . . . . . X . . .
 5 . . . X . . . X . X . . . . . X . . .
 4 . . . X . . . . X X X . . . . X . . .
 3 . X X X X . . . X . X . . . . X X1. .
 2 . X . . . . . . . X . . . . . X3O . .
 1 X X . . . . . . . . . . . . . . . . .

koPOSITIONALscoreAREAtaxNONEsui1komi7.5
Time taken: 8.8413
Root visits: 111
New playouts: 111
NN rows: 103
NN batches: 101
NN avg batch size: 1.0198
PlayoutDoublingAdvantage: 2.75
PV: S2 S3 S18
Tree:
: T -134.58c W -100.00c S -34.70c (-344.1 L -343.4) N     111  --  S2 S3 S18
---White(^)---
S2  : T -133.58c W -100.00c S -33.56c (-338.2 L -337.1) LCB -139.73c P  5.60% WF  83.6 PSV      93 N      18  --  S2 S3 S18
S18 : T -133.54c W -100.00c S -33.45c (-337.3 L -336.0) LCB -140.72c P  4.29% WF  74.3 PSV      68 N      15  --  S18 S2 S4
pss : T -133.54c W -100.00c S -33.58c (-341.6 L -340.6) LCB -148.70c P 10.77% WF  46.1 PSV      46 N      12  --  pass R1 pass
S17 : T -135.01c W -100.00c S -35.01c (-345.8 L -345.8) LCB -485.04c P  2.88% WF   7.6 PSV       8 N       1  --  S17
M2  : T -134.86c W -100.00c S -34.86c (-343.8 L -343.8) LCB -484.89c P  1.46% WF   7.5 PSV       7 N       1  --  M2
S4  : T -135.01c W -100.00c S -35.01c (-345.8 L -345.0) LCB -485.04c P  1.29% WF   7.6 PSV       6 N       1  --  S4
S1  : T -135.03c W -100.00c S -35.03c (-346.1 L -344.7) LCB -485.06c P  1.17% WF   7.6 PSV       5 N       1  --  S1
G18 : T -135.03c W -100.00c S -35.03c (-346.2 L -345.7) LCB -485.06c P  1.06% WF   7.5 PSV       5 N       1  --  G18
H2  : T -134.92c W -100.00c S -34.92c (-344.6 L -344.4) LCB -484.95c P  1.03% WF   7.6 PSV       5 N       1  --  H2
F2  : T -134.93c W -100.00c S -34.93c (-344.8 L -344.6) LCB -484.97c P  0.97% WF   7.6 PSV       4 N       1  --  F2

2025-11-16 20:43:10-0500: = pass
2025-11-16 20:43:10-0500: Controller: kata-set-param maxVisits 100
2025-11-16 20:43:10-0500: = 
2025-11-16 20:43:10-0500: Controller: kata-genmove_analyze b
2025-11-16 20:43:10-0500: =
2025-11-16 20:43:17-0500: MoveNum: 6 HASH: 932A3444FC4656708E173AE4BF5EBBEC
   A B C D E F G H J K L M N O P Q R S T
19 . . . . . . . . . . . . . . X . . . .
18 X X X X . . . . . . . . . . . X . . .
17 . . . X . . . . . . X . . . . X . . .
16 . . . X X . . . . X X . . . . X X . .
15 . . . X . . . . . . . . . . . X . . .
14 . . . . . . . . . . . . . . . X . . .
13 . . . . . . . . . . . . . . . . . . .
12 . . . . . . . . . X . . . . . . . . .
11 . . X X . . . . . X . . . . . . . . .
10 . . X . . . . . . X . . . . . X X . .
 9 . . . . . . . . . . . . . . . . . . .
 8 . . . . . . . . . . . . . . . . . . .
 7 . . . . . . . . . X . . . . . . . . .
 6 . . . X . . . X X X . . . . . X . . .
 5 . . . X . . . X . X . . . . . X . . .
 4 . . . X . . . . X X X . . . . X . . .
 3 . X X X X . . . X . X . . . . X X . .
 2 . X . . . . . . . X . . . . . X2O @ .
 1 X X . . . . . . . . . . . . . . . . .

koPOSITIONALscoreAREAtaxNONEsui1komi7.5
Time taken: 7.06445
Root visits: 11
New playouts: 11
NN rows: 9
NN batches: 9
NN avg batch size: 1
PlayoutDoublingAdvantage: -2.75
PV: S2 M2
Tree:
: T 119.36c W 100.00c S  14.99c (+338.8 L +338.5) N      11  --  S2 M2
---Black(^)---
S2  : T 121.52c W 100.00c S  17.47c (+341.5 L +341.3) LCB  108.33c P 56.03% WF  45.3 PSV      45 N       9  --  S2 M2
R1  : T  87.51c W 100.00c S -12.49c (+296.1 L +298.1) LCB -262.49c P 32.21% WF   3.6 PSV       3 N       1  --  R1
pss : T  87.43c W 100.00c S -12.56c (+295.1 L +294.6) LCB -1400.00c P  0.00% WF   0.0 PSV       0 N       1  --  pass

2025-11-16 20:43:17-0500: play S2
2025-11-16 20:43:18-0500: Controller: genmove w
2025-11-16 20:43:26-0500: MoveNum: 7 HASH: 74631AFC2FD31D8F8B0C9BAD267CA15C
   A B C D E F G H J K L M N O P Q R S T
19 . . . . . . . . . . . . . . X . . . .
18 X X X X . . . . . . . . . . . X . @ .
17 . . . X . . . . . . X . . . . X . . .
16 . . . X X . . . . X X . . . . X X . .
15 . . . X . . . . . . . . . . . X . . .
14 . . . . . . . . . . . . . . . X . . .
13 . . . . . . . . . . . . . . . . . . .
12 . . . . . . . . . X . . . . . . . . .
11 . . X X . . . . . X . . . . . . . . .
10 . . X . . . . . . X . . . . . X X . .
 9 . . . . . . . . . . . . . . . . . . .
 8 . . . . . . . . . . . . . . . . . . .
 7 . . . . . . . . . X . . . . . . . . .
 6 . . . X . . . X X X . . . . . X . . .
 5 . . . X . . . X . X . . . . . X . . .
 4 . . . X . . . . X X X . . . . X . . .
 3 . X X X X . . . X . X . . . . X X . .
 2 . X . . . . . . . X . . . . . X1O X3.
 1 X X . . . . . . . . . . . . . . . . .

koPOSITIONALscoreAREAtaxNONEsui1komi7.5
Time taken: 8.84832
Root visits: 111
New playouts: 111
NN rows: 103
NN batches: 101
NN avg batch size: 1.0198
PlayoutDoublingAdvantage: 2.75
PV: S18 R1 S4
Tree:
: T -134.58c W -100.00c S -34.68c (-343.1 L -342.4) N     111  --  S18 R1 S4
---White(^)---
S18 : T -133.70c W -100.00c S -33.59c (-337.0 L -335.7) LCB -138.45c P  5.29% WF 101.1 PSV     112 N      21  --  S18 R1 S4
S17 : T -133.75c W -100.00c S -33.59c (-336.9 L -335.8) LCB -139.52c P  3.72% WF  83.5 PSV      65 N      17  --  S17 R1 T18
pss : T -133.72c W -100.00c S -33.88c (-341.3 L -340.2) LCB -146.21c P 11.47% WF  54.0 PSV      54 N      12  --  pass R1 S18
S4  : T -135.10c W -100.00c S -35.10c (-346.1 L -345.5) LCB -485.13c P  2.87% WF   7.6 PSV       8 N       1  --  S4
H2  : T -134.92c W -100.00c S -34.92c (-343.6 L -343.4) LCB -484.96c P  2.09% WF   7.5 PSV       8 N       1  --  H2
S15 : T -135.10c W -100.00c S -35.10c (-346.2 L -345.9) LCB -485.14c P  1.86% WF   7.6 PSV       8 N       1  --  S15
M2  : T -134.91c W -100.00c S -34.91c (-343.4 L -343.2) LCB -484.94c P  1.51% WF   7.5 PSV       8 N       1  --  M2
R1  : T -134.92c W -100.00c S -34.92c (-343.6 L -343.1) LCB -484.95c P  1.20% WF   7.6 PSV       7 N       1  --  R1
S9  : T -135.20c W -100.00c S -35.20c (-347.5 L -347.0) LCB -485.23c P  1.34% WF   7.6 PSV       6 N       1  --  S9
S11 : T -135.18c W -100.00c S -35.18c (-347.4 L -347.0) LCB -485.21c P  1.33% WF   7.6 PSV       6 N       1  --  S11

2025-11-16 20:43:26-0500: = S18
2025-11-16 20:43:26-0500: Controller: kata-set-param maxVisits 100
2025-11-16 20:43:26-0500: = 
2025-11-16 20:43:26-0500: Controller: kata-genmove_analyze b
2025-11-16 20:43:26-0500: =
2025-11-16 20:43:33-0500: MoveNum: 8 HASH: 462527CDF4C6AC3ECE0D2BCD31F20649
   A B C D E F G H J K L M N O P Q R S T
19 . . . . . . . . . . . . . . X . . . .
18 X X X X . . . . . . . . . . . X . O3.
17 . . . X . . . . . . X . . . . X . . .
16 . . . X X . . . . X X . . . . X X . .
15 . . . X . . . . . . . . . . . X . . .
14 . . . . . . . . . . . . . . . X . . .
13 . . . . . . . . . . . . . . . . . . .
12 . . . . . . . . . X . . . . . . . . .
11 . . X X . . . . . X . . . . . . . . .
10 . . X . . . . . . X . . . . . X X . .
 9 . . . . . . . . . . . . . . . . . . .
 8 . . . . . . . . . . . . . . . . . . .
 7 . . . . . . . . . X . . . . . . . . .
 6 . . . X . . . X X X . . . . . X . . .
 5 . . . X . . . X . X . . . . . X . . .
 4 . . . X . . . . X X X . . . . X . . .
 3 . X X X X . . . X . X . . . . X X . .
 2 . X . . . . . . . X . . . . . X O X2.
 1 X X . . . . . . . . . . . . . . @ . .

koPOSITIONALscoreAREAtaxNONEsui1komi7.5
Time taken: 6.39645
Root visits: 45
New playouts: 45
NN rows: 33
NN batches: 33
NN avg batch size: 1
PlayoutDoublingAdvantage: -2.75
PV: R1 T19
Tree:
: T 119.98c W 100.00c S  16.72c (+339.8 L +339.0) N      45  --  R1 T19
---Black(^)---
R1  : T 123.17c W 100.00c S  21.71c (+344.3 L +343.6) LCB  119.25c P 45.50% WF 118.4 PSV     117 N      23  --  R1 T19
S17 : T 122.38c W 100.00c S  19.72c (+342.6 L +341.6) LCB  115.33c P 20.79% WF  71.0 PSV      42 N      14  --  S17 T19
R18 : T  87.88c W 100.00c S -12.12c (+297.2 L +297.0) LCB -262.12c P 11.18% WF   3.4 PSV       2 N       1  --  R18
S19 : T  87.53c W 100.00c S -12.47c (+295.8 L +295.3) LCB -262.47c P  4.70% WF   3.5 PSV       0 N       1  --  S19
T18 : T  87.61c W 100.00c S -12.39c (+296.1 L +295.5) LCB -262.39c P  2.16% WF   3.4 PSV       0 N       1  --  T18
S3  : T  88.39c W 100.00c S -11.61c (+298.5 L +297.3) LCB -261.61c P  1.29% WF   3.2 PSV       0 N       1  --  S3
Q19 : T  88.55c W 100.00c S -11.45c (+299.2 L +297.5) LCB -261.45c P  0.51% WF   2.3 PSV       0 N       1  --  Q19
R19 : T  87.94c W 100.00c S -12.06c (+297.3 L +296.8) LCB -262.19c P  0.16% WF   1.0 PSV       0 N       1  --  R19
S4  : T  88.44c W 100.00c S -11.56c (+298.9 L +297.9) LCB -261.70c P  0.11% WF   0.8 PSV       0 N       1  --  S4

2025-11-16 20:43:33-0500: play R1
2025-11-16 20:43:33-0500: Controller: genmove w
2025-11-16 20:43:41-0500: MoveNum: 9 HASH: F8ADAD39057656660AA1E6DA95DBEB2A
   A B C D E F G H J K L M N O P Q R S T
19 . . . . . . . . . . . . . . X . . . .
18 X X X X . . . . . . . . . . . X . O2.
17 . . . X . . . . . . X . . . . X . . .
16 . . . X X . . . . X X . . . . X X . .
15 . . . X . . . . . . . . . . . X . . .
14 . . . . . . . . . . . . . . . X . . .
13 . . . . . . . . . . . . . . . . . . .
12 . . . . . . . . . X . . . . . . . . .
11 . . X X . . . . . X . . . . . . . . .
10 . . X . . . . . . X . . . . . X X . .
 9 . . . . . . . . . . . . . . . . . . .
 8 . . . . . . . . . . . . . . . . . . .
 7 . . . . . . . . . X . . . . . . . . .
 6 . . . X . . . X X X . . . . . X . . .
 5 . . . X . . . X . X . . . . . X . . .
 4 . . . X . . . . X X X . . . . X . . .
 3 . X X X X . . . X . X . . . . X X . .
 2 . X . . . . . . . X . . . . . X . X1.
 1 X X . . . . . . . . . . . . . . X3. .

koPOSITIONALscoreAREAtaxNONEsui1komi7.5
Time taken: 7.74368
Root visits: 111
New playouts: 111
NN rows: 89
NN batches: 88
NN avg batch size: 1.01136
PlayoutDoublingAdvantage: 2.75
PV: pass R18 S17
Tree:
: T -134.55c W -100.00c S -34.70c (-344.8 L -344.0) N     111  --  pass R18 S17
---White(^)---
pss : T -133.45c W -100.00c S -33.78c (-341.1 L -339.8) LCB -141.51c P 11.33% WF  77.4 PSV      77 N      17  --  pass R18 S17
S4  : T -126.93c W -100.00c S -32.94c (-335.3 L -334.3) LCB -366.42c P  2.79% WF   9.4 PSV      10 N       2  --  S4 S17
S15 : T -134.77c W -100.00c S -34.77c (-344.8 L -344.1) LCB -484.81c P  2.38% WF   7.5 PSV       8 N       1  --  S15
S17 : T -134.83c W -100.00c S -34.83c (-345.8 L -345.6) LCB -484.87c P  1.36% WF   7.5 PSV       4 N       1  --  S17
S11 : T -134.93c W -100.00c S -34.93c (-347.0 L -346.2) LCB -484.97c P  1.22% WF   7.5 PSV       4 N       1  --  S11
S13 : T -134.83c W -100.00c S -34.83c (-345.6 L -345.2) LCB -484.87c P  1.11% WF   7.5 PSV       3 N       1  --  S13
R19 : T -134.69c W -100.00c S -34.69c (-344.1 L -343.9) LCB -484.73c P  1.05% WF   7.5 PSV       3 N       1  --  R19
S9  : T -134.98c W -100.00c S -34.98c (-347.7 L -346.7) LCB -485.01c P  0.98% WF   7.5 PSV       3 N       1  --  S9
S12 : T -134.96c W -100.00c S -34.96c (-347.3 L -346.7) LCB -484.99c P  0.98% WF   7.5 PSV       3 N       1  --  S12
R18 : T -134.73c W -100.00c S -34.73c (-344.5 L -343.7) LCB -484.77c P  0.97% WF   7.4 PSV       3 N       1  --  R18

2025-11-16 20:43:41-0500: = pass
2025-11-16 20:43:41-0500: Controller: kata-set-param maxVisits 100
2025-11-16 20:43:41-0500: = 
2025-11-16 20:43:41-0500: Controller: kata-genmove_analyze b
2025-11-16 20:43:41-0500: =
2025-11-16 20:43:48-0500: MoveNum: 10 HASH: F8ADAD39057656660AA1E6DA95DBEB2A
   A B C D E F G H J K L M N O P Q R S T
19 . . . . . . . . . . . . . . X . . . .
18 X X X X . . . . . . . . . . . X . O1.
17 . . . X . . . . . . X . . . . X . @ .
16 . . . X X . . . . X X . . . . X X . .
15 . . . X . . . . . . . . . . . X . . .
14 . . . . . . . . . . . . . . . X . . .
13 . . . . . . . . . . . . . . . . . . .
12 . . . . . . . . . X . . . . . . . . .
11 . . X X . . . . . X . . . . . . . . .
10 . . X . . . . . . X . . . . . X X . .
 9 . . . . . . . . . . . . . . . . . . .
 8 . . . . . . . . . . . . . . . . . . .
 7 . . . . . . . . . X . . . . . . . . .
 6 . . . X . . . X X X . . . . . X . . .
 5 . . . X . . . X . X . . . . . X . . .
 4 . . . X . . . . X X X . . . . X . . .
 3 . X X X X . . . X . X . . . . X X . .
 2 . X . . . . . . . X . . . . . X . X .
 1 X X . . . . . . . . . . . . . . X2. .

koPOSITIONALscoreAREAtaxNONEsui1komi7.5
Time taken: 7.19942
Root visits: 22
New playouts: 22
NN rows: 17
NN batches: 17
NN avg batch size: 1
PlayoutDoublingAdvantage: -2.75
PV: S17 T19
Tree:
: T 120.32c W 100.00c S  16.71c (+339.7 L +339.0) N      22  --  S17 T19
---Black(^)---
S17 : T 123.72c W 100.00c S  21.54c (+344.3 L +343.5) LCB  118.31c P 47.25% WF  93.1 PSV      92 N      18  --  S17 T19
R18 : T  87.68c W 100.00c S -12.32c (+295.7 L +296.5) LCB -262.32c P 25.78% WF   3.3 PSV       3 N       1  --  R18
S19 : T  87.43c W 100.00c S -12.57c (+294.8 L +295.1) LCB -262.57c P  8.51% WF   3.4 PSV       1 N       1  --  S19
T18 : T  87.42c W 100.00c S -12.58c (+294.7 L +295.1) LCB -262.58c P  2.55% WF   3.3 PSV       0 N       1  --  T18
pss : T  87.60c W 100.00c S -12.39c (+294.6 L +293.9) LCB -1400.00c P  0.00% WF   0.0 PSV       0 N       1  --  pass

2025-11-16 20:43:48-0500: play S17
2025-11-16 20:43:48-0500: Controller: genmove w
2025-11-16 20:43:56-0500: MoveNum: 11 HASH: 0E5FA87B891D4510BD78C1A5353DA00E
   A B C D E F G H J K L M N O P Q R S T
19 . . . . . . . . . . . . . . X . . . .
18 X X X X . . . . . . . . . . . X . O .
17 . . . X . . . . . . X . . . . X . X3.
16 . . . X X . . . . X X . . . . X X . .
15 . . . X . . . . . . . . . . . X . . .
14 . . . . . . . . . . . . . . . X . . .
13 . . . . . . . . . . . . . . . . . . .
12 . . . . . . . . . X . . . . . . . . .
11 . . X X . . . . . X . . . . . . . . .
10 . . X . . . . . . X . . . . . X X . .
 9 . . . . . . . . . . . . . . . . . . .
 8 . . . . . . . . . . . . . . . . . . .
 7 . . . . . . . . . X . . . . . . . . .
 6 . . . X . . . X X X . . . . . X . . .
 5 . . . X . . . X . X . . . . . X . . .
 4 . . . X . . . . X X X . . . . X . @ .
 3 . X X X X . . . X . X . . . . X X . .
 2 . X . . . . . . . X . . . . . X . X .
 1 X X . . . . . . . . . . . . . . X1. .

koPOSITIONALscoreAREAtaxNONEsui1komi7.5
Time taken: 8.09681
Root visits: 111
New playouts: 111
NN rows: 94
NN batches: 93
NN avg batch size: 1.01075
PlayoutDoublingAdvantage: 2.75
PV: pass R18 S4
Tree:
: T -134.38c W -100.00c S -34.70c (-342.6 L -341.9) N     111  --  pass R18 S4
---White(^)---
pss : T -133.82c W -100.00c S -34.03c (-340.1 L -339.1) LCB -140.15c P 11.41% WF  89.2 PSV      89 N      19  --  pass R18 S4
S4  : T -130.52c W -100.00c S -30.67c (-325.6 L -325.1) LCB -145.77c P  3.37% WF  40.5 PSV      40 N      11  --  S4 R18 pass
H2  : T -129.13c W -100.00c S -29.60c (-321.7 L -321.3) LCB -149.55c P  2.62% WF  31.5 PSV      31 N       9  --  H2 R18 pass
S15 : T -135.16c W -100.00c S -35.16c (-346.2 L -345.3) LCB -485.19c P  2.13% WF   7.5 PSV       8 N       1  --  S15
R18 : T -135.17c W -100.00c S -35.17c (-346.4 L -345.5) LCB -485.20c P  1.66% WF   7.4 PSV       6 N       1  --  R18
S9  : T -135.29c W -100.00c S -35.29c (-348.2 L -347.5) LCB -485.32c P  1.45% WF   7.6 PSV       5 N       1  --  S9
M2  : T -135.03c W -100.00c S -35.03c (-344.3 L -343.7) LCB -485.06c P  1.41% WF   7.5 PSV       5 N       1  --  M2
S11 : T -135.25c W -100.00c S -35.25c (-347.5 L -346.7) LCB -485.28c P  1.35% WF   7.5 PSV       5 N       1  --  S11
B9  : T -135.13c W -100.00c S -35.13c (-345.7 L -344.8) LCB -485.16c P  1.30% WF   7.5 PSV       5 N       1  --  B9
S8  : T -135.17c W -100.00c S -35.17c (-346.3 L -345.7) LCB -485.20c P  1.15% WF   7.5 PSV       4 N       1  --  S8

2025-11-16 20:43:56-0500: = S4
2025-11-16 20:43:56-0500: Controller: kata-set-param maxVisits 100
2025-11-16 20:43:56-0500: = 
2025-11-16 20:43:56-0500: Controller: kata-genmove_analyze b
2025-11-16 20:43:56-0500: =
2025-11-16 20:44:03-0500: MoveNum: 12 HASH: F4476C8E95A07CFCB2074390E90B6788
   A B C D E F G H J K L M N O P Q R S T
19 . . . . . . . . . . . . . . X . . . .
18 X X X X . . . . . . . . . . . X @ O .
17 . . . X . . . . . . X . . . . X . X2.
16 . . . X X . . . . X X . . . . X X . .
15 . . . X . . . . . . . . . . . X . . .
14 . . . . . . . . . . . . . . . X . . .
13 . . . . . . . . . . . . . . . . . . .
12 . . . . . . . . . X . . . . . . . . .
11 . . X X . . . . . X . . . . . . . . .
10 . . X . . . . . . X . . . . . X X . .
 9 . . . . . . . . . . . . . . . . . . .
 8 . . . . . . . . . . . . . . . . . . .
 7 . . . . . . . . . X . . . . . . . . .
 6 . . . X . . . X X X . . . . . X . . .
 5 . . . X . . . X . X . . . . . X . . .
 4 . . . X . . . . X X X . . . . X . O3.
 3 . X X X X . . . X . X . . . . X X . .
 2 . X . . . . . . . X . . . . . X . X .
 1 X X . . . . . . . . . . . . . . X . .

koPOSITIONALscoreAREAtaxNONEsui1komi7.5
Time taken: 6.50435
Root visits: 45
New playouts: 45
NN rows: 35
NN batches: 34
NN avg batch size: 1.02941
PlayoutDoublingAdvantage: -2.75
PV: R18 S8
Tree:
: T 117.75c W 100.00c S  13.91c (+337.4 L +336.7) N      45  --  R18 S8
---Black(^)---
R18 : T 121.44c W 100.00c S  19.10c (+342.5 L +341.8) LCB  115.09c P 26.29% WF  73.2 PSV      72 N      15  --  R18 S8
T18 : T 120.85c W 100.00c S  18.27c (+341.6 L +340.6) LCB  113.84c P 22.88% WF  66.7 PSV      52 N      14  --  T18 S9
S5  : T 120.69c W 100.00c S  16.29c (+340.2 L +339.5) LCB  105.44c P 15.17% WF  38.4 PSV      32 N       8  --  S5 M2
S3  : T  87.78c W 100.00c S -12.22c (+298.0 L +298.7) LCB -262.22c P  9.70% WF   3.4 PSV       1 N       1  --  S3
S19 : T  88.29c W 100.00c S -11.71c (+299.7 L +299.2) LCB -261.71c P  5.54% WF   3.5 PSV       1 N       1  --  S19
T4  : T  87.55c W 100.00c S -12.45c (+296.5 L +296.6) LCB -262.45c P  3.44% WF   3.4 PSV       0 N       1  --  T4
R4  : T  87.67c W 100.00c S -12.33c (+297.4 L +297.5) LCB -262.33c P  3.21% WF   3.4 PSV       0 N       1  --  R4
R17 : T  88.23c W 100.00c S -11.77c (+298.9 L +298.7) LCB -261.77c P  1.13% WF   3.3 PSV       0 N       1  --  R17
S16 : T  88.21c W 100.00c S -11.79c (+299.2 L +299.5) LCB -261.79c P  0.39% WF   1.8 PSV       0 N       1  --  S16
Q19 : T  88.35c W 100.00c S -11.65c (+299.3 L +298.6) LCB -261.65c P  0.38% WF   1.8 PSV       0 N       1  --  Q19

2025-11-16 20:44:03-0500: play R18
2025-11-16 20:44:03-0500: Controller: genmove w
2025-11-16 20:44:11-0500: MoveNum: 13 HASH: 83C1A7E7BDD74BEF819591E47A9EFCC9
   A B C D E F G H J K L M N O P Q R S T
19 . . . . . . . . . . . . . . X . . . .
18 X X X X . . . . . . . . . . . X X3O .
17 . . . X . . . . . . X . . . . X . X1.
16 . . . X X . . . . X X . . . . X X . .
15 . . . X . . . . . . . . . . . X . . .
14 . . . . . . . . . . . . . . . X . . .
13 . . . . . . . . . . . . . . . . . . .
12 . . . . . . . . . X . . . . . . . . .
11 . . X X . . . . . X . . . . . . . . .
10 . . X . . . . . . X . . . . . X X . .
 9 . . . . . . . . . . . . . . . . . . .
 8 . . . . . . . . . . . . . . . . . . .
 7 . . . . . . . . . X . . . . . . . . .
 6 . . . X . . . X X X . . . . . X . @ .
 5 . . . X . . . X . X . . . . . X . . .
 4 . . . X . . . . X X X . . . . X . O2.
 3 . X X X X . . . X . X . . . . X X . .
 2 . X . . . . . . . X . . . . . X . X .
 1 X X . . . . . . . . . . . . . . X . .

koPOSITIONALscoreAREAtaxNONEsui1komi7.5
Time taken: 8.44119
Root visits: 111
New playouts: 111
NN rows: 97
NN batches: 96
NN avg batch size: 1.01042
PlayoutDoublingAdvantage: 2.75
PV: S6 S19 S9
Tree:
: T -134.01c W -100.00c S -34.31c (-342.9 L -341.9) N     111  --  S6 S19 S9
---White(^)---
S6  : T -133.24c W -100.00c S -33.06c (-337.4 L -335.1) LCB -138.21c P  3.49% WF 100.0 PSV     129 N      21  --  S6 S19 S9
pss : T -133.64c W -100.00c S -33.82c (-341.3 L -340.4) LCB -138.82c P 16.73% WF 108.2 PSV     108 N      22  --  pass S19 S15
S15 : T -125.67c W -100.00c S -31.02c (-330.7 L -329.7) LCB -287.14c P  2.47% WF  11.2 PSV      11 N       3  --  S15 S19
S9  : T -126.26c W -100.00c S -32.83c (-335.7 L -335.2) LCB -371.46c P  2.36% WF   9.3 PSV      10 N       2  --  S9 S10
S8  : T -134.42c W -100.00c S -34.42c (-342.0 L -341.7) LCB -484.47c P  2.09% WF   7.4 PSV       8 N       1  --  S8
H2  : T -134.63c W -100.00c S -34.63c (-344.4 L -343.6) LCB -484.67c P  1.68% WF   7.5 PSV       6 N       1  --  H2
G18 : T -134.71c W -100.00c S -34.71c (-345.4 L -344.7) LCB -484.75c P  1.24% WF   7.5 PSV       4 N       1  --  G18
S11 : T -134.79c W -100.00c S -34.79c (-346.4 L -345.9) LCB -484.82c P  1.22% WF   7.5 PSV       4 N       1  --  S11
M2  : T -134.63c W -100.00c S -34.63c (-344.3 L -343.5) LCB -484.67c P  1.20% WF   7.5 PSV       4 N       1  --  M2
S12 : T -134.73c W -100.00c S -34.73c (-345.6 L -344.8) LCB -484.76c P  1.06% WF   7.5 PSV       4 N       1  --  S12

2025-11-16 20:44:11-0500: = S6
2025-11-16 20:44:11-0500: Controller: kata-set-param maxVisits 100
2025-11-16 20:44:11-0500: = 
2025-11-16 20:44:11-0500: Controller: kata-genmove_analyze b
2025-11-16 20:44:11-0500: =
2025-11-16 20:44:18-0500: MoveNum: 14 HASH: 14A60F7F8247A425FF1F1E0476EF7122
   A B C D E F G H J K L M N O P Q R S T
19 . . . . . . . . . . . . . . X . . @ .
18 X X X X . . . . . . . . . . . X X2O .
17 . . . X . . . . . . X . . . . X . X .
16 . . . X X . . . . X X . . . . X X . .
15 . . . X . . . . . . . . . . . X . . .
14 . . . . . . . . . . . . . . . X . . .
13 . . . . . . . . . . . . . . . . . . .
12 . . . . . . . . . X . . . . . . . . .
11 . . X X . . . . . X . . . . . . . . .
10 . . X . . . . . . X . . . . . X X . .
 9 . . . . . . . . . . . . . . . . . . .
 8 . . . . . . . . . . . . . . . . . . .
 7 . . . . . . . . . X . . . . . . . . .
 6 . . . X . . . X X X . . . . . X . O3.
 5 . . . X . . . X . X . . . . . X . . .
 4 . . . X . . . . X X X . . . . X . O1.
 3 . X X X X . . . X . X . . . . X X . .
 2 . X . . . . . . . X . . . . . X . X .
 1 X X . . . . . . . . . . . . . . X . .

koPOSITIONALscoreAREAtaxNONEsui1komi7.5
Time taken: 6.65472
Root visits: 45
New playouts: 45
NN rows: 32
NN batches: 32
NN avg batch size: 1
PlayoutDoublingAdvantage: -2.75
PV: S19 T7
Tree:
: T 113.89c W 100.00c S  10.52c (+333.3 L +331.4) N      45  --  S19 T7
---Black(^)---
S19 : T 120.41c W 100.00c S  18.67c (+342.1 L +340.3) LCB  115.09c P 28.36% WF  85.0 PSV      82 N      19  --  S19 T7
T18 : T 120.19c W 100.00c S  18.01c (+341.6 L +339.4) LCB  112.41c P 18.62% WF  58.8 PSV      50 N      13  --  T18 R5
R6  : T  87.89c W 100.00c S -12.11c (+297.9 L +296.2) LCB -262.11c P 10.42% WF   3.4 PSV       2 N       1  --  R6
S7  : T  88.24c W 100.00c S -11.76c (+299.5 L +297.7) LCB -261.76c P  9.10% WF   3.4 PSV       2 N       1  --  S7
S5  : T  87.48c W 100.00c S -12.52c (+297.2 L +295.4) LCB -262.52c P  7.96% WF   3.5 PSV       1 N       1  --  S5
S3  : T  88.88c W 100.00c S -11.12c (+301.7 L +299.0) LCB -261.12c P  3.26% WF   3.2 PSV       0 N       1  --  S3
R4  : T  88.67c W 100.00c S -11.33c (+300.2 L +296.9) LCB -261.33c P  2.24% WF   3.3 PSV       0 N       1  --  R4
T4  : T  88.18c W 100.00c S -11.82c (+298.9 L +295.9) LCB -261.82c P  1.99% WF   3.4 PSV       0 N       1  --  T4
T6  : T  89.28c W 100.00c S -10.72c (+302.3 L +298.6) LCB -260.72c P  1.86% WF   3.1 PSV       0 N       1  --  T6
S9  : T  88.16c W 100.00c S -11.83c (+298.9 L +297.6) LCB -261.98c P  1.55% WF   3.4 PSV       0 N       1  --  S9

2025-11-16 20:44:18-0500: play S19
2025-11-16 20:44:18-0500: Controller: genmove w
2025-11-16 20:44:26-0500: MoveNum: 15 HASH: 3EB226A8BA3C617D323B6B98F636D690
   A B C D E F G H J K L M N O P Q R S T
19 . . . . . . . . . . . . . . X . . X3.
18 X X X X . . . . . . . . . . . X X1O .
17 . . . X . . . . . . X . . . . X . X .
16 . . . X X . . . . X X . . . . X X . .
15 . . . X . . . . . . . . . . . X . . .
14 . . . . . . . . . . . . . . . X . . .
13 . . . . . . . . . . . . . . . . . . .
12 . . . . . . . . . X . . . . . . . . .
11 . . X X . . . . . X . . . . . . . . .
10 . . X . . . . . . X . . . . . X X . .
 9 . . . . . . . . . . . . . . . . . . .
 8 . . . . . . . . . . . . . . . . . @ .
 7 . . . . . . . . . X . . . . . . . . .
 6 . . . X . . . X X X . . . . . X . O2.
 5 . . . X . . . X . X . . . . . X . . .
 4 . . . X . . . . X X X . . . . X . O .
 3 . X X X X . . . X . X . . . . X X . .
 2 . X . . . . . . . X . . . . . X . X .
 1 X X . . . . . . . . . . . . . . X . .

koPOSITIONALscoreAREAtaxNONEsui1komi7.5
Time taken: 8.18476
Root visits: 111
New playouts: 111
NN rows: 93
NN batches: 91
NN avg batch size: 1.02198
PlayoutDoublingAdvantage: 2.75
PV: S8 S9 R7
Tree:
: T -133.39c W -100.00c S -33.71c (-340.7 L -338.7) N     111  --  S8 S9 R7
---White(^)---
S8  : T -131.98c W -100.00c S -31.99c (-335.4 L -330.6) LCB -137.54c P  7.26% WF 102.0 PSV     115 N      22  --  S8 S9 R7
pss : T -133.04c W -100.00c S -33.12c (-339.2 L -337.2) LCB -140.81c P 11.21% WF  75.4 PSV      67 N      16  --  pass T18 S8
S9  : T -132.55c W -100.00c S -32.76c (-338.2 L -334.1) LCB -141.33c P  9.17% WF  65.3 PSV      66 N      13  --  S9 S10 R5
R7  : T -127.61c W -100.00c S -32.17c (-333.8 L -330.2) LCB -347.01c P  3.08% WF   9.6 PSV      10 N       2  --  R7 R8
R5  : T -127.28c W -100.00c S -31.99c (-332.3 L -329.3) LCB -352.19c P  2.65% WF   9.4 PSV      10 N       2  --  R5 R6
T5  : T -133.98c W -100.00c S -33.98c (-340.6 L -339.5) LCB -484.03c P  1.70% WF   7.2 PSV       6 N       1  --  T5
S3  : T -134.00c W -100.00c S -34.00c (-340.6 L -339.4) LCB -484.05c P  1.35% WF   7.2 PSV       5 N       1  --  S3
S10 : T -134.72c W -100.00c S -34.72c (-348.9 L -345.2) LCB -484.76c P  1.13% WF   7.4 PSV       3 N       1  --  S10
S15 : T -134.27c W -100.00c S -34.27c (-343.1 L -342.4) LCB -484.32c P  0.94% WF   7.4 PSV       3 N       1  --  S15
S11 : T -133.96c W -100.00c S -33.96c (-340.1 L -339.0) LCB -484.01c P  0.87% WF   7.3 PSV       3 N       1  --  S11

2025-11-16 20:44:26-0500: = S8
2025-11-16 20:44:26-0500: Controller: kata-set-param maxVisits 100
2025-11-16 20:44:26-0500: = 
2025-11-16 20:44:26-0500: Controller: kata-genmove_analyze b
2025-11-16 20:44:26-0500: =
2025-11-16 20:44:32-0500: MoveNum: 16 HASH: B3040F57D64A99B7DB61A849B1E88B7A
   A B C D E F G H J K L M N O P Q R S T
19 . . . . . . . . . . . . . . X . . X2.
18 X X X X . . . . . . . . . . . X X O .
17 . . . X . . . . . . X . . . . X . X .
16 . . . X X . . . . X X . . . . X X . .
15 . . . X . . . . . . . . . . . X . . .
14 . . . . . . . . . . . . . . . X . . .
13 . . . . . . . . . . . . . . . . . . .
12 . . . . . . . . . X . . . . . . . . .
11 . . X X . . . . . X . . . . . . . . .
10 . . X . . . . . . X . . . . . X X @ .
 9 . . . . . . . . . . . . . . . . . . .
 8 . . . . . . . . . . . . . . . . . O3.
 7 . . . . . . . . . X . . . . . . . . .
 6 . . . X . . . X X X . . . . . X . O1.
 5 . . . X . . . X . X . . . . . X . . .
 4 . . . X . . . . X X X . . . . X . O .
 3 . X X X X . . . X . X . . . . X X . .
 2 . X . . . . . . . X . . . . . X . X .
 1 X X . . . . . . . . . . . . . . X . .

koPOSITIONALscoreAREAtaxNONEsui1komi7.5
Time taken: 5.45725
Root visits: 45
New playouts: 45
NN rows: 28
NN batches: 28
NN avg batch size: 1
PlayoutDoublingAdvantage: -2.75
PV: S10 T3
Tree:
: T 119.06c W 100.00c S  16.55c (+338.7 L +335.6) N      45  --  S10 T3
---Black(^)---
S10 : T 122.59c W 100.00c S  20.80c (+342.9 L +341.1) LCB  115.47c P 17.76% WF  66.4 PSV      70 N      14  --  S10 T3
S9  : T 121.77c W 100.00c S  20.13c (+341.8 L +339.7) LCB  115.15c P 24.92% WF  65.1 PSV      65 N      14  --  S9 Q8
R8  : T 121.85c W 100.00c S  19.77c (+342.1 L +338.1) LCB  107.74c P 13.21% WF  36.0 PSV      36 N       8  --  R8 R7
R7  : T  90.41c W 100.00c S  -9.59c (+303.0 L +297.6) LCB -259.69c P 14.02% WF   2.7 PSV       2 N       1  --  R7
R6  : T  92.90c W 100.00c S  -7.10c (+308.1 L +299.8) LCB -257.10c P 10.01% WF   2.4 PSV       2 N       1  --  R6
T7  : T  92.82c W 100.00c S  -7.18c (+307.1 L +299.6) LCB -257.36c P  2.54% WF   2.5 PSV       0 N       1  --  T7
S7  : T  96.54c W 100.00c S  -3.45c (+311.4 L +299.0) LCB -253.46c P  1.70% WF   2.6 PSV       0 N       1  --  S7
S11 : T  92.78c W 100.00c S  -7.22c (+308.0 L +300.5) LCB -257.45c P  1.70% WF   2.4 PSV       0 N       1  --  S11
R9  : T  92.67c W 100.00c S  -7.33c (+306.6 L +299.7) LCB -257.54c P  1.37% WF   2.5 PSV       0 N       1  --  R9
S5  : T  93.74c W 100.00c S  -6.26c (+308.7 L +298.4) LCB -256.26c P  1.24% WF   2.8 PSV       0 N       1  --  S5

2025-11-16 20:44:32-0500: play S10
2025-11-16 20:44:32-0500: Controller: genmove w
2025-11-16 20:44:40-0500: MoveNum: 17 HASH: 7E7E87597DF4BA328A8690DCE4696FAA
   A B C D E F G H J K L M N O P Q R S T
19 . . . . . . . . . . . . . . X . . X1.
18 X X X X . . . . . . . . . . . X X O .
17 . . . X . . . . . . X . . . . X . X .
16 . . . X X . . . . X X . . . . X X . .
15 . . . X . . . . . . . . . . . X . . .
14 . . . . . . . . . . . . . . . X . . .
13 . . . . . . . . . . . . . . . . . . .
12 . . . . . . . . . X . . . . . . . . .
11 . . X X . . . . . X . . . . . . . . .
10 . . X . . . . . . X . . . . . X X X3.
 9 . . . . . . . . . . . . . . . . . . .
 8 . . . . . . . . . . . . . . . . . O2.
 7 . . . . . . . . . X . . . . . . . . .
 6 . . . X . . . X X X . . . . . X . O .
 5 . . . X . . . X . X . . . . . X @ . .
 4 . . . X . . . . X X X . . . . X . O .
 3 . X X X X . . . X . X . . . . X X . .
 2 . X . . . . . . . X . . . . . X . X .
 1 X X . . . . . . . . . . . . . . X . .

koPOSITIONALscoreAREAtaxNONEsui1komi7.5
Time taken: 8.1134
Root visits: 111
New playouts: 111
NN rows: 97
NN batches: 93
NN avg batch size: 1.04301
PlayoutDoublingAdvantage: 2.75
PV: R5 R4 T5
Tree:
: T -133.59c W -100.00c S -33.66c (-340.8 L -338.9) N     111  --  R5 R4 T5
---White(^)---
R5  : T -132.11c W -100.00c S -31.81c (-333.3 L -328.3) LCB -136.80c P  4.99% WF  97.6 PSV     127 N      20  --  R5 R4 T5
R7  : T -132.71c W -100.00c S -32.31c (-334.6 L -330.0) LCB -138.57c P  9.69% WF  72.7 PSV      73 N      14  --  R7 R6 T7
pss : T -132.87c W -100.00c S -33.13c (-340.8 L -338.9) LCB -143.80c P 10.22% WF  59.8 PSV      60 N      13  --  pass T18 R7
T7  : T -133.34c W -100.00c S -33.11c (-338.5 L -335.4) LCB -142.29c P  5.17% WF  60.3 PSV      30 N      11  --  T7 R6 R7
T5  : T -134.13c W -100.00c S -34.13c (-342.6 L -338.7) LCB -484.17c P  2.83% WF   7.3 PSV       8 N       1  --  T5
S3  : T -134.14c W -100.00c S -34.14c (-342.6 L -341.3) LCB -484.19c P  2.22% WF   7.2 PSV       8 N       1  --  S3
S9  : T -134.27c W -100.00c S -34.27c (-343.7 L -341.1) LCB -484.31c P  1.99% WF   7.3 PSV       7 N       1  --  S9
Q8  : T -134.03c W -100.00c S -34.03c (-341.2 L -339.2) LCB -484.08c P  1.75% WF   7.3 PSV       7 N       1  --  Q8
G18 : T -134.50c W -100.00c S -34.50c (-346.1 L -346.1) LCB -484.54c P  1.01% WF   7.3 PSV       3 N       1  --  G18
T3  : T -134.00c W -100.00c S -34.00c (-341.1 L -340.5) LCB -484.05c P  0.84% WF   7.3 PSV       3 N       1  --  T3

2025-11-16 20:44:40-0500: = R5
2025-11-16 20:44:40-0500: Controller: kata-set-param maxVisits 100
2025-11-16 20:44:40-0500: = 
2025-11-16 20:44:40-0500: Controller: kata-genmove_analyze b
2025-11-16 20:44:40-0500: =
2025-11-16 20:44:45-0500: MoveNum: 18 HASH: 35855FCDC71BA79753819BCF7E64ED24
   A B C D E F G H J K L M N O P Q R S T
19 . . . . . . . . . . . . . . X . . X .
18 X X X X . . . . . . . . . . . X X O .
17 . . . X . . . . . . X . . . . X . X .
16 . . . X X . . . . X X . . . . X X . .
15 . . . X . . . . . . . . . . . X . . .
14 . . . . . . . . . . . . . . . X . . .
13 . . . . . . . . . . . . . . . . . . .
12 . . . . . . . . . X . . . . . . . . .
11 . . X X . . . . . X . . . . . . . . .
10 . . X . . . . . . X . . . . . X X X2.
 9 . . . . . . . . . . . . . . . . . . .
 8 . . . . . . . . . . . . . . . . . O1.
 7 . . . . . . . . . X . . . . . . . . .
 6 . . . X . . . X X X . . . . . X . O .
 5 . . . X . . . X . X . . . . . X O3. .
 4 . . . X . . . . X X X . . . . X @ O .
 3 . X X X X . . . X . X . . . . X X . .
 2 . X . . . . . . . X . . . . . X . X .
 1 X X . . . . . . . . . . . . . . X . .

koPOSITIONALscoreAREAtaxNONEsui1komi7.5
Time taken: 5.68361
Root visits: 45
New playouts: 45
NN rows: 30
NN batches: 29
NN avg batch size: 1.03448
PlayoutDoublingAdvantage: -2.75
PV: R6 Q8
Tree:
: T 118.19c W 100.00c S  15.59c (+338.7 L +335.7) N      45  --  R6 Q8
---Black(^)---
R6  : T 122.52c W 100.00c S  20.83c (+344.0 L +342.5) LCB  115.80c P 25.06% WF  68.3 PSV      67 N      15  --  R6 Q8
R4  : T 122.79c W 100.00c S  21.12c (+344.4 L +341.6) LCB  115.64c P 17.09% WF  63.1 PSV      51 N      13  --  R4 T5
T5  : T 120.07c W 100.00c S  16.05c (+339.1 L +337.4) LCB   96.31c P 14.94% WF  26.1 PSV      20 N       6  --  T5 S9
R7  : T  91.68c W 100.00c S  -8.32c (+308.2 L +302.1) LCB -258.52c P  9.23% WF   2.6 PSV       1 N       1  --  R7
T4  : T  92.51c W 100.00c S  -7.49c (+310.0 L +301.9) LCB -257.49c P  8.15% WF   2.7 PSV       1 N       1  --  T4
S7  : T  94.90c W 100.00c S  -5.10c (+311.6 L +300.9) LCB -255.10c P  2.86% WF   2.8 PSV       0 N       1  --  S7
T18 : T  96.09c W 100.00c S  -3.91c (+312.3 L +297.0) LCB -253.91c P  2.27% WF   2.4 PSV       0 N       1  --  T18
R8  : T  94.02c W 100.00c S  -5.98c (+311.4 L +302.7) LCB -255.98c P  2.14% WF   2.5 PSV       0 N       1  --  R8
T7  : T  91.68c W 100.00c S  -8.32c (+307.8 L +302.3) LCB -258.52c P  1.99% WF   2.7 PSV       0 N       1  --  T7
T3  : T  91.66c W 100.00c S  -8.34c (+308.2 L +302.7) LCB -258.54c P  1.95% WF   2.6 PSV       0 N       1  --  T3

2025-11-16 20:44:45-0500: play R4
2025-11-16 20:44:45-0500: Controller: genmove w
2025-11-16 20:44:54-0500: MoveNum: 19 HASH: 09D6C98A717C4F2B0B8AC761BA3014DD
   A B C D E F G H J K L M N O P Q R S T
19 . . . . . . . . . . . . . . X . . X .
18 X X X X . . . . . . . . . . . X X O .
17 . . . X . . . . . . X . . . . X . X .
16 . . . X X . . . . X X . . . . X X . .
15 . . . X . . . . . . . . . . . X . . .
14 . . . . . . . . . . . . . . . X . . .
13 . . . . . . . . . . . . . . . . . . .
12 . . . . . . . . . X . . . . . . . . .
11 . . X X . . . . . X . . . . . . . . .
10 . . X . . . . . . X . . . . . X X X1.
 9 . . . . . . . . . . . . . . . . . . .
 8 . . . . . . . . . . . . . . . . . O .
 7 . . . . . . . . . X . . . . . . . . .
 6 . . . X . . . X X X . . . . . X @ O .
 5 . . . X . . . X . X . . . . . X O2. .
 4 . . . X . . . . X X X . . . . X X3O .
 3 . X X X X . . . X . X . . . . X X . .
 2 . X . . . . . . . X . . . . . X . X .
 1 X X . . . . . . . . . . . . . . X . .

koPOSITIONALscoreAREAtaxNONEsui1komi7.5
Time taken: 8.18154
Root visits: 111
New playouts: 111
NN rows: 98
NN batches: 97
NN avg batch size: 1.01031
PlayoutDoublingAdvantage: 2.75
PV: R6 T4 T5
Tree:
: T -133.33c W -100.00c S -33.46c (-342.0 L -339.7) N     111  --  R6 T4 T5
---White(^)---
R6  : T -132.41c W -100.00c S -32.20c (-336.4 L -331.1) LCB -140.72c P  6.87% WF  60.6 PSV      85 N      11  --  R6 T4 T5
pss : T -132.91c W -100.00c S -33.23c (-343.0 L -340.7) LCB -142.42c P  8.71% WF  66.0 PSV      66 N      13  --  pass T18 R6
T5  : T -132.36c W -100.00c S -32.12c (-337.7 L -332.6) LCB -141.00c P  6.57% WF  64.6 PSV      65 N      13  --  T5 R6 R7
R7  : T -132.94c W -100.00c S -32.68c (-339.3 L -335.6) LCB -144.32c P  7.40% WF  52.2 PSV      52 N      10  --  R7 T7 T8
S3  : T -131.11c W -100.00c S -31.59c (-336.7 L -332.5) LCB -150.71c P  4.42% WF  39.4 PSV      39 N       9  --  S3 T3 T5
Q8  : T -133.98c W -100.00c S -33.98c (-344.3 L -340.7) LCB -484.03c P  1.87% WF   7.3 PSV       7 N       1  --  Q8
S9  : T -134.49c W -100.00c S -34.49c (-349.6 L -345.8) LCB -484.54c P  1.49% WF   7.4 PSV       5 N       1  --  S9
T7  : T -134.23c W -100.00c S -34.23c (-347.0 L -343.1) LCB -484.28c P  1.43% WF   7.2 PSV       5 N       1  --  T7
G18 : T -134.16c W -100.00c S -34.16c (-345.6 L -344.8) LCB -484.21c P  1.10% WF   7.3 PSV       4 N       1  --  G18
H18 : T -134.20c W -100.00c S -34.20c (-346.0 L -345.0) LCB -484.25c P  0.93% WF   7.3 PSV       3 N       1  --  H18

2025-11-16 20:44:54-0500: = R6
2025-11-16 20:44:54-0500: Controller: kata-set-param maxVisits 100
2025-11-16 20:44:54-0500: = 
2025-11-16 20:44:54-0500: Controller: kata-genmove_analyze b
2025-11-16 20:44:54-0500: =
2025-11-16 20:45:00-0500: MoveNum: 20 HASH: 0CEB9E853CAF96D09D30D017547F88D3
   A B C D E F G H J K L M N O P Q R S T
19 . . . . . . . . . . . . . . X . . X .
18 X X X X . . . . . . . . . . . X X O .
17 . . . X . . . . . . X . . . . X . X .
16 . . . X X . . . . X X . . . . X X . .
15 . . . X . . . . . . . . . . . X . . .
14 . . . . . . . . . . . . . . . X . . .
13 . . . . . . . . . . . . . . . . . . .
12 . . . . . . . . . X . . . . . . . . .
11 . . X X . . . . . X . . . . . . . . .
10 . . X . . . . . . X . . . . . X X X .
 9 . . . . . . . . . . . . . . . . . . .
 8 . . . . . . . . . . . . . . . . . O .
 7 . . . . . . . . . X . . . . . . . . .
 6 . . . X . . . X X X . . . . . X O3O .
 5 . . . X . . . X . X . . . . . X O1. @
 4 . . . X . . . . X X X . . . . X X2O .
 3 . X X X X . . . X . X . . . . X X . .
 2 . X . . . . . . . X . . . . . X . X .
 1 X X . . . . . . . . . . . . . . X . .

koPOSITIONALscoreAREAtaxNONEsui1komi7.5
Time taken: 6.4423
Root visits: 45
New playouts: 45
NN rows: 35
NN batches: 35
NN avg batch size: 1
PlayoutDoublingAdvantage: -2.75
PV: T5 T7
Tree:
: T 119.74c W 100.00c S  18.33c (+340.5 L +336.9) N      45  --  T5 T7
---Black(^)---
T5  : T 123.04c W 100.00c S  21.81c (+344.1 L +342.2) LCB  117.35c P 29.24% WF  74.5 PSV      79 N      16  --  T5 T7
T4  : T 119.90c W 100.00c S  18.58c (+340.5 L +335.4) LCB  110.96c P 31.22% WF  41.7 PSV      35 N      11  --  T4 T5
R7  : T 118.33c W 100.00c S  17.76c (+339.5 L +335.7) LCB  106.35c P 29.63% WF  47.5 PSV      26 N      13  --  R7 T5 S7
T3  : T  96.62c W 100.00c S  -3.38c (+314.9 L +303.8) LCB -253.65c P  3.05% WF   2.5 PSV       0 N       1  --  T3
T7  : T  96.66c W 100.00c S  -3.34c (+314.9 L +306.0) LCB -253.60c P  2.14% WF   2.2 PSV       0 N       1  --  T7
T8  : T  97.64c W 100.00c S  -2.36c (+315.9 L +304.9) LCB -252.36c P  1.39% WF   2.1 PSV       0 N       1  --  T8
T6  : T  88.35c W 100.00c S -11.65c (+293.4 L +284.3) LCB -261.65c P  0.31% WF   1.3 PSV       0 N       1  --  T6

2025-11-16 20:45:00-0500: play T5
2025-11-16 20:45:00-0500: Controller: genmove w
2025-11-16 20:45:08-0500: MoveNum: 21 HASH: 2E7AD9FB292C3007BAD1B2BF3F89288D
   A B C D E F G H J K L M N O P Q R S T
19 . . . . . . . . . . . . . . X . . X .
18 X X X X . . . . . . . . . . . X X O .
17 . . . X . . . . . . X . . . . X . X .
16 . . . X X . . . . X X . . . . X X . .
15 . . . X . . . . . . . . . . . X . . .
14 . . . . . . . . . . . . . . . X . . .
13 . . . . . . . . . . . . . . . . . . .
12 . . . . . . . . . X . . . . . . . . .
11 . . X X . . . . . X . . . . . . . . .
10 . . X . . . . . . X . . . . . X X X .
 9 . . . . . . . . . . . . . . . . . . .
 8 . . . . . . . . . . . . . . . . . O .
 7 . . . . . . . . . X . . . . . . . . .
 6 . . . X . . . X X X . . . . . X O2O .
 5 . . . X . . . X . X . . . . . X O . X3
 4 . . . X . . . . X X X . . . . X X1O @
 3 . X X X X . . . X . X . . . . X X . .
 2 . X . . . . . . . X . . . . . X . X .
 1 X X . . . . . . . . . . . . . . X . .

koPOSITIONALscoreAREAtaxNONEsui1komi7.5
Time taken: 7.95818
Root visits: 111
New playouts: 111
NN rows: 95
NN batches: 95
NN avg batch size: 1
PlayoutDoublingAdvantage: 2.75
PV: T4 S9 R7
Tree:
: T -132.81c W -100.00c S -32.85c (-340.5 L -338.1) N     111  --  T4 S9 R7
---White(^)---
T4  : T -131.55c W -100.00c S -31.34c (-334.0 L -329.5) LCB -135.37c P 10.26% WF 113.4 PSV     126 N      22  --  T4 S9 R7
R7  : T -132.16c W -100.00c S -32.18c (-338.0 L -334.1) LCB -138.83c P 10.12% WF  73.7 PSV      66 N      14  --  R7 T7 T8
Q8  : T -132.08c W -100.00c S -31.67c (-336.7 L -332.1) LCB -137.21c P  3.91% WF  86.0 PSV      26 N      18  --  Q8 T4 S5
pss : T -132.85c W -100.00c S -32.85c (-343.8 L -341.9) LCB -150.93c P  4.80% WF  41.6 PSV      22 N       9  --  pass T18 T4
T7  : T -132.02c W -100.00c S -31.87c (-337.4 L -334.8) LCB -146.74c P  2.96% WF  43.8 PSV      21 N       9  --  T7 T4 R7
T6  : T -134.26c W -100.00c S -34.26c (-348.9 L -345.9) LCB -484.30c P  3.02% WF   7.2 PSV       8 N       1  --  T6
S5  : T -133.76c W -100.00c S -33.76c (-344.1 L -343.2) LCB -483.82c P  2.75% WF   7.2 PSV       8 N       1  --  S5
S9  : T -133.78c W -100.00c S -33.78c (-344.3 L -342.1) LCB -483.84c P  2.35% WF   7.1 PSV       7 N       1  --  S9
S3  : T -133.73c W -100.00c S -33.73c (-343.8 L -342.1) LCB -483.79c P  2.05% WF   7.1 PSV       6 N       1  --  S3
T3  : T -133.77c W -100.00c S -33.77c (-344.2 L -342.0) LCB -483.83c P  2.05% WF   7.2 PSV       6 N       1  --  T3

2025-11-16 20:45:08-0500: = T4
2025-11-16 20:45:08-0500: Controller: kata-set-param maxVisits 100
2025-11-16 20:45:08-0500: = 
2025-11-16 20:45:08-0500: Controller: kata-genmove_analyze b
2025-11-16 20:45:08-0500: =
2025-11-16 20:45:13-0500: MoveNum: 22 HASH: B2622224C1A330E79DDF9F908B27A2B3
   A B C D E F G H J K L M N O P Q R S T
19 . . . . . . . . . . . . . . X . . X .
18 X X X X . . . . . . . . . . . X X O .
17 . . . X . . . . . . X . . . . X . X .
16 . . . X X . . . . X X . . . . X X . .
15 . . . X . . . . . . . . . . . X . . .
14 . . . . . . . . . . . . . . . X . . .
13 . . . . . . . . . . . . . . . . . . .
12 . . . . . . . . . X . . . . . . . . .
11 . . X X . . . . . X . . . . . . . . .
10 . . X . . . . . . X . . . . . X X X .
 9 . . . . . . . . . . . . . . . . . . .
 8 . . . . . . . . . . . . . . . . . O .
 7 . . . . . . . . . X . . . . . . @ . .
 6 . . . X . . . X X X . . . . . X O1O .
 5 . . . X . . . X . X . . . . . X O . X2
 4 . . . X . . . . X X X . . . . X X O O3
 3 . X X X X . . . X . X . . . . X X . .
 2 . X . . . . . . . X . . . . . X . X .
 1 X X . . . . . . . . . . . . . . X . .

koPOSITIONALscoreAREAtaxNONEsui1komi7.5
Time taken: 4.98604
Root visits: 45
New playouts: 45
NN rows: 27
NN batches: 27
NN avg batch size: 1
PlayoutDoublingAdvantage: -2.75
PV: R7 S9
Tree:
: T 117.32c W 100.00c S  15.63c (+337.2 L +334.0) N      45  --  R7 S9
---Black(^)---
R7  : T 122.13c W 100.00c S  20.68c (+342.6 L +341.4) LCB  115.98c P 19.90% WF  69.3 PSV      74 N      15  --  R7 S9
S9  : T 119.77c W 100.00c S  18.47c (+340.0 L +337.0) LCB  111.39c P 25.39% WF  46.5 PSV      38 N      12  --  S9 R7
T6  : T 117.52c W 100.00c S  15.79c (+337.0 L +332.6) LCB  100.23c P 10.84% WF  24.7 PSV      10 N       7  --  T6 T7
T3  : T  95.86c W 100.00c S  -4.13c (+314.1 L +305.3) LCB -254.14c P  6.74% WF   2.2 PSV       1 N       1  --  T3
R8  : T  97.21c W 100.00c S  -2.79c (+315.0 L +302.5) LCB -252.79c P  6.24% WF   2.5 PSV       1 N       1  --  R8
T8  : T  94.96c W 100.00c S  -5.03c (+312.3 L +304.0) LCB -255.04c P  5.00% WF   2.3 PSV       1 N       1  --  T8
S3  : T  95.12c W 100.00c S  -4.88c (+313.0 L +306.2) LCB -254.88c P  4.63% WF   2.3 PSV       1 N       1  --  S3
Q8  : T  96.76c W 100.00c S  -3.23c (+315.0 L +304.8) LCB -253.56c P  3.85% WF   2.3 PSV       0 N       1  --  Q8
Q7  : T  96.67c W 100.00c S  -3.33c (+314.9 L +304.2) LCB -253.66c P  2.42% WF   2.3 PSV       0 N       1  --  Q7
T7  : T  96.38c W 100.00c S  -3.62c (+314.4 L +304.1) LCB -253.90c P  1.93% WF   2.3 PSV       0 N       1  --  T7

2025-11-16 20:45:13-0500: play R7
2025-11-16 20:45:13-0500: Controller: genmove w
2025-11-16 20:45:21-0500: MoveNum: 23 HASH: 44743076F1BF9E3969AEF9574C6765D2
   A B C D E F G H J K L M N O P Q R S T
19 . . . . . . . . . . . . . . X . . X .
18 X X X X . . . . . . . . . . . X X O .
17 . . . X . . . . . . X . . . . X . X .
16 . . . X X . . . . X X . . . . X X . .
15 . . . X . . . . . . . . . . . X . . .
14 . . . . . . . . . . . . . . . X . . .
13 . . . . . . . . . . . . . . . . . . .
12 . . . . . . . . . X . . . . . . . . .
11 . . X X . . . . . X . . . . . . . . .
10 . . X . . . . . . X . . . . . X X X .
 9 . . . . . . . . . . . . . . . . . . .
 8 . . . . . . . . . . . . . . . @ . O .
 7 . . . . . . . . . X . . . . . . X3. .
 6 . . . X . . . X X X . . . . . X O O .
 5 . . . X . . . X . X . . . . . X O . X1
 4 . . . X . . . . X X X . . . . X X O O2
 3 . X X X X . . . X . X . . . . X X . .
 2 . X . . . . . . . X . . . . . X . X .
 1 X X . . . . . . . . . . . . . . X . .

koPOSITIONALscoreAREAtaxNONEsui1komi7.5
Time taken: 8.20813
Root visits: 111
New playouts: 111
NN rows: 97
NN batches: 95
NN avg batch size: 1.02105
PlayoutDoublingAdvantage: 2.75
PV: S7 T18 T6
Tree:
: T -132.96c W -100.00c S -32.97c (-339.8 L -338.3) N     111  --  S7 T18 T6
---White(^)---
S7  : T -131.38c W -100.00c S -30.91c (-330.6 L -326.5) LCB -136.37c P 10.26% WF  79.9 PSV     117 N      17  --  S7 T18 T6
Q8  : T -131.23c W -100.00c S -30.91c (-333.1 L -328.8) LCB -136.82c P  4.12% WF  96.1 PSV      95 N      22  --  Q8 Q7 S7
pss : T -132.94c W -100.00c S -32.77c (-341.2 L -340.4) LCB -144.87c P 11.41% WF  51.6 PSV      52 N      11  --  pass T18 S7
S5  : T -132.59c W -100.00c S -32.19c (-336.9 L -335.6) LCB -137.48c P  6.67% WF  91.9 PSV      36 N      19  --  S5 T18 T6
T6  : T -133.93c W -100.00c S -33.93c (-343.4 L -341.8) LCB -483.98c P  3.24% WF   7.2 PSV       8 N       1  --  T6
G18 : T -134.27c W -100.00c S -34.27c (-346.5 L -346.5) LCB -484.31c P  1.28% WF   7.2 PSV       3 N       1  --  G18
R8  : T -133.61c W -100.00c S -33.61c (-340.9 L -341.1) LCB -483.67c P  1.08% WF   7.1 PSV       3 N       1  --  R8
T7  : T -134.33c W -100.00c S -34.33c (-347.3 L -347.9) LCB -484.37c P  1.07% WF   7.3 PSV       3 N       1  --  T7
H18 : T -134.29c W -100.00c S -34.29c (-346.8 L -346.9) LCB -484.34c P  1.06% WF   7.2 PSV       3 N       1  --  H18
S9  : T -133.58c W -100.00c S -33.58c (-340.5 L -339.5) LCB -483.64c P  0.94% WF   7.1 PSV       3 N       1  --  S9

2025-11-16 20:45:21-0500: = Q8
2025-11-16 20:45:21-0500: Controller: kata-set-param maxVisits 100
2025-11-16 20:45:21-0500: = 
2025-11-16 20:45:21-0500: Controller: kata-genmove_analyze b
2025-11-16 20:45:21-0500: =
2025-11-16 20:45:27-0500: MoveNum: 24 HASH: 6EED777DF30175AAFA327879AE974546
   A B C D E F G H J K L M N O P Q R S T
19 . . . . . . . . . . . . . . X . . X .
18 X X X X . . . . . . . . . . . X X O .
17 . . . X . . . . . . X . . . . X . X .
16 . . . X X . . . . X X . . . . X X . .
15 . . . X . . . . . . . . . . . X . . .
14 . . . . . . . . . . . . . . . X . . .
13 . . . . . . . . . . . . . . . . . . .
12 . . . . . . . . . X . . . . . . . . .
11 . . X X . . . . . X . . . . . . . . .
10 . . X . . . . . . X . . . . . X X X .
 9 . . . . . . . . . . . . . . . . . . .
 8 . . . . . . . . . . . . . . . O3. O .
 7 . . . . . . . . . X . . . . . @ X2. .
 6 . . . X . . . X X X . . . . . X O O .
 5 . . . X . . . X . X . . . . . X O . X
 4 . . . X . . . . X X X . . . . X X O O1
 3 . X X X X . . . X . X . . . . X X . .
 2 . X . . . . . . . X . . . . . X . X .
 1 X X . . . . . . . . . . . . . . X . .

koPOSITIONALscoreAREAtaxNONEsui1komi7.5
Time taken: 5.63526
Root visits: 45
New playouts: 45
NN rows: 31
NN batches: 31
NN avg batch size: 1
PlayoutDoublingAdvantage: -2.75
PV: Q7 S9
Tree:
: T 121.84c W 100.00c S  19.84c (+339.9 L +337.3) N      45  --  Q7 S9
---Black(^)---
Q7  : T 125.23c W 100.00c S  24.23c (+344.5 L +344.4) LCB  119.76c P 34.06% WF  78.8 PSV      77 N      16  --  Q7 S9
R8  : T 123.81c W 100.00c S  22.46c (+342.1 L +339.6) LCB  112.51c P 22.53% WF  42.9 PSV      34 N       9  --  R8 T2
S9  : T 121.09c W 100.00c S  19.62c (+338.7 L +334.7) LCB  107.01c P 20.23% WF  33.3 PSV      18 N       8  --  S9 R8
Q9  : T 118.82c W 100.00c S  17.89c (+336.2 L +331.9) LCB  100.44c P  3.99% WF  20.5 PSV       2 N       7  --  Q9 Q7
S7  : T  93.30c W 100.00c S  -6.70c (+298.6 L +284.8) LCB -256.70c P  9.54% WF   2.7 PSV       1 N       1  --  S7
T6  : T  94.08c W 100.00c S  -5.92c (+300.7 L +286.9) LCB -255.92c P  2.98% WF   2.8 PSV       0 N       1  --  T6
R9  : T  93.54c W 100.00c S  -6.46c (+307.2 L +301.5) LCB -256.72c P  2.97% WF   2.1 PSV       0 N       1  --  R9
T8  : T  98.63c W 100.00c S  -1.37c (+311.5 L +300.2) LCB -251.37c P  0.67% WF   2.2 PSV       0 N       1  --  T8

2025-11-16 20:45:27-0500: play Q7
2025-11-16 20:45:27-0500: Controller: genmove w
2025-11-16 20:45:35-0500: MoveNum: 25 HASH: 9B9D713E2AEC9493DA8CB182FAB41C3E
   A B C D E F G H J K L M N O P Q R S T
19 . . . . . . . . . . . . . . X . . X .
18 X X X X . . . . . . . . . . . X X O .
17 . . . X . . . . . . X . . . . X . X .
16 . . . X X . . . . X X . . . . X X . .
15 . . . X . . . . . . . . . . . X . . .
14 . . . . . . . . . . . . . . . X . . .
13 . . . . . . . . . . . . . . . . . . .
12 . . . . . . . . . X . . . . . . . . .
11 . . X X . . . . . X . . . . . . . . .
10 . . X . . . . . . X . . . . . X X X .
 9 . . . . . . . . . . . . . . . . . . .
 8 . . . . . . . . . . . . . . . O2. O .
 7 . . . . . . . . . X . . . . . X3X1. .
 6 . . . X . . . X X X . . . . . X O O .
 5 . . . X . . . X . X . . . . . X O @ X
 4 . . . X . . . . X X X . . . . X X O O
 3 . X X X X . . . X . X . . . . X X . .
 2 . X . . . . . . . X . . . . . X . X .
 1 X X . . . . . . . . . . . . . . X . .

koPOSITIONALscoreAREAtaxNONEsui1komi7.5
Time taken: 8.01738
Root visits: 111
New playouts: 111
NN rows: 95
NN batches: 95
NN avg batch size: 1
PlayoutDoublingAdvantage: 2.75
PV: pass S3 S7
Tree:
: T -133.25c W -100.00c S -33.45c (-342.0 L -341.6) N     111  --  pass S3 S7
---White(^)---
pss : T -132.77c W -100.00c S -32.95c (-341.4 L -341.4) LCB -137.81c P 19.29% WF 127.6 PSV     127 N      27  --  pass S3 S7
S7  : T -132.17c W -100.00c S -32.03c (-335.1 L -332.9) LCB -138.04c P  6.71% WF  80.6 PSV      67 N      16  --  S7 T18 T6
S5  : T -132.01c W -100.00c S -32.04c (-336.2 L -335.5) LCB -139.34c P  5.69% WF  74.8 PSV      67 N      16  --  S5 S3 S7
T6  : T -129.66c W -100.00c S -30.00c (-328.2 L -326.2) LCB -163.38c P  3.49% WF  24.5 PSV      25 N       6  --  T6 T18 S5
S9  : T -133.56c W -100.00c S -33.56c (-339.9 L -339.6) LCB -483.62c P  1.28% WF   7.0 PSV       5 N       1  --  S9
G18 : T -134.43c W -100.00c S -34.43c (-347.6 L -347.8) LCB -484.47c P  1.39% WF   7.2 PSV       4 N       1  --  G18
T2  : T -134.24c W -100.00c S -34.24c (-345.7 L -345.8) LCB -484.29c P  1.12% WF   7.2 PSV       3 N       1  --  T2
H18 : T -134.42c W -100.00c S -34.42c (-347.4 L -347.7) LCB -484.46c P  1.10% WF   7.3 PSV       3 N       1  --  H18
M2  : T -134.25c W -100.00c S -34.25c (-345.7 L -346.3) LCB -484.30c P  0.94% WF   7.2 PSV       3 N       1  --  M2
S3  : T -134.52c W -100.00c S -34.52c (-348.5 L -348.1) LCB -484.56c P  0.95% WF   7.3 PSV       2 N       1  --  S3

2025-11-16 20:45:35-0500: = S5
2025-11-16 20:45:35-0500: Controller: kata-set-param maxVisits 100
2025-11-16 20:45:35-0500: = 
2025-11-16 20:45:35-0500: Controller: kata-genmove_analyze b
2025-11-16 20:45:35-0500: =
2025-11-16 20:45:42-0500: MoveNum: 26 HASH: A029F0725A8BCCC0116E6C01D850FE64
   A B C D E F G H J K L M N O P Q R S T
19 . . . . . . . . . . . . . . X . . X .
18 X X X X . . . . . . . . . . . X X O .
17 . . . X . . . . . . X . . . . X . X .
16 . . . X X . . . . X X . . . . X X . .
15 . . . X . . . . . . . . . . . X . . .
14 . . . . . . . . . . . . . . . X . . .
13 . . . . . . . . . . . . . . . . . . .
12 . . . . . . . . . X . . . . . . . . .
11 . . X X . . . . . X . . . . . . . . .
10 . . X . . . . . . X . . . . . X X X .
 9 . . . . . . . . . . . . . . . . . . .
 8 . . . . . . . . . . . . . . . O1. O .
 7 . . . . . . . . . X . . . . . X2X . .
 6 . . . X . . . X X X . . . . . X O O .
 5 . . . X . . . X . X . . . . . X O O3X
 4 . . . X . . . . X X X . . . . X X O O
 3 . X X X X . . . X . X . . . . X X @ .
 2 . X . . . . . . . X . . . . . X . X .
 1 X X . . . . . . . . . . . . . . X . .

koPOSITIONALscoreAREAtaxNONEsui1komi7.5
Time taken: 6.51433
Root visits: 45
New playouts: 45
NN rows: 33
NN batches: 32
NN avg batch size: 1.03125
PlayoutDoublingAdvantage: -2.75
PV: S3 S9
Tree:
: T 116.28c W 100.00c S  13.47c (+338.9 L +338.9) N      45  --  S3 S9
---Black(^)---
S3  : T 119.80c W 100.00c S  17.88c (+343.3 L +343.6) LCB  113.38c P 14.52% WF  62.6 PSV      68 N      15  --  S3 S9
T18 : T 119.06c W 100.00c S  17.19c (+342.5 L +343.1) LCB  113.05c P 28.64% WF  62.8 PSV      62 N      16  --  T18 S9
T3  : T 119.25c W 100.00c S  16.07c (+341.8 L +341.5) LCB  100.92c P 12.47% WF  29.1 PSV      29 N       7  --  T3 S7
S7  : T  89.06c W 100.00c S -10.94c (+305.3 L +303.9) LCB -260.94c P 11.70% WF   3.2 PSV       2 N       1  --  S7
T6  : T  89.38c W 100.00c S -10.62c (+306.4 L +303.2) LCB -260.62c P  9.31% WF   3.4 PSV       1 N       1  --  T6
R8  : T  89.97c W 100.00c S -10.03c (+307.8 L +304.1) LCB -260.03c P  9.03% WF   3.1 PSV       1 N       1  --  R8
P8  : T  89.34c W 100.00c S -10.66c (+305.5 L +302.0) LCB -260.66c P  2.11% WF   3.1 PSV       0 N       1  --  P8
S9  : T  89.53c W 100.00c S -10.47c (+306.4 L +303.9) LCB -260.47c P  1.39% WF   3.1 PSV       0 N       1  --  S9
T8  : T  89.35c W 100.00c S -10.65c (+305.6 L +302.8) LCB -260.65c P  1.36% WF   3.2 PSV       0 N       1  --  T8

2025-11-16 20:45:42-0500: play S3
2025-11-16 20:45:42-0500: Controller: genmove w
2025-11-16 20:45:50-0500: MoveNum: 27 HASH: 447F232D990B8C81AED2F4E658613069
   A B C D E F G H J K L M N O P Q R S T
19 . . . . . . . . . . . . . . X . . X .
18 X X X X . . . . . . . . . . . X X O .
17 . . . X . . . . . . X . . . . X . X .
16 . . . X X . . . . X X . . . . X X . .
15 . . . X . . . . . . . . . . . X . . .
14 . . . . . . . . . . . . . . . X . . .
13 . . . . . . . . . . . . . . . . . . .
12 . . . . . . . . . X . . . . . . . . .
11 . . X X . . . . . X . . . . . . . . .
10 . . X . . . . . . X . . . . . X X X .
 9 . . . . . . . . . . . . . . . . . . .
 8 . . . . . . . . . . . . . . . O . O .
 7 . . . . . . . . . X . . . . . X1X . .
 6 . . . X . . . X X X . . . . . X O O @
 5 . . . X . . . X . X . . . . . X O O2X
 4 . . . X . . . . X X X . . . . X X O O
 3 . X X X X . . . X . X . . . . X X X3.
 2 . X . . . . . . . X . . . . . X . X .
 1 X X . . . . . . . . . . . . . . X . .

koPOSITIONALscoreAREAtaxNONEsui1komi7.5
Time taken: 7.94479
Root visits: 111
New playouts: 111
NN rows: 94
NN batches: 93
NN avg batch size: 1.01075
PlayoutDoublingAdvantage: 2.75
PV: S7 T18 T6
Tree:
: T -133.45c W -100.00c S -33.50c (-342.9 L -342.5) N     111  --  S7 T18 T6
---White(^)---
S7  : T -132.27c W -100.00c S -31.86c (-335.0 L -332.4) LCB -136.09c P  8.02% WF  97.2 PSV     153 N      18  --  S7 T18 T6
T6  : T -132.45c W -100.00c S -32.34c (-337.5 L -335.2) LCB -136.79c P  8.95% WF  99.2 PSV      99 N      18  --  T6 T18 S7
pss : T -132.94c W -100.00c S -32.95c (-341.9 L -341.8) LCB -139.32c P 13.44% WF  82.1 PSV      82 N      16  --  pass T3 S7
T7  : T -134.04c W -100.00c S -34.04c (-345.6 L -346.9) LCB -484.09c P  1.79% WF   7.3 PSV       7 N       1  --  T7
T3  : T -134.04c W -100.00c S -34.04c (-345.5 L -346.0) LCB -484.09c P  1.49% WF   7.3 PSV       5 N       1  --  T3
G18 : T -134.22c W -100.00c S -34.22c (-347.3 L -347.8) LCB -484.27c P  1.32% WF   7.2 PSV       4 N       1  --  G18
H2  : T -134.17c W -100.00c S -34.17c (-346.8 L -347.7) LCB -484.22c P  1.07% WF   7.3 PSV       4 N       1  --  H2
H18 : T -134.28c W -100.00c S -34.28c (-347.9 L -348.6) LCB -484.33c P  0.98% WF   7.3 PSV       3 N       1  --  H18
M2  : T -133.94c W -100.00c S -33.94c (-344.5 L -345.6) LCB -483.99c P  0.90% WF   7.2 PSV       3 N       1  --  M2
S15 : T -134.08c W -100.00c S -34.08c (-345.9 L -346.8) LCB -484.13c P  0.87% WF   7.3 PSV       3 N       1  --  S15

2025-11-16 20:45:50-0500: = T6
2025-11-16 20:45:50-0500: Controller: kata-set-param maxVisits 100
2025-11-16 20:45:50-0500: = 
2025-11-16 20:45:50-0500: Controller: kata-genmove_analyze b
2025-11-16 20:45:50-0500: =
2025-11-16 20:45:57-0500: MoveNum: 28 HASH: 74A24AA1ACB433DBFAED4E0E392BDC62
   A B C D E F G H J K L M N O P Q R S T
19 . . . . . . . . . . . . . . X . . X .
18 X X X X . . . . . . . . . . . X X O .
17 . . . X . . . . . . X . . . . X . X .
16 . . . X X . . . . X X . . . . X X . .
15 . . . X . . . . . . . . . . . X . . .
14 . . . . . . . . . . . . . . . X . . .
13 . . . . . . . . . . . . . . . . . . .
12 . . . . . . . . . X . . . . . . . . .
11 . . X X . . . . . X . . . . . . . . .
10 . . X . . . . . . X . . . . . X X X .
 9 . . . . . . . . . . . . . . . . . . .
 8 . . . . . . . . . . . . . . . O . O .
 7 . . . . . . . . . X . . . . . X X . .
 6 . . . X . . . X X X . . . . . X O O O3
 5 . . . X . . . X . X . . . . . X O O1.
 4 . . . X . . . . X X X . . . . X X O O
 3 . X X X X . . . X . X . . . . X X X2@
 2 . X . . . . . . . X . . . . . X . X .
 1 X X . . . . . . . . . . . . . . X . .

koPOSITIONALscoreAREAtaxNONEsui1komi7.5
Time taken: 6.764
Root visits: 45
New playouts: 45
NN rows: 32
NN batches: 31
NN avg batch size: 1.03226
PlayoutDoublingAdvantage: -2.75
PV: T18 S7 T8 pass
Tree:
: T 118.27c W 100.00c S  16.37c (+337.7 L +336.6) N      45  --  T18 S7 T8 pass
---Black(^)---
T18 : T 120.21c W 100.00c S  18.44c (+339.7 L +339.0) LCB  114.83c P 33.11% WF  87.4 PSV      87 N      23  --  T18 S7 T8 pass
T3  : T 121.30c W 100.00c S  20.09c (+341.3 L +340.6) LCB  114.41c P 24.84% WF  59.6 PSV      59 N      14  --  T3 S7
S7  : T  90.74c W 100.00c S  -9.26c (+304.9 L +303.7) LCB -259.26c P 14.04% WF   3.0 PSV       2 N       1  --  S7
T8  : T  92.19c W 100.00c S  -7.81c (+307.8 L +303.2) LCB -257.81c P  5.36% WF   2.6 PSV       1 N       1  --  T8
R8  : T  96.34c W 100.00c S  -3.66c (+314.8 L +305.8) LCB -253.66c P  4.20% WF   2.4 PSV       1 N       1  --  R8
S9  : T  93.10c W 100.00c S  -6.90c (+309.9 L +303.8) LCB -256.90c P  2.67% WF   2.4 PSV       0 N       1  --  S9
P8  : T  93.97c W 100.00c S  -6.03c (+311.5 L +305.4) LCB -256.03c P  2.14% WF   2.4 PSV       0 N       1  --  P8
T9  : T  92.75c W 100.00c S  -7.25c (+309.4 L +303.9) LCB -257.51c P  0.22% WF   1.1 PSV       0 N       1  --  T9
Q9  : T  95.20c W 100.00c S  -4.80c (+313.1 L +305.9) LCB -254.80c P  0.16% WF   0.9 PSV       0 N       1  --  Q9

2025-11-16 20:45:57-0500: play T3
2025-11-16 20:45:57-0500: Controller: genmove w
2025-11-16 20:46:05-0500: MoveNum: 29 HASH: 2A769C6FF5F95F602495F19B8207FDCC
   A B C D E F G H J K L M N O P Q R S T
19 . . . . . . . . . . . . . . X . . X .
18 X X X X . . . . . . . . . . . X X O .
17 . . . X . . . . . . X . . . . X . X .
16 . . . X X . . . . X X . . . . X X . .
15 . . . X . . . . . . . . . . . X . . .
14 . . . . . . . . . . . . . . . X . . .
13 . . . . . . . . . . . . . . . . . . .
12 . . . . . . . . . X . . . . . . . . .
11 . . X X . . . . . X . . . . . . . . .
10 . . X . . . . . . X . . . . . X X X .
 9 . . . . . . . . . . . . . . . . . . .
 8 . . . . . . . . . . . . . . . O . O .
 7 . . . . . . . . . X . . . . . X X . .
 6 . . . X . . . X X X . . . . . X O O O2
 5 . . . X . . . X . X . . . . . X O O .
 4 . . . X . . . . X X X . . . . X X O O
 3 . X X X X . . . X . X . . . . X X X1X3
 2 . X . . . . . . . X . . . . . X . X .
 1 X X . . . . . . . . . . . . . . X . .

koPOSITIONALscoreAREAtaxNONEsui1komi7.5
Time taken: 8.02494
Root visits: 111
New playouts: 111
NN rows: 97
NN batches: 96
NN avg batch size: 1.01042
PlayoutDoublingAdvantage: 2.75
PV: S7 T8 T9
Tree:
: T -132.75c W -100.00c S -32.83c (-341.0 L -340.2) N     111  --  S7 T8 T9
---White(^)---
S7  : T -131.72c W -100.00c S -31.75c (-337.9 L -335.5) LCB -139.69c P  7.00% WF  74.1 PSV      74 N      16  --  S7 T8 T9
pss : T -131.74c W -100.00c S -31.61c (-337.8 L -335.6) LCB -140.29c P  7.02% WF  63.3 PSV      63 N      13  --  pass T18 S7
S9  : T -131.16c W -100.00c S -31.01c (-334.5 L -330.5) LCB -140.73c P  4.15% WF  62.2 PSV      62 N      16  --  S9 S7 T5
T5  : T -133.46c W -100.00c S -33.46c (-343.9 L -344.4) LCB -483.52c P  1.72% WF   7.1 PSV       6 N       1  --  T5
G18 : T -133.48c W -100.00c S -33.48c (-343.9 L -344.4) LCB -483.54c P  1.71% WF   7.1 PSV       6 N       1  --  G18
T8  : T -131.90c W -100.00c S -31.90c (-335.0 L -329.4) LCB -481.99c P  0.77% WF   6.5 PSV       6 N       1  --  T8
H18 : T -133.50c W -100.00c S -33.50c (-344.1 L -344.4) LCB -483.57c P  1.31% WF   7.1 PSV       4 N       1  --  H18
P9  : T -133.26c W -100.00c S -33.26c (-342.4 L -341.7) LCB -483.32c P  1.00% WF   7.0 PSV       4 N       1  --  P9
T9  : T -132.09c W -100.00c S -32.09c (-335.9 L -330.5) LCB -482.19c P  0.56% WF   6.5 PSV       4 N       1  --  T9
J17 : T -133.59c W -100.00c S -33.59c (-344.7 L -344.7) LCB -483.65c P  0.92% WF   7.2 PSV       3 N       1  --  J17

2025-11-16 20:46:05-0500: = pass
2025-11-16 20:46:05-0500: Controller: kata-set-param maxVisits 100
2025-11-16 20:46:05-0500: = 
2025-11-16 20:46:05-0500: Controller: kata-genmove_analyze b
2025-11-16 20:46:05-0500: =
2025-11-16 20:46:12-0500: MoveNum: 30 HASH: 2A769C6FF5F95F602495F19B8207FDCC
   A B C D E F G H J K L M N O P Q R S T
19 . . . . . . . . . . . . . . X . . X .
18 X X X X . . . . . . . . . . . X X O @
17 . . . X . . . . . . X . . . . X . X .
16 . . . X X . . . . X X . . . . X X . .
15 . . . X . . . . . . . . . . . X . . .
14 . . . . . . . . . . . . . . . X . . .
13 . . . . . . . . . . . . . . . . . . .
12 . . . . . . . . . X . . . . . . . . .
11 . . X X . . . . . X . . . . . . . . .
10 . . X . . . . . . X . . . . . X X X .
 9 . . . . . . . . . . . . . . . . . . .
 8 . . . . . . . . . . . . . . . O . O .
 7 . . . . . . . . . X . . . . . X X . .
 6 . . . X . . . X X X . . . . . X O O O1
 5 . . . X . . . X . X . . . . . X O O .
 4 . . . X . . . . X X X . . . . X X O O
 3 . X X X X . . . X . X . . . . X X X X2
 2 . X . . . . . . . X . . . . . X . X .
 1 X X . . . . . . . . . . . . . . X . .

koPOSITIONALscoreAREAtaxNONEsui1komi7.5
Time taken: 7.29994
Root visits: 22
New playouts: 22
NN rows: 16
NN batches: 16
NN avg batch size: 1
PlayoutDoublingAdvantage: -2.75
PV: T18 S7 T8 pass
Tree:
: T 115.42c W 100.00c S  12.94c (+334.6 L +333.2) N      22  --  T18 S7 T8 pass
---Black(^)---
T18 : T 119.37c W 100.00c S  16.84c (+339.0 L +337.7) LCB  110.85c P 48.33% WF  61.0 PSV      60 N      17  --  T18 S7 T8 pass
S7  : T  89.97c W 100.00c S -10.03c (+304.1 L +304.6) LCB -260.03c P 22.44% WF   3.1 PSV       3 N       1  --  S7
R8  : T  94.08c W 100.00c S  -5.92c (+312.6 L +306.3) LCB -255.92c P  5.41% WF   2.4 PSV       0 N       1  --  R8
T8  : T  90.25c W 100.00c S  -9.75c (+304.7 L +303.4) LCB -259.75c P  4.87% WF   2.9 PSV       0 N       1  --  T8
S9  : T  92.01c W 100.00c S  -7.99c (+308.8 L +305.3) LCB -257.99c P  3.07% WF   2.7 PSV       0 N       1  --  S9
pss : T  91.18c W 100.00c S  -8.82c (+307.1 L +301.7) LCB -1400.00c P  0.00% WF   0.0 PSV       0 N       1  --  pass

2025-11-16 20:46:12-0500: play T18
2025-11-16 20:46:12-0500: Controller: genmove w
2025-11-16 20:46:20-0500: MoveNum: 31 HASH: 7FCC2D69FD199277E3538E48C3AF555C
   A B C D E F G H J K L M N O P Q R S T
19 . . . . . . . . . . . . . . X . . X .
18 X X X X . . . . . . . . . . . X X . X3
17 . . . X . . . . . . X . . . . X . X .
16 . . . X X . . . . X X . . . . X X . .
15 . . . X . . . . . . . . . . . X . . .
14 . . . . . . . . . . . . . . . X . . .
13 . . . . . . . . . . . . . . . . . . .
12 . . . . . . . . . X . . . . . . . . .
11 . . X X . . . . . X . . . . . . . . .
10 . . X . . . . . . X . . . . . X X X .
 9 . . . . . . . . . . . . . . . . . . .
 8 . . . . . . . . . . . . . . . O . O @
 7 . . . . . . . . . X . . . . . X X . .
 6 . . . X . . . X X X . . . . . X O O O
 5 . . . X . . . X . X . . . . . X O O .
 4 . . . X . . . . X X X . . . . X X O O
 3 . X X X X . . . X . X . . . . X X X X1
 2 . X . . . . . . . X . . . . . X . X .
 1 X X . . . . . . . . . . . . . . X . .

koPOSITIONALscoreAREAtaxNONEsui1komi7.5
Time taken: 7.54623
Root visits: 111
New playouts: 111
NN rows: 91
NN batches: 90
NN avg batch size: 1.01111
PlayoutDoublingAdvantage: 2.75
PV: T8 S7 T5
Tree:
: T -132.25c W -100.00c S -32.39c (-340.3 L -339.4) N     111  --  T8 S7 T5
---White(^)---
T8  : T -129.63c W -100.00c S -29.45c (-332.4 L -330.0) LCB -137.01c P  3.14% WF  88.8 PSV      87 N      27  --  T8 S7 T5
pss : T -132.40c W -100.00c S -32.30c (-341.9 L -341.2) LCB -139.80c P 14.63% WF  72.9 PSV      47 N      15  --  pass S7 H2
S7  : T -131.77c W -100.00c S -32.09c (-339.0 L -336.9) LCB -139.60c P  9.93% WF  79.5 PSV      39 N      16  --  S7 T8 S9
S9  : T -131.42c W -100.00c S -31.19c (-335.6 L -332.2) LCB -142.35c P  5.33% WF  54.6 PSV      24 N      13  --  S9 S7 H2
T5  : T -133.61c W -100.00c S -33.61c (-345.3 L -346.4) LCB -483.67c P  2.75% WF   7.1 PSV       6 N       1  --  T5
H2  : T -133.53c W -100.00c S -33.53c (-344.6 L -345.7) LCB -483.59c P  1.41% WF   7.1 PSV       3 N       1  --  H2
S15 : T -133.24c W -100.00c S -33.24c (-342.5 L -343.7) LCB -483.30c P  1.22% WF   7.0 PSV       3 N       1  --  S15
T9  : T -132.20c W -100.00c S -32.20c (-336.7 L -331.1) LCB -482.29c P  1.14% WF   6.6 PSV       3 N       1  --  T9
G18 : T -133.53c W -100.00c S -33.53c (-344.6 L -345.5) LCB -483.59c P  1.24% WF   7.0 PSV       2 N       1  --  G18
P9  : T -133.34c W -100.00c S -33.34c (-343.0 L -342.2) LCB -483.41c P  1.06% WF   7.0 PSV       2 N       1  --  P9

2025-11-16 20:46:20-0500: = T8
2025-11-16 20:46:20-0500: Controller: kata-set-param maxVisits 100
2025-11-16 20:46:20-0500: = 
2025-11-16 20:46:20-0500: Controller: kata-genmove_analyze b
2025-11-16 20:46:20-0500: =
2025-11-16 20:46:26-0500: MoveNum: 32 HASH: 9686EC581DDF1102ABD7FD952E61E287
   A B C D E F G H J K L M N O P Q R S T
19 . . . . . . . . . . . . . . X . . X .
18 X X X X . . . . . . . . . . . X X . X2
17 . . . X . . . . . . X . . . . X . X .
16 . . . X X . . . . X X . . . . X X . .
15 . . . X . . . . . . . . . . . X . . .
14 . . . . . . . . . . . . . . . X . . .
13 . . . . . . . . . . . . . . . . . . .
12 . . . . . . . . . X . . . . . . . . .
11 . . X X . . . . . X . . . . . . . . .
10 . . X . . . . . . X . . . . . X X X .
 9 . . . . . . . . . . . . . . . . . . .
 8 . . . . . . . . . . . . . . . O . O O3
 7 . . . . . . . . . X . . . . . X X @ .
 6 . . . X . . . X X X . . . . . X O O O
 5 . . . X . . . X . X . . . . . X O O .
 4 . . . X . . . . X X X . . . . X X O O
 3 . X X X X . . . X . X . . . . X X X X
 2 . X . . . . . . . X . . . . . X . X .
 1 X X . . . . . . . . . . . . . . X . .

koPOSITIONALscoreAREAtaxNONEsui1komi7.5
Time taken: 6.16409
Root visits: 45
New playouts: 45
NN rows: 30
NN batches: 29
NN avg batch size: 1.03448
PlayoutDoublingAdvantage: -2.75
PV: S7 T5
Tree:
: T 127.38c W 100.00c S  26.64c (+342.7 L +341.8) N      45  --  S7 T5
---Black(^)---
S7  : T 128.41c W 100.00c S  28.25c (+344.2 L +343.8) LCB  126.77c P 95.51% WF 208.4 PSV     208 N      36  --  S7 T5
R8  : T  97.81c W  99.99c S  -2.18c (+299.3 L +286.4) LCB -252.19c P  0.51% WF   2.1 PSV       0 N       1  --  R8
T9  : T  97.02c W  99.99c S  -2.97c (+297.6 L +284.7) LCB -252.98c P  0.18% WF   0.9 PSV       0 N       1  --  T9
S9  : T  97.69c W 100.00c S  -2.31c (+301.2 L +288.8) LCB -252.31c P  0.14% WF   0.8 PSV       0 N       1  --  S9
P8  : T  96.30c W 100.00c S  -3.70c (+299.0 L +286.4) LCB -253.70c P  0.10% WF   0.7 PSV       0 N       1  --  P8
T10 : T  96.43c W 100.00c S  -3.57c (+297.5 L +286.3) LCB -253.72c P  0.06% WF   0.5 PSV       0 N       1  --  T10
T7  : T  97.10c W 100.00c S  -2.89c (+299.2 L +287.6) LCB -252.90c P  0.05% WF   0.5 PSV       0 N       1  --  T7
Q9  : T  96.29c W 100.00c S  -3.71c (+298.8 L +285.4) LCB -253.71c P  0.04% WF   0.5 PSV       0 N       1  --  Q9
R9  : T  97.65c W  99.99c S  -2.35c (+300.3 L +286.7) LCB -252.58c P  0.02% WF   0.4 PSV       0 N       1  --  R9

2025-11-16 20:46:26-0500: play S7
2025-11-16 20:46:26-0500: Controller: genmove w
2025-11-16 20:46:32-0500: MoveNum: 33 HASH: 7EB822D2360363C58CA71E490141B4AD
   A B C D E F G H J K L M N O P Q R S T
19 . . . . . . . . . . . . . . X . . X .
18 X X X X . . . . . . . . . . . X X . X1
17 . . . X . . . . . . X . . . . X . X .
16 . . . X X . . . . X X . . . . X X . .
15 . . . X . . . . . . . . . . . X . . .
14 . . . . . . . . . . . . . . . X . . .
13 . . . . . . . . . . . . . . . . . . .
12 . . . . . . . . . X . . . . . . . . .
11 . . X X . . . . . X . . . . . . . . .
10 . . X . . . . . . X . . . . . X X X .
 9 . . . . . . . . . . . . . . . . . . .
 8 . . . . . . . . . . . . . . . O . O O2
 7 . . . . . . . . . X . . . . . X X X3.
 6 . . . X . . . X X X . . . . . X O O O
 5 . . . X . . . X . X . . . . . X O O .
 4 . . . X . . . . X X X . . . . X X O O
 3 . X X X X . . . X . X . . . . X X X X
 2 . X . . . . . . . X . . . . . X . X .
 1 X X . . . . . . . . . . . . . . X . .

koPOSITIONALscoreAREAtaxNONEsui1komi7.5
Time taken: 6.31594
Root visits: 111
New playouts: 111
NN rows: 76
NN batches: 76
NN avg batch size: 1
PlayoutDoublingAdvantage: 2.75
PV: pass S9 R8
Tree:
: T -133.47c W -100.00c S -33.67c (-342.2 L -341.7) N     111  --  pass S9 R8
---White(^)---
pss : T -133.13c W -100.00c S -33.16c (-341.4 L -341.1) LCB -138.88c P 10.68% WF  91.2 PSV      91 N      19  --  pass S9 R8
T7  : T -132.78c W -100.00c S -32.37c (-337.9 L -336.7) LCB -140.41c P  6.96% WF  65.5 PSV      66 N      14  --  T7 R8 pass
H2  : T -126.71c W -100.00c S -27.36c (-322.5 L -321.2) LCB -142.84c P  2.76% WF  33.5 PSV      33 N      11  --  H2 T7 pass
T5  : T -133.90c W -100.00c S -33.90c (-342.3 L -342.5) LCB -483.95c P  1.63% WF   7.2 PSV       8 N       1  --  T5
S15 : T -134.10c W -100.00c S -34.10c (-344.0 L -343.8) LCB -484.15c P  1.72% WF   7.2 PSV       7 N       1  --  S15
B9  : T -134.26c W -100.00c S -34.26c (-345.3 L -344.6) LCB -484.30c P  1.53% WF   7.3 PSV       6 N       1  --  B9
M2  : T -134.01c W -100.00c S -34.01c (-343.0 L -343.2) LCB -484.06c P  1.39% WF   7.2 PSV       6 N       1  --  M2
R8  : T -134.10c W -100.00c S -34.10c (-344.1 L -344.3) LCB -484.15c P  1.38% WF   7.2 PSV       6 N       1  --  R8
G18 : T -134.32c W -100.00c S -34.32c (-346.0 L -345.6) LCB -484.37c P  1.28% WF   7.3 PSV       5 N       1  --  G18
F2  : T -134.16c W -100.00c S -34.16c (-344.5 L -344.3) LCB -484.21c P  1.26% WF   7.2 PSV       5 N       1  --  F2

2025-11-16 20:46:32-0500: = pass
2025-11-16 20:46:32-0500: Controller: kata-set-param maxVisits 100
2025-11-16 20:46:32-0500: = 
2025-11-16 20:46:32-0500: Controller: kata-genmove_analyze b
2025-11-16 20:46:32-0500: =
2025-11-16 20:46:39-0500: MoveNum: 34 HASH: 7EB822D2360363C58CA71E490141B4AD
   A B C D E F G H J K L M N O P Q R S T
19 . . . . . . . . . . . . . . X . . X .
18 X X X X . . . . . . . . . . . X X . X
17 . . . X . . . . . . X . . . . X . X .
16 . . . X X . . . . X X . . . . X X . .
15 . . . X . . . . . . . . . . . X . . .
14 . . . . . . . . . . . . . . . X . . .
13 . . . . . . . . . . . . . . . . . . .
12 . . . . . . . . . X . . . . . . . . .
11 . . X X . . . . . X . . . . . . . . .
10 . . X . . . . . . X . . . . . X X X .
 9 . . . . . . . . . . . . . . . . . . .
 8 . . . . . . . . . . . . . . . O . O O1
 7 . . . . . . . . . X . . . . . X X X2@
 6 . . . X . . . X X X . . . . . X O O O
 5 . . . X . . . X . X . . . . . X O O .
 4 . . . X . . . . X X X . . . . X X O O
 3 . X X X X . . . X . X . . . . X X X X
 2 . X . . . . . . . X . . . . . X . X .
 1 X X . . . . . . . . . . . . . . X . .

koPOSITIONALscoreAREAtaxNONEsui1komi7.5
Time taken: 6.92342
Root visits: 22
New playouts: 22
NN rows: 14
NN batches: 14
NN avg batch size: 1
PlayoutDoublingAdvantage: -2.75
PV: T7 S15
Tree:
: T 118.71c W 100.00c S  15.60c (+337.6 L +337.7) N      22  --  T7 S15
---Black(^)---
T7  : T 121.89c W 100.00c S  19.23c (+341.3 L +341.3) LCB  111.27c P 37.19% WF  46.2 PSV      46 N      10  --  T7 S15
R8  : T 121.23c W 100.00c S  18.37c (+340.6 L +340.7) LCB  106.30c P 27.32% WF  35.1 PSV      29 N       8  --  R8 T5
S9  : T  90.12c W 100.00c S  -9.88c (+303.9 L +304.6) LCB -259.88c P  6.04% WF   2.8 PSV       0 N       1  --  S9
T9  : T  89.99c W 100.00c S -10.01c (+303.6 L +304.2) LCB -260.01c P  5.06% WF   2.9 PSV       0 N       1  --  T9
P8  : T  89.58c W 100.00c S -10.42c (+302.5 L +303.4) LCB -260.42c P  3.50% WF   2.9 PSV       0 N       1  --  P8
pss : T  90.31c W 100.00c S  -9.69c (+303.7 L +301.3) LCB -1400.00c P  0.00% WF   0.0 PSV       0 N       1  --  pass

2025-11-16 20:46:39-0500: play T7
2025-11-16 20:46:39-0500: Controller: genmove w
2025-11-16 20:46:48-0500: MoveNum: 35 HASH: 94153BE5952058C8D035B1743641AE78
   A B C D E F G H J K L M N O P Q R S T
19 . . . . . . . . . . . . . . X . . X .
18 X X X X . . . . . . . . . . . X X . X
17 . . . X . . . . . . X . . . . X . X .
16 . . . X X . . . . X X . . . . X X . .
15 . . . X . . . . . . . . . . . X . . .
14 . . . . . . . . . . . . . . . X . . .
13 . . . . . . . . . . . . . . . . . . .
12 . . . . . . . . . X . . . . . . . . .
11 . . X X . . . . . X . . . . . . . . .
10 . . X . . . . . . X . . . . . X X X .
 9 . . . . . . . . . . . . . . . . . . .
 8 . . . . . . . . . . . . . . . O . O O
 7 . . . . . . . . . X . . . . . X X X1X3
 6 . . . X . . . X X X . . . . . X O O O
 5 . . . X . . . X . X . . . . . X O O .
 4 . . . X . . . . X X X . . . . X X O O
 3 . X X X X . . . X . X . . . . X X X X
 2 . X . . . . . . . X . . . . . X . X .
 1 X X . . . . . . . . . . . . . . X . .

koPOSITIONALscoreAREAtaxNONEsui1komi7.5
Time taken: 8.50961
Root visits: 111
New playouts: 111
NN rows: 102
NN batches: 101
NN avg batch size: 1.0099
PlayoutDoublingAdvantage: 2.75
PV: pass R8 M2
Tree:
: T -133.71c W -100.00c S -33.89c (-341.6 L -341.8) N     111  --  pass R8 M2
---White(^)---
pss : T -133.57c W -100.00c S -33.71c (-342.2 L -342.3) LCB -138.52c P 15.29% WF 105.5 PSV     105 N      20  --  pass R8 M2
H2  : T -131.72c W -100.00c S -31.68c (-333.3 L -333.1) LCB -139.85c P  3.03% WF  70.7 PSV      70 N      17  --  H2 R8 F2
M2  : T -131.73c W -100.00c S -31.75c (-333.3 L -333.1) LCB -141.59c P  2.52% WF  59.8 PSV      60 N      14  --  M2 R8 H2
T5  : T -134.36c W -100.00c S -34.36c (-343.7 L -342.6) LCB -484.41c P  2.32% WF   7.3 PSV       8 N       1  --  T5
S15 : T -134.29c W -100.00c S -34.29c (-343.1 L -343.8) LCB -484.33c P  2.28% WF   7.3 PSV       8 N       1  --  S15
F2  : T -134.34c W -100.00c S -34.34c (-343.6 L -343.7) LCB -484.39c P  1.87% WF   7.3 PSV       8 N       1  --  F2
K18 : T -134.53c W -100.00c S -34.53c (-345.5 L -345.7) LCB -484.57c P  1.72% WF   7.4 PSV       7 N       1  --  K18
H18 : T -134.55c W -100.00c S -34.55c (-345.9 L -346.1) LCB -484.59c P  1.53% WF   7.3 PSV       6 N       1  --  H18
G18 : T -134.48c W -100.00c S -34.48c (-345.2 L -345.5) LCB -484.53c P  1.48% WF   7.3 PSV       6 N       1  --  G18
B9  : T -134.45c W -100.00c S -34.45c (-344.6 L -344.7) LCB -484.49c P  1.44% WF   7.4 PSV       6 N       1  --  B9

2025-11-16 20:46:48-0500: = pass
2025-11-16 20:46:48-0500: Controller: kata-set-param maxVisits 100
2025-11-16 20:46:48-0500: = 
2025-11-16 20:46:48-0500: Controller: kata-genmove_analyze b
2025-11-16 20:46:48-0500: =
2025-11-16 20:46:51-0500: MoveNum: 36 HASH: 94153BE5952058C8D035B1743641AE78
   A B C D E F G H J K L M N O P Q R S T
19 . . . . . . . . . . . . . . X . . X .
18 X X X X . . . . . . . . . . . X X . X
17 . . . X . . . . . . X . . . . X . X .
16 . . . X X . . . . X X . . . . X X . .
15 . . . X . . . . . . . . . . . X . . .
14 . . . . . . . . . . . . . . . X . . .
13 . . . . . . . . . . . . . . . . . . .
12 . . . . . . . . . X . . . . . . . . .
11 . . X X . . . . . X . . . . . . . . .
10 . . X . . . . . . X . . . . . X X X .
 9 . . . . . . . . . . . . . . . . . . .
 8 . . . . . . . . . . . . . . . O . O O
 7 . . . . . . . . . X . . . . . X X X X2
 6 . . . X . . . X X X . . . . . X O O O
 5 . . . X . . . X . X . . . . . X O O @
 4 . . . X . . . . X X X . . . . X X O O
 3 . X X X X . . . X . X . . . . X X X X
 2 . X . . . . . . . X . . . . . X . X .
 1 X X . . . . . . . . . . . . . . X . .

koPOSITIONALscoreAREAtaxNONEsui1komi7.5
Time taken: 3.11853
Root visits: 11
New playouts: 11
NN rows: 4
NN batches: 4
NN avg batch size: 1
PlayoutDoublingAdvantage: -2.75
PV: T5 S5
Tree:
: T 113.77c W 100.00c S  10.48c (+331.3 L +331.9) N      11  --  T5 S5
---Black(^)---
T5  : T 122.77c W 100.00c S  18.60c (+342.0 L +342.2) LCB   98.63c P 31.61% WF  30.3 PSV      29 N       6  --  T5 S5
R8  : T  89.02c W 100.00c S -10.98c (+301.4 L +303.9) LCB -260.98c P 30.06% WF   3.2 PSV       3 N       1  --  R8
S9  : T  89.16c W 100.00c S -10.84c (+301.7 L +303.8) LCB -260.84c P  9.47% WF   3.0 PSV       1 N       1  --  S9
T9  : T  89.07c W 100.00c S -10.93c (+301.2 L +303.1) LCB -260.93c P  9.36% WF   3.2 PSV       1 N       1  --  T9
P8  : T  88.87c W 100.00c S -11.13c (+300.6 L +303.1) LCB -261.13c P  4.51% WF   3.1 PSV       0 N       1  --  P8
pss : T  89.38c W 100.00c S -10.62c (+301.6 L +299.7) LCB -1400.00c P  0.00% WF   0.0 PSV       0 N       1  --  pass

2025-11-16 20:46:51-0500: play T5
2025-11-16 20:46:51-0500: Controller: genmove w
2025-11-16 20:47:00-0500: MoveNum: 37 HASH: 20DDCB0CEC66AD5956AEEA8065447EFA
   A B C D E F G H J K L M N O P Q R S T
19 . . . . . . . . . . . . . . X . . X .
18 X X X X . . . . . . . . . . . X X . X
17 . . . X . . . . . . X . . . . X . X .
16 . . . X X . . . . X X . . . . X X . .
15 . . . X . . . . . . . . . . . X . . .
14 . . . . . . . . . . . . . . . X . . .
13 . . . . . . . . . . . . . . . . . . .
12 . . . . . . . . . X . . . . . . . . .
11 . . X X . . . . . X . . . . . . . . .
10 . . X . . . . . . X . . . . . X X X .
 9 . . . . . . . . . . . . . . . . . . .
 8 . . . . . . . . . . . . . . . O . O O
 7 . . . . . . . . . X . . . . . X X X X1
 6 . . . X . . . X X X . . . . . X . . .
 5 . . . X . . . X . X . . . . . X . . X3
 4 . . . X . . . . X X X . . . . X X . .
 3 . X X X X . . . X . X . . . . X X X X
 2 . X . . . . . . . X . . . . . X . X .
 1 X X . . . . . . . . . . . . . . X . .

koPOSITIONALscoreAREAtaxNONEsui1komi7.5
Time taken: 8.58773
Root visits: 111
New playouts: 111
NN rows: 106
NN batches: 105
NN avg batch size: 1.00952
PlayoutDoublingAdvantage: 2.75
PV: pass R8 M2
Tree:
: T -134.12c W -100.00c S -34.30c (-343.4 L -343.4) N     111  --  pass R8 M2
---White(^)---
pss : T -133.48c W -100.00c S -33.70c (-342.1 L -341.9) LCB -138.49c P 15.85% WF 121.0 PSV     121 N      25  --  pass R8 M2
H2  : T -132.75c W -100.00c S -32.67c (-335.9 L -335.5) LCB -139.80c P  3.51% WF  77.2 PSV      53 N      17  --  H2 R8 F2
M2  : T -133.13c W -100.00c S -33.14c (-337.4 L -337.0) LCB -140.53c P  3.27% WF  73.3 PSV      31 N      15  --  M2 R8 H2
S15 : T -134.83c W -100.00c S -34.83c (-346.6 L -346.8) LCB -484.86c P  2.63% WF   7.4 PSV       8 N       1  --  S15
F2  : T -134.83c W -100.00c S -34.83c (-346.5 L -346.6) LCB -484.86c P  2.35% WF   7.4 PSV       8 N       1  --  F2
S5  : T -134.78c W -100.00c S -34.78c (-346.0 L -346.2) LCB -484.82c P  2.12% WF   7.5 PSV       8 N       1  --  S5
B9  : T -134.96c W -100.00c S -34.96c (-348.2 L -347.9) LCB -484.99c P  1.59% WF   7.5 PSV       5 N       1  --  B9
B12 : T -134.88c W -100.00c S -34.88c (-347.2 L -347.1) LCB -484.92c P  1.52% WF   7.4 PSV       5 N       1  --  B12
B16 : T -134.75c W -100.00c S -34.75c (-345.7 L -346.0) LCB -484.79c P  1.34% WF   7.4 PSV       5 N       1  --  B16
K18 : T -135.01c W -100.00c S -35.01c (-349.0 L -349.0) LCB -485.04c P  1.26% WF   7.5 PSV       4 N       1  --  K18

2025-11-16 20:47:00-0500: = pass
2025-11-16 20:47:00-0500: Controller: kata-set-param maxVisits 100
2025-11-16 20:47:00-0500: = 
2025-11-16 20:47:00-0500: Controller: kata-genmove_analyze b
2025-11-16 20:47:00-0500: =
2025-11-16 20:47:03-0500: MoveNum: 38 HASH: 20DDCB0CEC66AD5956AEEA8065447EFA
   A B C D E F G H J K L M N O P Q R S T
19 . . . . . . . . . . . . . . X . . X .
18 X X X X . . . . . . . . . . . X X . X
17 . . . X . . . . . . X . . . . X . X .
16 . . . X X . . . . X X . . . . X X . .
15 . . . X . . . . . . . . . . . X . . .
14 . . . . . . . . . . . . . . . X . . .
13 . . . . . . . . . . . . . . . . . . .
12 . . . . . . . . . X . . . . . . . . .
11 . . X X . . . . . X . . . . . . . . .
10 . . X . . . . . . X . . . . . X X X .
 9 . . . . . . . . . . . . . . . . . . .
 8 . . . . . . . . . . . . . . . O @ O O
 7 . . . . . . . . . X . . . . . X X X X
 6 . . . X . . . X X X . . . . . X . . .
 5 . . . X . . . X . X . . . . . X . . X2
 4 . . . X . . . . X X X . . . . X X . .
 3 . X X X X . . . X . X . . . . X X X X
 2 . X . . . . . . . X . . . . . X . X .
 1 X X . . . . . . . . . . . . . . X . .

koPOSITIONALscoreAREAtaxNONEsui1komi7.5
Time taken: 3.40508
Root visits: 11
New playouts: 11
NN rows: 4
NN batches: 4
NN avg batch size: 1
PlayoutDoublingAdvantage: -2.75
PV: R8 M2
Tree:
: T 113.82c W 100.00c S   9.69c (+331.7 L +332.3) N      11  --  R8 M2
---Black(^)---
R8  : T 120.62c W 100.00c S  16.21c (+340.2 L +340.2) LCB  101.68c P 37.64% WF  33.3 PSV      32 N       7  --  R8 M2
T9  : T  87.94c W 100.00c S -12.06c (+298.4 L +301.6) LCB -262.06c P 16.40% WF   3.4 PSV       1 N       1  --  T9
S9  : T  87.63c W 100.00c S -12.37c (+297.8 L +301.1) LCB -262.37c P 15.61% WF   3.4 PSV       1 N       1  --  S9
P8  : T  87.65c W 100.00c S -12.35c (+297.8 L +301.3) LCB -262.35c P  8.73% WF   3.5 PSV       1 N       1  --  P8
pss : T  88.48c W 100.00c S -11.52c (+299.4 L +299.1) LCB -1400.00c P  0.00% WF   0.0 PSV       0 N       1  --  pass

2025-11-16 20:47:03-0500: play R8
2025-11-16 20:47:03-0500: Controller: genmove w
2025-11-16 20:47:12-0500: MoveNum: 39 HASH: 7F6EE9868395511ABCC79B9DF598297E
   A B C D E F G H J K L M N O P Q R S T
19 . . . . . . . . . . . . . . X . . X .
18 X X X X . . . . . . . . . . . X X . X
17 . . . X . . . . . . X . . . . X . X .
16 . . . X X . . . . X X . . . . X X . .
15 . . . X . . . . . . . . . . . X . . .
14 . . . . . . . . . . . . . . . X . . .
13 . . . . . . . . . . . . . . . . . . .
12 . . . . . . . . . X . . . . . . . . .
11 . . X X . . . . . X . . . . . . . . .
10 . . X . . . . . . X . . . . . X X X .
 9 . . . . . . . . . . . . . . . . . . .
 8 . . . . . . . . . . . . . . . O X3O O
 7 . . . . . . . . . X . . . . . X X X X
 6 . . . X . . . X X X . . . . . X . . .
 5 . . . X . . . X . X . . . . . X . . X1
 4 . . . X . . . . X X X . . . . X X . .
 3 . X X X X . . . X . X . . . . X X X X
 2 . X . . . . . . . X . . . . . X . X .
 1 X X . . . . . . . . . . . . . . X . .

koPOSITIONALscoreAREAtaxNONEsui1komi7.5
Time taken: 9.01718
Root visits: 111
New playouts: 111
NN rows: 105
NN batches: 103
NN avg batch size: 1.01942
PlayoutDoublingAdvantage: 2.75
PV: M2 S9 O2
Tree:
: T -133.96c W -100.00c S -34.11c (-340.3 L -339.9) N     111  --  M2 S9 O2
---White(^)---
M2  : T -133.16c W -100.00c S -33.10c (-335.2 L -334.7) LCB -139.04c P  3.47% WF  85.3 PSV     101 N      17  --  M2 S9 O2
pss : T -133.86c W -100.00c S -33.71c (-341.2 L -340.4) LCB -139.96c P 14.31% WF  80.4 PSV      81 N      17  --  pass S9 S15
H2  : T -133.01c W -100.00c S -32.90c (-334.4 L -333.9) LCB -139.49c P  5.25% WF  78.1 PSV      78 N      16  --  H2 S9 pass
S15 : T -133.08c W -100.00c S -32.86c (-334.0 L -333.5) LCB -140.49c P  3.30% WF  68.6 PSV      69 N      14  --  S15 S9 H2
K18 : T -129.27c W -100.00c S -33.03c (-335.8 L -335.7) LCB -337.51c P  2.80% WF  10.1 PSV      10 N       2  --  K18 S9
G18 : T -134.91c W -100.00c S -34.91c (-345.8 L -345.6) LCB -484.94c P  2.42% WF   7.4 PSV       8 N       1  --  G18
F2  : T -134.76c W -100.00c S -34.76c (-343.8 L -343.5) LCB -484.80c P  2.10% WF   7.4 PSV       8 N       1  --  F2
O18 : T -134.75c W -100.00c S -34.75c (-343.7 L -343.4) LCB -484.79c P  1.90% WF   7.5 PSV       8 N       1  --  O18
M18 : T -134.79c W -100.00c S -34.79c (-344.2 L -343.9) LCB -484.83c P  1.87% WF   7.5 PSV       8 N       1  --  M18
H18 : T -135.00c W -100.00c S -35.00c (-346.9 L -346.4) LCB -485.03c P  1.80% WF   7.4 PSV       8 N       1  --  H18

2025-11-16 20:47:12-0500: = pass
2025-11-16 20:47:12-0500: Controller: kata-set-param maxVisits 100
2025-11-16 20:47:12-0500: = 
2025-11-16 20:47:12-0500: Controller: kata-genmove_analyze b
2025-11-16 20:47:12-0500: =
2025-11-16 20:47:17-0500: MoveNum: 40 HASH: 7F6EE9868395511ABCC79B9DF598297E
   A B C D E F G H J K L M N O P Q R S T
19 . . . . . . . . . . . . . . X . . X .
18 X X X X . . . . . . . . . . . X X . X
17 . . . X . . . . . . X . . . . X . X .
16 . . . X X . . . . X X . . . . X X . .
15 . . . X . . . . . . . . . . . X . . .
14 . . . . . . . . . . . . . . . X . . .
13 . . . . . . . . . . . . . . . . . . .
12 . . . . . . . . . X . . . . . . . . .
11 . . X X . . . . . X . . . . . . . . .
10 . . X . . . . . . X . . . . . X X X .
 9 . . . . . . . . . . . . . . . . . @ .
 8 . . . . . . . . . . . . . . . O X2O O
 7 . . . . . . . . . X . . . . . X X X X
 6 . . . X . . . X X X . . . . . X . . .
 5 . . . X . . . X . X . . . . . X . . X
 4 . . . X . . . . X X X . . . . X X . .
 3 . X X X X . . . X . X . . . . X X X X
 2 . X . . . . . . . X . . . . . X . X .
 1 X X . . . . . . . . . . . . . . X . .

koPOSITIONALscoreAREAtaxNONEsui1komi7.5
Time taken: 4.72664
Root visits: 11
New playouts: 11
NN rows: 5
NN batches: 5
NN avg batch size: 1
PlayoutDoublingAdvantage: -2.75
PV: S9 M2
Tree:
: T 112.98c W 100.00c S   9.64c (+329.6 L +330.2) N      11  --  S9 M2
---Black(^)---
S9  : T 121.56c W 100.00c S  17.58c (+339.9 L +339.9) LCB   97.52c P 32.40% WF  29.6 PSV      28 N       6  --  S9 M2
P8  : T  88.58c W 100.00c S -11.42c (+299.2 L +302.5) LCB -261.42c P 19.99% WF   3.2 PSV       2 N       1  --  P8
T9  : T  89.03c W 100.00c S -10.97c (+300.6 L +303.6) LCB -260.97c P 16.39% WF   3.1 PSV       1 N       1  --  T9
Q9  : T  88.83c W 100.00c S -11.17c (+299.8 L +303.0) LCB -261.17c P 11.03% WF   3.1 PSV       1 N       1  --  Q9
R9  : T  88.83c W 100.00c S -11.17c (+300.1 L +303.1) LCB -261.17c P  6.68% WF   3.1 PSV       0 N       1  --  R9
pss : T  88.73c W 100.00c S -11.27c (+299.2 L +299.4) LCB -1400.00c P  0.00% WF   0.0 PSV       0 N       1  --  pass

2025-11-16 20:47:17-0500: play S9
2025-11-16 20:47:17-0500: Controller: genmove w
2025-11-16 20:47:26-0500: MoveNum: 41 HASH: C5424DAD0AAAC352CCA035909DABE6F1
   A B C D E F G H J K L M N O P Q R S T
19 . . . . . . . . . . . . . . X . . X .
18 X X X X . . . . . . . . . . . X X . X
17 . . . X . . . . . . X . . . . X . X .
16 . . . X X . . . . X X . . . . X X . .
15 . . . X . . . . . . . . . . . X . . .
14 . . . . . . . . . . . . . . . X . . .
13 . . . . . . . . . . . . . . . . . . .
12 . . . . . . . . . X . . . . . . . . .
11 . . X X . . . . . X . . . . . . . . .
10 . . X . . . . . . X . . . . . X X X .
 9 . . . . . . . . . . . . . . . . . X3.
 8 . . . . . . . . . . . . . . . O X1O O
 7 . . . . . . . . . X . . . . . X X X X
 6 . . . X . . . X X X . . . . . X . . .
 5 . . . X . . . X . X . . . . . X . . X
 4 . . . X . . . . X X X . . . . X X . .
 3 . X X X X . . . X . X . . . . X X X X
 2 . X . . . . . . . X . @ . . . X . X .
 1 X X . . . . . . . . . . . . . . X . .

koPOSITIONALscoreAREAtaxNONEsui1komi7.5
Time taken: 9.00205
Root visits: 111
New playouts: 111
NN rows: 106
NN batches: 104
NN avg batch size: 1.01923
PlayoutDoublingAdvantage: 2.75
PV: M2 T9 H2
Tree:
: T -133.74c W -100.00c S -33.93c (-340.8 L -340.4) N     111  --  M2 T9 H2
---White(^)---
M2  : T -132.89c W -100.00c S -32.92c (-335.8 L -335.2) LCB -138.16c P  2.64% WF 101.2 PSV     116 N      21  --  M2 T9 H2
pss : T -133.55c W -100.00c S -33.54c (-341.5 L -340.8) LCB -138.27c P 16.03% WF 112.1 PSV     112 N      25  --  pass Q9 M2
S15 : T -132.84c W -100.00c S -32.68c (-334.9 L -334.3) LCB -146.78c P  3.78% WF  46.8 PSV      47 N      10  --  S15 T9 pass
H2  : T -133.13c W -100.00c S -33.04c (-336.6 L -336.0) LCB -144.35c P  3.63% WF  54.2 PSV      33 N      11  --  H2 T9 pass
K18 : T -127.81c W -100.00c S -33.02c (-337.2 L -337.1) LCB -362.86c P  2.55% WF   9.5 PSV      10 N       2  --  K18 P8
G18 : T -134.73c W -100.00c S -34.73c (-345.9 L -345.3) LCB -484.77c P  2.21% WF   7.4 PSV       8 N       1  --  G18
B12 : T -134.70c W -100.00c S -34.70c (-345.4 L -344.7) LCB -484.74c P  1.91% WF   7.5 PSV       7 N       1  --  B12
B9  : T -134.64c W -100.00c S -34.64c (-344.7 L -344.0) LCB -484.68c P  1.89% WF   7.5 PSV       7 N       1  --  B9
F2  : T -134.52c W -100.00c S -34.52c (-343.5 L -343.4) LCB -484.57c P  1.88% WF   7.4 PSV       7 N       1  --  F2
H18 : T -134.78c W -100.00c S -34.78c (-346.5 L -345.9) LCB -484.81c P  1.82% WF   7.4 PSV       6 N       1  --  H18

2025-11-16 20:47:26-0500: = M2
2025-11-16 20:47:26-0500: Controller: kata-set-param maxVisits 100
2025-11-16 20:47:26-0500: = 
2025-11-16 20:47:26-0500: Controller: kata-genmove_analyze b
2025-11-16 20:47:26-0500: =
2025-11-16 20:47:32-0500: MoveNum: 42 HASH: 9CB7859D20A0B84D4BA66068DF5E0B2B
   A B C D E F G H J K L M N O P Q R S T
19 . . . . . . . . . . . . . . X . . X .
18 X X X X . . . . . . . . . . . X X . X
17 . . . X . . . . . . X . . . . X . X .
16 . . . X X . . . . X X . . . . X X . .
15 . . . X . . . . . . . . . . . X . . .
14 . . . . . . . . . . . . . . . X . . .
13 . . . . . . . . . . . . . . . . . . .
12 . . . . . . . . . X . . . . . . . . .
11 . . X X . . . . . X . . . . . . . . .
10 . . X . . . . . . X . . . . . X X X .
 9 . . . . . . . . . . . . . . . . . X2@
 8 . . . . . . . . . . . . . . . O X O O
 7 . . . . . . . . . X . . . . . X X X X
 6 . . . X . . . X X X . . . . . X . . .
 5 . . . X . . . X . X . . . . . X . . X
 4 . . . X . . . . X X X . . . . X X . .
 3 . X X X X . . . X . X . . . . X X X X
 2 . X . . . . . . . X . O3. . . X . X .
 1 X X . . . . . . . . . . . . . . X . .

koPOSITIONALscoreAREAtaxNONEsui1komi7.5
Time taken: 5.91606
Root visits: 45
New playouts: 45
NN rows: 29
NN batches: 29
NN avg batch size: 1
PlayoutDoublingAdvantage: -2.75
PV: T9 S15
Tree:
: T 118.91c W 100.00c S  15.97c (+337.0 L +336.5) N      45  --  T9 S15
---Black(^)---
T9  : T 122.75c W 100.00c S  20.91c (+341.9 L +341.0) LCB  116.19c P 21.05% WF  70.1 PSV      70 N      14  --  T9 S15
Q9  : T 122.13c W 100.00c S  20.24c (+340.9 L +340.2) LCB  115.08c P 15.55% WF  63.6 PSV      40 N      13  --  Q9 F2
P8  : T 121.71c W 100.00c S  19.09c (+340.0 L +339.2) LCB  109.68c P 16.27% WF  43.0 PSV      36 N       9  --  P8 N1
M3  : T  89.32c W 100.00c S -10.68c (+300.8 L +302.7) LCB -260.68c P  9.91% WF   2.9 PSV       2 N       1  --  M3
N2  : T  88.74c W 100.00c S -11.26c (+298.8 L +301.4) LCB -261.26c P  9.15% WF   3.0 PSV       1 N       1  --  N2
L2  : T  89.52c W 100.00c S -10.48c (+301.3 L +303.1) LCB -260.48c P  7.84% WF   2.9 PSV       1 N       1  --  L2
M1  : T  89.33c W 100.00c S -10.67c (+300.4 L +302.1) LCB -260.67c P  3.60% WF   2.9 PSV       0 N       1  --  M1
R9  : T  90.35c W 100.00c S  -9.65c (+303.0 L +303.8) LCB -259.65c P  3.08% WF   2.7 PSV       0 N       1  --  R9
S5  : T  90.03c W 100.00c S  -9.97c (+302.6 L +304.1) LCB -260.16c P  0.71% WF   2.8 PSV       0 N       1  --  S5
T6  : T  90.27c W 100.00c S  -9.73c (+303.2 L +304.3) LCB -259.73c P  0.55% WF   2.3 PSV       0 N       1  --  T6

2025-11-16 20:47:32-0500: play T9
2025-11-16 20:47:32-0500: Controller: genmove w
2025-11-16 20:47:41-0500: MoveNum: 43 HASH: 2030E2C10FA5B724AC0B2FD3BD06658E
   A B C D E F G H J K L M N O P Q R S T
19 . . . . . . . . . . . . . . X . . X .
18 X X X X . . . . . . . . . . . X X . X
17 . . . X . . . . . . X . . . . X . X .
16 . . . X X . . . . X X . . . . X X . .
15 . . . X . . . . . . . . . . . X . . .
14 . . . . . . . . . . . . . . . X . . .
13 . . . . . . . . . . . . . . . . . . .
12 . . . . . . . . . X . . . . . . . . .
11 . . X X . . . . . X . . . . . . . . .
10 . . X . . . . . . X . . . . . X X X .
 9 . . . . . . . . . . . . . . . . . X1X3
 8 . . . . . . . . . . . . . . . O X . .
 7 . . . . . . . . . X . . . . . X X X X
 6 . . . X . . . X X X . . . . . X . . .
 5 . . . X . . . X . X . . . . . X . . X
 4 . . . X . . . . X X X . . . . X X . .
 3 . X X X X . . . X . X . . . . X X X X
 2 . X . . . . . . . X . O2. . . X . X .
 1 X X . . . . . . . . . . . . . . X . .

koPOSITIONALscoreAREAtaxNONEsui1komi7.5
Time taken: 9.14746
Root visits: 111
New playouts: 111
NN rows: 98
NN batches: 95
NN avg batch size: 1.03158
PlayoutDoublingAdvantage: 2.75
PV: pass Q9 S15
Tree:
: T -133.80c W -100.00c S -33.94c (-341.1 L -340.3) N     111  --  pass Q9 S15
---White(^)---
pss : T -133.46c W -100.00c S -33.56c (-340.0 L -339.3) LCB -137.51c P 17.55% WF 132.2 PSV     132 N      26  --  pass Q9 S15
H2  : T -132.36c W -100.00c S -32.45c (-335.2 L -334.4) LCB -139.97c P  3.52% WF  75.8 PSV      76 N      17  --  H2 Q9 pass
O2  : T -132.96c W -100.00c S -32.97c (-337.5 L -336.3) LCB -140.59c P  3.41% WF  72.0 PSV      38 N      15  --  O2 Q9 pass
S15 : T -134.37c W -100.00c S -34.37c (-343.1 L -342.4) LCB -484.42c P  2.23% WF   7.4 PSV       8 N       1  --  S15
F2  : T -134.40c W -100.00c S -34.40c (-343.2 L -342.3) LCB -484.44c P  1.69% WF   7.4 PSV       7 N       1  --  F2
B9  : T -134.39c W -100.00c S -34.39c (-343.1 L -342.2) LCB -484.43c P  1.44% WF   7.4 PSV       6 N       1  --  B9
B16 : T -134.40c W -100.00c S -34.40c (-343.3 L -342.5) LCB -484.45c P  1.40% WF   7.4 PSV       6 N       1  --  B16
B12 : T -134.44c W -100.00c S -34.44c (-343.6 L -342.2) LCB -484.48c P  1.26% WF   7.4 PSV       5 N       1  --  B12
B5  : T -134.35c W -100.00c S -34.35c (-342.7 L -342.3) LCB -484.39c P  1.13% WF   7.3 PSV       5 N       1  --  B5
G18 : T -134.54c W -100.00c S -34.54c (-344.8 L -343.8) LCB -484.58c P  1.15% WF   7.4 PSV       4 N       1  --  G18

2025-11-16 20:47:41-0500: = pass
2025-11-16 20:47:41-0500: Controller: kata-set-param maxVisits 100
2025-11-16 20:47:41-0500: = 
2025-11-16 20:47:41-0500: Controller: kata-genmove_analyze b
2025-11-16 20:47:41-0500: =
2025-11-16 20:47:48-0500: MoveNum: 44 HASH: 2030E2C10FA5B724AC0B2FD3BD06658E
   A B C D E F G H J K L M N O P Q R S T
19 . . . . . . . . . . . . . . X . . X .
18 X X X X . . . . . . . . . . . X X . X
17 . . . X . . . . . . X . . . . X . X .
16 . . . X X . . . . X X . . . . X X . .
15 . . . X . . . . . . . . . . . X . . .
14 . . . . . . . . . . . . . . . X . . .
13 . . . . . . . . . . . . . . . . . . .
12 . . . . . . . . . X . . . . . . . . .
11 . . X X . . . . . X . . . . . . . . .
10 . . X . . . . . . X . . . . . X X X .
 9 . . . . . . . . . . . . . . . . . X X2
 8 . . . . . . . . . . . . . . @ O X . .
 7 . . . . . . . . . X . . . . . X X X X
 6 . . . X . . . X X X . . . . . X . . .
 5 . . . X . . . X . X . . . . . X . . X
 4 . . . X . . . . X X X . . . . X X . .
 3 . X X X X . . . X . X . . . . X X X X
 2 . X . . . . . . . X . O1. . . X . X .
 1 X X . . . . . . . . . . . . . . X . .

koPOSITIONALscoreAREAtaxNONEsui1komi7.5
Time taken: 6.54269
Root visits: 22
New playouts: 22
NN rows: 14
NN batches: 14
NN avg batch size: 1
PlayoutDoublingAdvantage: -2.75
PV: P8 B16
Tree:
: T 117.78c W 100.00c S  14.57c (+336.1 L +336.0) N      22  --  P8 B16
---Black(^)---
P8  : T 122.93c W 100.00c S  20.95c (+342.6 L +342.0) LCB  117.12c P 26.46% WF  80.0 PSV      78 N      16  --  P8 B16
Q9  : T  88.75c W 100.00c S -11.25c (+299.5 L +302.4) LCB -261.25c P 25.23% WF   3.1 PSV       3 N       1  --  Q9
L2  : T  88.93c W 100.00c S -11.07c (+300.2 L +302.8) LCB -261.07c P 11.84% WF   3.0 PSV       1 N       1  --  L2
M3  : T  88.71c W 100.00c S -11.29c (+299.4 L +302.1) LCB -261.29c P  9.88% WF   3.0 PSV       1 N       1  --  M3
N2  : T  88.60c W 100.00c S -11.40c (+298.8 L +301.8) LCB -261.40c P  7.31% WF   3.0 PSV       1 N       1  --  N2
M1  : T  88.91c W 100.00c S -11.09c (+299.6 L +302.3) LCB -261.09c P  7.03% WF   3.0 PSV       1 N       1  --  M1
pss : T  89.00c W 100.00c S -11.00c (+299.8 L +300.4) LCB -1400.00c P  0.00% WF   0.0 PSV       0 N       1  --  pass

2025-11-16 20:47:48-0500: play P8
2025-11-16 20:47:48-0500: Controller: genmove w
2025-11-16 20:47:56-0500: MoveNum: 45 HASH: 686F7E64615A654F877968806AC2D850
   A B C D E F G H J K L M N O P Q R S T
19 . . . . . . . . . . . . . . X . . X .
18 X X X X . . . . . . . . . . . X X . X
17 . . . X . . . . . . X . . . . X . X .
16 . . . X X . . . . X X . . . . X X . .
15 . . . X . . . . . . . . . . . X . . .
14 . . . . . . . . . . . . . . . X . . .
13 . . . . . . . . . . . . . . . . . . .
12 . . . . . . . . . X . . . . . . . . .
11 . . X X . . . . . X . . . . . . . . .
10 . . X . . . . . . X . . . . . X X X .
 9 . . . . . . . . . . . . . . . . . X X1
 8 . . . . . . . . . . . . . . X3O X . .
 7 . . . . . . . . . X . . . . . X X X X
 6 . . . X . . . X X X . . . . . X . . .
 5 . . . X . . . X . X . . . . . X . . X
 4 . . . X . . . . X X X . . . . X X . .
 3 . X X X X . . . X . X . . . . X X X X
 2 . X . . . . . @ . X . O . . . X . X .
 1 X X . . . . . . . . . . . . . . X . .

koPOSITIONALscoreAREAtaxNONEsui1komi7.5
Time taken: 8.00704
Root visits: 111
New playouts: 111
NN rows: 96
NN batches: 95
NN avg batch size: 1.01053
PlayoutDoublingAdvantage: 2.75
PV: pass Q9 H2
Tree:
: T -134.10c W -100.00c S -34.19c (-341.1 L -340.5) N     111  --  pass Q9 H2
---White(^)---
pss : T -134.22c W -100.00c S -34.06c (-343.3 L -342.4) LCB -138.10c P 15.96% WF 110.5 PSV     111 N      22  --  pass Q9 H2
H2  : T -132.89c W -100.00c S -33.03c (-335.4 L -335.2) LCB -141.07c P  3.44% WF  68.1 PSV      68 N      14  --  H2 Q9 S15
F2  : T -133.25c W -100.00c S -33.06c (-335.9 L -335.3) LCB -139.78c P  2.96% WF  76.5 PSV      55 N      16  --  F2 Q9 H2
S15 : T -133.24c W -100.00c S -33.26c (-336.4 L -335.9) LCB -140.18c P  2.82% WF  75.5 PSV      54 N      15  --  S15 Q9 pass
K18 : T -134.94c W -100.00c S -34.94c (-346.1 L -345.3) LCB -484.98c P  2.48% WF   7.5 PSV       8 N       1  --  K18
B12 : T -134.87c W -100.00c S -34.87c (-345.2 L -344.2) LCB -484.91c P  2.10% WF   7.5 PSV       8 N       1  --  B12
G18 : T -134.87c W -100.00c S -34.87c (-345.3 L -344.7) LCB -484.91c P  1.99% WF   7.5 PSV       8 N       1  --  G18
O2  : T -134.85c W -100.00c S -34.85c (-345.0 L -344.8) LCB -484.89c P  1.93% WF   7.4 PSV       8 N       1  --  O2
M18 : T -134.82c W -100.00c S -34.82c (-344.5 L -343.5) LCB -484.86c P  1.85% WF   7.5 PSV       8 N       1  --  M18
B9  : T -134.80c W -100.00c S -34.80c (-344.2 L -343.4) LCB -484.84c P  1.79% WF   7.5 PSV       8 N       1  --  B9

2025-11-16 20:47:56-0500: = H2
2025-11-16 20:47:56-0500: Controller: kata-set-param maxVisits 100
2025-11-16 20:47:56-0500: = 
2025-11-16 20:47:56-0500: Controller: kata-genmove_analyze b
2025-11-16 20:47:56-0500: =
2025-11-16 20:48:03-0500: MoveNum: 46 HASH: 61055DB08B84436699AF728028A1387D
   A B C D E F G H J K L M N O P Q R S T
19 . . . . . . . . . . . . . . X . . X .
18 X X X X . . . . . . . . . . . X X . X
17 . . . X . . . . . . X . . . . X . X .
16 . . . X X . . . . X X . . . . X X . .
15 . . . X . . . . . . . . . . . X . . .
14 . . . . . . . . . . . . . . . X . . .
13 . . . . . . . . . . . . . . . . . . .
12 . . . . . . . . . X . . . . . . . . .
11 . . X X . . . . . X . . . . . . . . .
10 . . X . . . . . . X . . . . . X X X .
 9 . . . . . . . . . . . . . . . @ . X X
 8 . . . . . . . . . . . . . . X2O X . .
 7 . . . . . . . . . X . . . . . X X X X
 6 . . . X . . . X X X . . . . . X . . .
 5 . . . X . . . X . X . . . . . X . . X
 4 . . . X . . . . X X X . . . . X X . .
 3 . X X X X . . . X . X . . . . X X X X
 2 . X . . . . . O3. X . O . . . X . X .
 1 X X . . . . . . . . . . . . . . X . .

koPOSITIONALscoreAREAtaxNONEsui1komi7.5
Time taken: 7.00561
Root visits: 45
New playouts: 45
NN rows: 35
NN batches: 35
NN avg batch size: 1
PlayoutDoublingAdvantage: -2.75
PV: Q9 P1
Tree:
: T 117.36c W 100.00c S  14.69c (+337.0 L +336.9) N      45  --  Q9 P1
---Black(^)---
Q9  : T 123.04c W 100.00c S  22.20c (+344.2 L +343.7) LCB  120.50c P 23.71% WF 157.7 PSV     154 N      32  --  Q9 P1
G2  : T  88.30c W 100.00c S -11.70c (+298.9 L +301.2) LCB -261.70c P 11.57% WF   3.1 PSV       2 N       1  --  G2
H3  : T  88.66c W 100.00c S -11.34c (+300.4 L +302.7) LCB -261.34c P  9.22% WF   3.1 PSV       2 N       1  --  H3
N2  : T  89.25c W 100.00c S -10.75c (+301.9 L +304.0) LCB -260.75c P  8.50% WF   2.9 PSV       1 N       1  --  N2
J2  : T  88.96c W 100.00c S -11.04c (+301.2 L +303.2) LCB -261.04c P  7.94% WF   3.1 PSV       1 N       1  --  J2
M3  : T  89.36c W 100.00c S -10.64c (+302.5 L +304.5) LCB -260.64c P  7.59% WF   2.9 PSV       1 N       1  --  M3
L2  : T  89.48c W 100.00c S -10.52c (+302.8 L +304.7) LCB -260.52c P  4.71% WF   3.0 PSV       1 N       1  --  L2
H1  : T  88.73c W 100.00c S -11.27c (+300.1 L +302.0) LCB -261.27c P  4.11% WF   3.0 PSV       0 N       1  --  H1
M1  : T  89.29c W 100.00c S -10.71c (+302.0 L +303.5) LCB -260.71c P  4.07% WF   3.0 PSV       0 N       1  --  M1
P7  : T  89.34c W 100.00c S -10.66c (+301.9 L +303.6) LCB -260.66c P  2.87% WF   2.9 PSV       0 N       1  --  P7

2025-11-16 20:48:03-0500: play Q9
2025-11-16 20:48:03-0500: Controller: genmove w
2025-11-16 20:48:10-0500: MoveNum: 47 HASH: 7CF3802D9984013F2F30CA793644C099
   A B C D E F G H J K L M N O P Q R S T
19 . . . . . . . . . . . . . . X . . X .
18 X X X X . . . . . . . . . . . X X . X
17 . . . X . . . . . . X . . . . X . X .
16 . . . X X . . . . X X . . . . X X . .
15 . . . X . . . . . . . . . . . X . . .
14 . . . . . . . . . . . . . . . X . . .
13 . . . . . . . . . . . . . . . . . . .
12 . . . . . . . . . X . . . . . . . . .
11 . . X X . . . . . X . . . . . . . . .
10 . . X . . . . . . X . . . . . X X X .
 9 . . . . . . . . . . . . . . . X3. X X
 8 . . . . . . . . . . . . . . X1. X . .
 7 . . . . . . . . . X . . . . . X X X X
 6 . . . X . . . X X X . . . . . X . . .
 5 . . . X . . . X . X . . . . . X . . X
 4 . . . X . . . . X X X . . . . X X . .
 3 . X X X X . . . X . X . . . . X X X X
 2 . X . . . . . O2. X . O . . . X . X .
 1 X X . . . . . . . . . . . . . . X . .

koPOSITIONALscoreAREAtaxNONEsui1komi7.5
Time taken: 7.49596
Root visits: 111
New playouts: 111
NN rows: 80
NN batches: 78
NN avg batch size: 1.02564
PlayoutDoublingAdvantage: 2.75
PV: pass H3 S15
Tree:
: T -133.69c W -100.00c S -33.83c (-341.8 L -341.1) N     111  --  pass H3 S15
---White(^)---
pss : T -133.32c W -100.00c S -33.47c (-341.2 L -340.4) LCB -137.80c P 17.02% WF 131.7 PSV     131 N      28  --  pass H3 S15
S15 : T -132.09c W -100.00c S -32.06c (-335.1 L -334.4) LCB -142.60c P  3.09% WF  57.7 PSV      58 N      14  --  S15 M3 pass
F2  : T -132.94c W -100.00c S -32.83c (-337.6 L -336.2) LCB -137.81c P  4.36% WF 106.6 PSV      44 N      23  --  F2 J2 pass
O2  : T -134.48c W -100.00c S -34.48c (-345.3 L -345.0) LCB -484.52c P  1.85% WF   7.3 PSV       7 N       1  --  O2
B16 : T -134.34c W -100.00c S -34.34c (-343.9 L -343.3) LCB -484.39c P  1.68% WF   7.3 PSV       7 N       1  --  B16
B12 : T -134.42c W -100.00c S -34.42c (-344.6 L -343.9) LCB -484.46c P  1.70% WF   7.4 PSV       6 N       1  --  B12
G18 : T -134.53c W -100.00c S -34.53c (-345.9 L -345.1) LCB -484.57c P  1.64% WF   7.3 PSV       6 N       1  --  G18
B9  : T -134.52c W -100.00c S -34.52c (-345.7 L -344.7) LCB -484.56c P  1.63% WF   7.4 PSV       6 N       1  --  B9
K18 : T -134.54c W -100.00c S -34.54c (-346.0 L -345.2) LCB -484.58c P  1.58% WF   7.4 PSV       6 N       1  --  K18
H18 : T -134.56c W -100.00c S -34.56c (-346.3 L -345.5) LCB -484.60c P  1.39% WF   7.3 PSV       5 N       1  --  H18

2025-11-16 20:48:10-0500: = pass
2025-11-16 20:48:10-0500: Controller: kata-set-param maxVisits 100
2025-11-16 20:48:10-0500: = 
2025-11-16 20:48:10-0500: Controller: kata-genmove_analyze b
2025-11-16 20:48:10-0500: =
2025-11-16 20:48:16-0500: MoveNum: 48 HASH: 7CF3802D9984013F2F30CA793644C099
   A B C D E F G H J K L M N O P Q R S T
19 . . . . . . . . . . . . . . X . . X .
18 X X X X . . . . . . . . . . . X X . X
17 . . . X . . . . . . X . . . . X . X .
16 . . . X X . . . . X X . . . . X X . .
15 . . . X . . . . . . . . . . . X . . .
14 . . . . . . . . . . . . . . . X . . .
13 . . . . . . . . . . . . . . . . . . .
12 . . . . . . . . . X . . . . . . . . .
11 . . X X . . . . . X . . . . . . . . .
10 . . X . . . . . . X . . . . . X X X .
 9 . . . . . . . . . . . . . . . X2. X X
 8 . . . . . . . . . . . . . . X . X . .
 7 . . . . . . . . . X . . . . . X X X X
 6 . . . X . . . X X X . . . . . X . . .
 5 . . . X . . . X . X . . . . . X . . X
 4 . . . X . . . . X X X . . . . X X . .
 3 . X X X X . . . X . X . . . . X X X X
 2 . X . . . . @ O1. X . O . . . X . X .
 1 X X . . . . . . . . . . . . . . X . .

koPOSITIONALscoreAREAtaxNONEsui1komi7.5
Time taken: 5.71939
Root visits: 22
New playouts: 22
NN rows: 13
NN batches: 13
NN avg batch size: 1
PlayoutDoublingAdvantage: -2.75
PV: G2 F2
Tree:
: T 115.51c W 100.00c S  12.11c (+333.5 L +333.6) N      22  --  G2 F2
---Black(^)---
G2  : T 123.31c W 100.00c S  20.91c (+343.4 L +342.9) LCB  116.28c P 15.39% WF  70.7 PSV      68 N      14  --  G2 F2
H3  : T  88.34c W 100.00c S -11.66c (+298.7 L +301.8) LCB -261.66c P 13.05% WF   3.1 PSV       2 N       1  --  H3
J2  : T  88.51c W 100.00c S -11.49c (+299.4 L +302.4) LCB -261.49c P 12.05% WF   3.1 PSV       1 N       1  --  J2
M3  : T  88.43c W 100.00c S -11.57c (+299.1 L +302.1) LCB -261.57c P 10.61% WF   3.1 PSV       1 N       1  --  M3
N2  : T  88.05c W 100.00c S -11.95c (+297.7 L +300.8) LCB -261.95c P 10.07% WF   3.1 PSV       1 N       1  --  N2
M1  : T  88.40c W 100.00c S -11.60c (+298.7 L +301.6) LCB -261.60c P  9.52% WF   3.1 PSV       1 N       1  --  M1
L2  : T  88.26c W 100.00c S -11.74c (+298.6 L +301.6) LCB -261.74c P  8.76% WF   3.1 PSV       1 N       1  --  L2
H1  : T  88.40c W 100.00c S -11.60c (+298.5 L +301.2) LCB -261.60c P  7.28% WF   3.1 PSV       1 N       1  --  H1
pss : T  88.63c W 100.00c S -11.37c (+299.4 L +300.4) LCB -1400.00c P  0.00% WF   0.0 PSV       0 N       1  --  pass

2025-11-16 20:48:16-0500: play G2
2025-11-16 20:48:16-0500: Controller: genmove w
2025-11-16 20:48:24-0500: MoveNum: 49 HASH: 040B8601995D10358B6EF6E066D089FB
   A B C D E F G H J K L M N O P Q R S T
19 . . . . . . . . . . . . . . X . . X .
18 X X X X . . . . . . . . . . . X X . X
17 . . . X . . . . . . X . . . . X . X .
16 . . . X X . . . . X X . . . . X X . .
15 . . . X . . . . . . . . . . . X . . .
14 . . . . . . . . . . . . . . . X . . .
13 . . . . . . . . . . . . . . . . . . .
12 . . . . . . . . . X . . . . . . . . .
11 . . X X . . . . . X . . . . . . . . .
10 . . X . . . . . . X . . . . . X X X .
 9 . . . . . . . . . . . . . . . X1. X X
 8 . . . . . . . . . . . . . . X . X . .
 7 . . . . . . . . . X . . . . . X X X X
 6 . . . X . . . X X X . . . . . X . . .
 5 . . . X . . . X . X . . . . . X . . X
 4 . . . X . . . . X X X . . . . X X . .
 3 . X X X X . . . X . X . . . . X X X X
 2 . X . . . @ X3O . X . O . . . X . X .
 1 X X . . . . . . . . . . . . . . X . .

koPOSITIONALscoreAREAtaxNONEsui1komi7.5
Time taken: 7.82294
Root visits: 111
New playouts: 111
NN rows: 97
NN batches: 97
NN avg batch size: 1
PlayoutDoublingAdvantage: 2.75
PV: F2 F3 G1
Tree:
: T -133.92c W -100.00c S -34.12c (-341.1 L -340.4) N     111  --  F2 F3 G1
---White(^)---
F2  : T -133.25c W -100.00c S -33.27c (-336.7 L -335.8) LCB -138.38c P  5.51% WF 101.9 PSV     123 N      21  --  F2 F3 G1
pss : T -133.63c W -100.00c S -33.69c (-341.3 L -340.6) LCB -139.23c P 14.11% WF  97.6 PSV      98 N      21  --  pass H3 S15
G3  : T -132.79c W -100.00c S -32.92c (-335.2 L -334.4) LCB -139.87c P  3.19% WF  78.3 PSV      78 N      17  --  G3 H3 F2
S15 : T -132.95c W -100.00c S -33.09c (-336.4 L -336.1) LCB -141.21c P  3.77% WF  67.8 PSV      68 N      14  --  S15 H3 pass
K18 : T -135.01c W -100.00c S -35.01c (-347.2 L -346.6) LCB -485.04c P  2.48% WF   7.5 PSV       8 N       1  --  K18
G1  : T -134.81c W -100.00c S -34.81c (-344.5 L -343.4) LCB -484.85c P  2.40% WF   7.4 PSV       8 N       1  --  G1
B9  : T -134.98c W -100.00c S -34.98c (-346.7 L -345.6) LCB -485.01c P  2.23% WF   7.5 PSV       8 N       1  --  B9
O2  : T -134.96c W -100.00c S -34.96c (-346.4 L -346.0) LCB -484.99c P  2.04% WF   7.4 PSV       8 N       1  --  O2
H18 : T -134.99c W -100.00c S -34.99c (-346.9 L -346.3) LCB -485.02c P  1.86% WF   7.4 PSV       8 N       1  --  H18
B12 : T -134.96c W -100.00c S -34.96c (-346.4 L -345.5) LCB -484.99c P  1.84% WF   7.5 PSV       8 N       1  --  B12

2025-11-16 20:48:24-0500: = F2
2025-11-16 20:48:24-0500: Controller: kata-set-param maxVisits 100
2025-11-16 20:48:24-0500: = 
2025-11-16 20:48:24-0500: Controller: kata-genmove_analyze b
2025-11-16 20:48:24-0500: =
2025-11-16 20:48:30-0500: MoveNum: 50 HASH: 5360EF76490C1CAB9E97C2471AB68DD8
   A B C D E F G H J K L M N O P Q R S T
19 . . . . . . . . . . . . . . X . . X .
18 X X X X . . . . . . . . . . . X X . X
17 . . . X . . . . . . X . . . . X . X .
16 . . . X X . . . . X X . . . . X X . .
15 . . . X . . . . . . . . . . . X . . .
14 . . . . . . . . . . . . . . . X . . .
13 . . . . . . . . . . . . . . . . . . .
12 . . . . . . . . . X . . . . . . . . .
11 . . X X . . . . . X . . . . . . . . .
10 . . X . . . . . . X . . . . . X X X .
 9 . . . . . . . . . . . . . . . X . X X
 8 . . . . . . . . . . . . . . X . X . .
 7 . . . . . . . . . X . . . . . X X X X
 6 . . . X . . . X X X . . . . . X . . .
 5 . . . X . . . X . X . . . . . X . . X
 4 . . . X . . . . X X X . . . . X X . .
 3 . X X X X @ . . X . X . . . . X X X X
 2 . X . . . O3X2O . X . O . . . X . X .
 1 X X . . . . . . . . . . . . . . X . .

koPOSITIONALscoreAREAtaxNONEsui1komi7.5
Time taken: 5.72483
Root visits: 45
New playouts: 45
NN rows: 29
NN batches: 29
NN avg batch size: 1
PlayoutDoublingAdvantage: -2.75
PV: F3 J1
Tree:
: T 117.46c W 100.00c S  14.26c (+336.7 L +336.5) N      45  --  F3 J1
---Black(^)---
F3  : T 123.04c W 100.00c S  21.52c (+343.8 L +343.2) LCB  118.44c P 12.66% WF  96.2 PSV     106 N      19  --  F3 J1
H3  : T 123.02c W 100.00c S  20.98c (+343.6 L +342.9) LCB  116.27c P 11.94% WF  70.2 PSV      69 N      14  --  H3 B16
E2  : T  88.70c W 100.00c S -11.30c (+300.5 L +302.8) LCB -261.30c P 11.55% WF   3.1 PSV       2 N       1  --  E2
H1  : T  88.53c W 100.00c S -11.47c (+299.9 L +301.8) LCB -261.47c P 10.88% WF   3.0 PSV       2 N       1  --  H1
J2  : T  88.77c W 100.00c S -11.23c (+300.9 L +303.0) LCB -261.23c P  8.23% WF   3.1 PSV       1 N       1  --  J2
N2  : T  88.78c W 100.00c S -11.22c (+300.5 L +302.2) LCB -261.22c P  6.99% WF   2.9 PSV       1 N       1  --  N2
F1  : T  88.98c W 100.00c S -11.02c (+301.3 L +302.8) LCB -261.02c P  6.98% WF   3.0 PSV       1 N       1  --  F1
M3  : T  88.75c W 100.00c S -11.25c (+300.3 L +302.1) LCB -261.25c P  6.58% WF   2.9 PSV       1 N       1  --  M3
G3  : T  87.94c W 100.00c S -12.06c (+297.9 L +301.1) LCB -262.20c P  4.94% WF   3.3 PSV       1 N       1  --  G3
L2  : T  88.87c W 100.00c S -11.13c (+300.8 L +302.4) LCB -261.13c P  4.64% WF   2.9 PSV       1 N       1  --  L2

2025-11-16 20:48:30-0500: play F3
2025-11-16 20:48:30-0500: Controller: kata-set-param maxVisits 300
2025-11-16 20:48:30-0500: = 
2025-11-16 20:48:30-0500: Controller: kata-genmove_analyze b
2025-11-16 20:48:30-0500: =
2025-11-16 20:48:39-0500: MoveNum: 0 HASH: 5C85C19B1E83CD98E6805E645A5C60B5
   A B C D E F G H J K L M N O P Q R S T
19 . . . . . . . . . . . . . . X . . X .
18 X X X X . . . . . . . . . . . X X . X
17 . . . X . . . . . . X . . . . X . X .
16 . . . X X . . . . X X . . . . X X . .
15 . . . X . . . . . . . . . . . X . . .
14 . . . . . . . . . . . . . . . X . . .
13 . . . . . . . . . . . . . . . . . . .
12 . . . . . . . . . X . . . . . . . . .
11 . . X X . . . . . X . . . . . . . . .
10 . . X . . . . . . X . . . . . X X X .
 9 . . . . . . . . . . . . . . . X . X X
 8 . . . . . . . . . . . . . . X . X . .
 7 . . . . . . . . . X . . . . . X X X X
 6 . . . X . . . X X X . . . . . X . . .
 5 . . . X . . . X . X . . . . . X . . X
 4 . . . X . . . . X X X . . . . X X . .
 3 . X X X X X . . X . X . . . . X X X X
 2 . X . . @ O X O . X . O . . . X . X .
 1 X X . . . . . . . . . . . . . . X . .

koPOSITIONALscoreAREAtaxNONEsui1komi7.5
Time taken: 9.31282
Root visits: 135
New playouts: 135
NN rows: 135
NN batches: 134
NN avg batch size: 1.00746
PlayoutDoublingAdvantage: -2.75
PV: E2 G3
Tree:
: T 120.93c W 100.00c S  19.13c (+340.9 L +340.2) N     135  --  E2 G3
---Black(^)---
E2  : T 122.16c W 100.00c S  20.95c (+342.4 L +341.6) LCB  112.05c P 19.70% WF  72.8 PSV      72 N      15  --  E2 G3
H3  : T 121.80c W 100.00c S  20.28c (+342.1 L +341.5) LCB  105.91c P 10.82% WF  48.1 PSV      36 N      10  --  H3 G1
F1  : T 121.14c W 100.00c S  19.37c (+341.2 L +340.4) LCB  102.90c P 12.49% WF  43.0 PSV      36 N       9  --  F1 G1
G3  : T 121.12c W 100.00c S  19.13c (+341.3 L +340.6) LCB   96.04c P 13.48% WF  33.7 PSV      34 N       7  --  G3 G1
H1  : T 121.19c W 100.00c S  19.56c (+341.3 L +340.4) LCB  103.41c P  8.30% WF  42.5 PSV      24 N       9  --  H1 G1
M3  : T 121.37c W 100.00c S  19.64c (+341.4 L +340.8) LCB  103.46c P  5.61% WF  43.6 PSV      17 N       9  --  M3 G1
J2  : T 121.07c W 100.00c S  19.48c (+341.1 L +340.4) LCB  103.43c P  5.88% WF  42.3 PSV      16 N       9  --  J2 G1
N2  : T 120.73c W 100.00c S  18.89c (+340.4 L +339.8) LCB  102.84c P  5.45% WF  42.5 PSV      14 N       9  --  N2 G1
L2  : T 121.18c W 100.00c S  19.44c (+341.1 L +340.5) LCB  103.31c P  4.62% WF  42.8 PSV      13 N       9  --  L2 G1
M1  : T 120.89c W 100.00c S  19.08c (+340.7 L +340.0) LCB  102.94c P  3.66% WF  41.8 PSV      10 N       9  --  M1 G1

2025-11-16 20:48:39-0500: play E2
2025-11-16 20:48:39-0500: Controller: kata-set-param maxVisits 300
2025-11-16 20:48:39-0500: = 
2025-11-16 20:48:39-0500: Controller: kata-genmove_analyze b
2025-11-16 20:48:39-0500: =
2025-11-16 20:48:49-0500: MoveNum: 0 HASH: 556131AEAC53AC877708EE7A408CFE09
   A B C D E F G H J K L M N O P Q R S T
19 . . . . . . . . . . . . . . X . . X .
18 X X X X . . . . . . . . . . . X X . X
17 . . . X . . . . . . X . . . . X . X .
16 . . . X X . . . . X X . . . . X X . .
15 . . . X . . . . . . . . . . . X . . .
14 . . . . . . . . . . . . . . . X . . .
13 . . . . . . . . . . . . . . . . . . .
12 . . . . . . . . . X . . . . . . . . .
11 . . X X . . . . . X . . . . . . . . .
10 . . X . . . . . . X . . . . . X X X .
 9 . . . . . . . . . . . . . . . X . X X
 8 . . . . . . . . . . . . . . X . X . .
 7 . . . . . . . . . X . . . . . X X X X
 6 . . . X . . . X X X . . . . . X . . .
 5 . . . X . . . X . X . . . . . X . . X
 4 . . . X . . . . X X X . . . . X X . .
 3 . X X X X X . . X . X . . . . X X X X
 2 . X . . X O X O . X . O . . . X . X .
 1 X X . . . @ . . . . . . . . . . X . .

koPOSITIONALscoreAREAtaxNONEsui1komi7.5
Time taken: 9.70764
Root visits: 135
New playouts: 135
NN rows: 135
NN batches: 133
NN avg batch size: 1.01504
PV: F1 B16
Tree:
: T 119.64c W 100.00c S  19.54c (+342.5 L +336.9) N     135  --  F1 B16
---Black(^)---
F1  : T 119.82c W 100.00c S  19.74c (+342.8 L +337.3) LCB  112.48c P 29.65% WF  66.5 PSV      73 N      13  --  F1 B16
H1  : T 120.67c W 100.00c S  20.56c (+344.0 L +338.3) LCB  105.60c P 15.84% WF  40.6 PSV      41 N       8  --  H1 G18
N2  : T 119.84c W 100.00c S  19.73c (+342.8 L +337.1) LCB  107.65c P  8.46% WF  44.1 PSV      19 N       9  --  N2 S15
M1  : T 119.87c W 100.00c S  19.74c (+343.0 L +337.2) LCB  107.28c P  7.69% WF  44.4 PSV      17 N       9  --  M1 H18
H3  : T 119.20c W 100.00c S  19.06c (+342.0 L +336.4) LCB  103.93c P  6.31% WF  38.2 PSV      12 N       8  --  H3 B14
G3  : T 119.62c W 100.00c S  19.56c (+342.4 L +336.9) LCB  109.95c P  5.29% WF  48.2 PSV      11 N      10  --  G3 S15
J2  : T 119.59c W 100.00c S  19.49c (+342.4 L +336.8) LCB  107.34c P  4.79% WF  43.9 PSV      10 N       9  --  J2 B14
L2  : T 119.61c W 100.00c S  19.51c (+342.4 L +336.8) LCB  107.47c P  4.19% WF  43.6 PSV       9 N       9  --  L2 B16
M3  : T 120.47c W 100.00c S  20.38c (+343.7 L +337.9) LCB  105.36c P  2.51% WF  40.4 PSV       6 N       8  --  M3 B15
G1  : T 120.53c W 100.00c S  20.46c (+343.7 L +338.0) LCB  108.59c P  0.51% WF  45.5 PSV       1 N       9  --  G1 S15

2025-11-16 20:48:49-0500: play F1
2025-11-16 20:48:49-0500: Controller: kata-set-param maxVisits 300
2025-11-16 20:48:49-0500: = 
2025-11-16 20:48:49-0500: Controller: kata-genmove_analyze b
2025-11-16 20:48:49-0500: =
2025-11-16 20:48:58-0500: MoveNum: 0 HASH: 51D01022B531086BF330B5844B979C18
   A B C D E F G H J K L M N O P Q R S T
19 . . . . . . . . . . . . . . X . . X .
18 X X X X . . . . . . . . . . . X X . X
17 . . . X . . . . . . X . . . . X . X .
16 . . . X X . . . . X X . . . . X X . .
15 . . . X . . . . . . . . . . . X . . .
14 . . . . . . . . . . . . . . . X . . .
13 . . . . . . . . . . . . . . . . . . .
12 . . . . . . . . . X . . . . . . . . .
11 . . X X . . . . . X . . . . . . . . .
10 . . X . . . . . . X . . . . . X X X .
 9 . . . . . . . . . . . . . . . X . X X
 8 . . . . . . . . . . . . . . X . X . .
 7 . . . . . . . . . X . . . . . X X X X
 6 . . . X . . . X X X . . . . . X . . .
 5 . . . X . . . X . X . . . . . X . . X
 4 . . . X . . . . X X X . . . . X X . .
 3 . X X X X X . . X . X . . . . X X X X
 2 . X . . X . X O . X . O @ . . X . X .
 1 X X . . . X . . . . . . . . . . X . .

koPOSITIONALscoreAREAtaxNONEsui1komi7.5
Time taken: 8.82563
Root visits: 135
New playouts: 135
NN rows: 135
NN batches: 134
NN avg batch size: 1.00746
PV: H1 S13
Tree:
: T 117.64c W 100.00c S  17.53c (+342.6 L +336.9) N     135  --  H1 S13
---Black(^)---
H1  : T 118.38c W 100.00c S  18.30c (+343.4 L +337.9) LCB  112.23c P 35.10% WF  70.6 PSV      70 N      14  --  H1 S13
M1  : T 118.05c W 100.00c S  17.93c (+343.2 L +337.4) LCB  105.22c P 14.77% WF  43.1 PSV      28 N       9  --  M1 B16
N2  : T 117.97c W 100.00c S  17.82c (+343.0 L +337.3) LCB  105.35c P 10.06% WF  43.4 PSV      18 N       9  --  N2 B15
J2  : T 118.12c W 100.00c S  18.00c (+343.2 L +337.5) LCB  105.52c P  6.64% WF  43.4 PSV      12 N       9  --  J2 B14
H3  : T 117.17c W 100.00c S  17.05c (+342.0 L +336.5) LCB  104.92c P  6.77% WF  40.8 PSV      11 N       9  --  H3 B14
L2  : T 117.90c W 100.00c S  17.78c (+342.9 L +337.2) LCB  105.61c P  5.91% WF  43.2 PSV      10 N       9  --  L2 S15
M3  : T 118.07c W 100.00c S  17.97c (+343.1 L +337.3) LCB  105.76c P  3.93% WF  43.4 PSV       7 N       9  --  M3 H18
G3  : T 117.71c W 100.00c S  17.63c (+342.6 L +337.1) LCB  105.96c P  1.69% WF  41.1 PSV       3 N       9  --  G3 S15
T6  : T 116.91c W 100.00c S  16.85c (+341.6 L +336.0) LCB  105.51c P  0.75% WF  37.7 PSV       1 N       9  --  T6 S15
G1  : T 117.69c W 100.00c S  17.61c (+342.6 L +336.9) LCB  103.41c P  1.08% WF  35.8 PSV       1 N       8  --  G1 B16

2025-11-16 20:48:58-0500: play N2
2025-11-16 20:48:58-0500: Controller: kata-set-param maxVisits 100
2025-11-16 20:48:58-0500: = 
2025-11-16 20:48:58-0500: Controller: kata-genmove_analyze b
2025-11-16 20:48:58-0500: =
2025-11-16 20:49:06-0500: MoveNum: 0 HASH: 792E5F6618466E3247E6EB70F753C538
   A B C D E F G H J K L M N O P Q R S T
19 . . . . . . . . . . . . . . X . . X .
18 X X X X . . . . . . . . . . . X X . X
17 . . . X . . . . . . X . . . . X . X .
16 . . . X X . . . . X X . . . . X X . .
15 . . . X . . . . . . . . . . . X . . .
14 . . . . . . . . . . . . . . . X . . .
13 . . . . . . . . . . . . . . . . . . .
12 . . . . . . . . . X . . . . . . . . .
11 . . X X . . . . . X . . . . . . . . .
10 . . X . . . . . . X . . . . . X X X .
 9 . . . . . . . . . . . . . . . X . X X
 8 . . . . . . . . . . . . . . X . X . .
 7 . . . . . . . . . X . . . . . X X X X
 6 . . . X . . . X X X . . . . . X . . .
 5 . . . X . . . X . X . . . . . X . . X
 4 . . . X . . . . X X X . . . . X X . .
 3 . X X X X X . . X . X . . . . X X X X
 2 . X . . X . X O . X . O X . . X . X .
 1 X X . . . X . . . . . @ . . . . X . .

koPOSITIONALscoreAREAtaxNONEsui1komi7.5
Time taken: 8.1243
Root visits: 45
New playouts: 45
NN rows: 45
NN batches: 45
NN avg batch size: 1
PV: H1 S15
Tree:
: T 117.21c W 100.00c S  16.99c (+342.4 L +336.4) N      45  --  H1 S15
---Black(^)---
H1  : T 117.65c W 100.00c S  17.48c (+342.8 L +337.0) LCB  105.12c P 25.65% WF  44.4 PSV      50 N       9  --  H1 S15
M1  : T 117.60c W 100.00c S  17.45c (+342.9 L +337.3) LCB  102.05c P 23.92% WF  37.9 PSV      38 N       8  --  M1 B6
M3  : T 117.25c W 100.00c S  17.10c (+342.4 L +336.9) LCB  104.26c P 11.63% WF  41.9 PSV      18 N       9  --  M3 S15
J2  : T 117.93c W 100.00c S  17.80c (+343.3 L +337.4) LCB  102.30c P  8.94% WF  38.8 PSV      17 N       8  --  J2 B15
L2  : T 117.86c W 100.00c S  17.61c (+343.2 L +337.0) LCB   80.37c P  6.90% WF  23.6 PSV      12 N       5  --  L2 S15
H3  : T  99.57c W 100.00c S  -0.43c (+323.3 L +316.2) LCB -250.43c P  7.27% WF   1.7 PSV       2 N       1  --  H3
G3  : T 104.39c W 100.00c S   4.39c (+328.5 L +317.0) LCB -245.61c P  1.47% WF   1.4 PSV       0 N       1  --  G3
G1  : T 106.06c W 100.00c S   6.07c (+330.2 L +316.0) LCB -243.94c P  1.42% WF   1.4 PSV       0 N       1  --  G1
T6  : T 104.80c W 100.00c S   4.81c (+328.9 L +317.0) LCB -245.20c P  1.19% WF   1.4 PSV       0 N       1  --  T6
E1  : T  99.95c W 100.00c S  -0.04c (+323.7 L +315.3) LCB -250.05c P  0.99% WF   1.8 PSV       0 N       1  --  E1

2025-11-16 20:49:06-0500: play M1
2025-11-16 20:49:06-0500: Controller: kata-set-param maxVisits 100
2025-11-16 20:49:06-0500: = 
2025-11-16 20:49:06-0500: Controller: kata-genmove_analyze b
2025-11-16 20:49:06-0500: =
2025-11-16 20:49:14-0500: MoveNum: 0 HASH: 97D475B776ECBD58722CBEBFC132A1CF
   A B C D E F G H J K L M N O P Q R S T
19 . . . . . . . . . . . . . . X . . X .
18 X X X X . . . . . . . . . . . X X . X
17 . . . X . . . . . . X . . . . X . X .
16 . . . X X . . . . X X . . . . X X . .
15 . . . X . . . . . . . . . . . X . . .
14 . . . . . . . . . . . . . . . X . . .
13 . . . . . . . . . . . . . . . . . . .
12 . . . . . . . . . X . . . . . . . . .
11 . . X X . . . . . X . . . . . . . . .
10 . . X . . . . . . X . . . . . X X X .
 9 . . . . . . . . . . . . . . . X . X X
 8 . . . . . . . . . . . . . . X . X . .
 7 . . . . . . . . . X . . . . . X X X X
 6 . . . X . . . X X X . . . . . X . . .
 5 . . . X . . . X . X . . . . . X . . X
 4 . . . X . . . . X X X . . . . X X . .
 3 . X X X X X . . X . X . . . . X X X X
 2 . X . . X . X O . X @ O X . . X . X .
 1 X X . . . X . . . . . X . . . . X . .

koPOSITIONALscoreAREAtaxNONEsui1komi7.5
Time taken: 8.58805
Root visits: 45
New playouts: 45
NN rows: 45
NN batches: 44
NN avg batch size: 1.02273
PV: H1 B14
Tree:
: T 117.09c W 100.00c S  16.90c (+342.1 L +336.1) N      45  --  H1 B14
---Black(^)---
H1  : T 117.57c W 100.00c S  17.45c (+342.5 L +336.8) LCB  109.69c P 33.26% WF  59.5 PSV      67 N      12  --  H1 B14
L2  : T 117.25c W 100.00c S  17.10c (+342.2 L +336.5) LCB  104.25c P 23.92% WF  42.9 PSV      39 N       9  --  L2 S13
M3  : T 117.70c W 100.00c S  17.57c (+342.9 L +337.2) LCB  104.37c P 16.67% WF  43.0 PSV      31 N       9  --  M3 S15
J2  : T 117.97c W 100.00c S  17.88c (+343.1 L +337.3) LCB  102.60c P  4.56% WF  38.6 PSV       9 N       8  --  J2 S15
H3  : T  99.28c W 100.00c S  -0.72c (+322.9 L +316.4) LCB -250.72c P  5.50% WF   1.7 PSV       1 N       1  --  H3
G3  : T 103.93c W 100.00c S   3.93c (+327.8 L +316.3) LCB -246.07c P  1.39% WF   1.4 PSV       0 N       1  --  G3
N1  : T 105.76c W 100.00c S   5.77c (+329.6 L +316.4) LCB -244.24c P  1.10% WF   1.3 PSV       0 N       1  --  N1
G1  : T 105.48c W 100.00c S   5.48c (+329.4 L +315.5) LCB -244.52c P  0.78% WF   1.4 PSV       0 N       1  --  G1
T6  : T 105.17c W 100.00c S   5.17c (+329.2 L +317.3) LCB -244.83c P  0.75% WF   1.4 PSV       0 N       1  --  T6
E1  : T  99.34c W 100.00c S  -0.65c (+322.9 L +315.3) LCB -250.66c P  0.75% WF   1.9 PSV       0 N       1  --  E1

2025-11-16 20:49:14-0500: play L2
2025-11-16 20:49:14-0500: Controller: kata-set-param maxVisits 100
2025-11-16 20:49:14-0500: = 
2025-11-16 20:49:14-0500: Controller: kata-genmove_analyze b
2025-11-16 20:49:14-0500: =
2025-11-16 20:49:23-0500: MoveNum: 0 HASH: EBAF1832FBD2412D8E7E9BC33008CE9E
   A B C D E F G H J K L M N O P Q R S T
19 . . . . . . . . . . . . . . X . . X .
18 X X X X . . . . . . . . . . . X X . X
17 . . . X . . . . . . X . . . . X . X .
16 . . . X X . . . . X X . . . . X X . .
15 . . . X . . . . . . . . . . . X . . .
14 . . . . . . . . . . . . . . . X . . .
13 . . . . . . . . . . . . . . . . . . .
12 . . . . . . . . . X . . . . . . . . .
11 . . X X . . . . . X . . . . . . . . .
10 . . X . . . . . . X . . . . . X X X .
 9 . . . . . . . . . . . . . . . X . X X
 8 . . . . . . . . . . . . . . X . X . .
 7 . . . . . . . . . X . . . . . X X X X
 6 . . . X . . . X X X . . . . . X . . .
 5 . . . X . . . X . X . . . . . X . . X
 4 . . . X . . . . X X X . . . . X X . .
 3 . X X X X X . . X . X . . . . X X X X
 2 . X . . X . X O . X X O X . . X . X .
 1 X X . . . X . @ . . . X . . . . X . .

koPOSITIONALscoreAREAtaxNONEsui1komi7.5
Time taken: 8.45696
Root visits: 45
New playouts: 45
NN rows: 45
NN batches: 45
NN avg batch size: 1
PV: H1 S15
Tree:
: T 117.75c W 100.00c S  17.59c (+342.2 L +336.2) N      45  --  H1 S15
---Black(^)---
H1  : T 118.32c W 100.00c S  18.23c (+342.8 L +337.1) LCB  110.68c P 33.13% WF  61.0 PSV      64 N      12  --  H1 S15
M3  : T 118.07c W 100.00c S  17.94c (+342.7 L +337.1) LCB  104.58c P 21.14% WF  44.0 PSV      36 N       9  --  M3 B6
H3  : T 117.54c W 100.00c S  17.40c (+342.0 L +336.3) LCB  101.94c P 12.62% WF  37.8 PSV      18 N       8  --  H3 B16
J2  : T 118.37c W 100.00c S  18.29c (+342.9 L +337.2) LCB  106.37c P  7.64% WF  44.4 PSV      14 N       9  --  J2 S15
G3  : T 105.38c W 100.00c S   5.39c (+328.9 L +317.5) LCB -244.62c P  3.07% WF   1.4 PSV       1 N       1  --  G3
G1  : T 107.16c W 100.00c S   7.16c (+330.6 L +316.9) LCB -242.84c P  1.98% WF   1.4 PSV       0 N       1  --  G1
L1  : T 108.42c W 100.00c S   8.42c (+332.1 L +317.0) LCB -241.58c P  1.51% WF   1.3 PSV       0 N       1  --  L1
T6  : T 106.76c W 100.00c S   6.76c (+330.3 L +318.3) LCB -243.24c P  1.37% WF   1.4 PSV       0 N       1  --  T6
N1  : T 108.79c W 100.00c S   8.79c (+332.5 L +317.5) LCB -241.21c P  1.34% WF   1.3 PSV       0 N       1  --  N1
E1  : T 100.99c W 100.00c S   1.00c (+324.2 L +315.7) LCB -249.01c P  1.15% WF   1.7 PSV       0 N       1  --  E1

2025-11-16 20:49:23-0500: play H1
2025-11-16 20:49:23-0500: Controller: kata-set-param maxVisits 100
2025-11-16 20:49:23-0500: = 
2025-11-16 20:49:23-0500: Controller: kata-genmove_analyze b
2025-11-16 20:49:23-0500: =
2025-11-16 20:49:31-0500: MoveNum: 0 HASH: 3D2F086719CD0357489001A8FB6B22C7
   A B C D E F G H J K L M N O P Q R S T
19 . . . . . . . . . . . . . . X . . X .
18 X X X X . . . . . . . . . . . X X . X
17 . . . X . . . . . . X . . . . X . X .
16 . . . X X . . . . X X . . . . X X . .
15 . . . X . . . . . . . . . . . X . . .
14 . . . . . . . . . . . . . . . X . . .
13 . . . . . . . . . . . . . . . . . . .
12 . . . . . . . . . X . . . . . . . . .
11 . . X X . . . . . X . . . . . . . . .
10 . . X . . . . . . X . . . . . X X X .
 9 . . . . . . . . . . . . . . . X . X X
 8 . . . . . . . . . . . . . . X . X . .
 7 . . . . . . . . . X . . . . . X X X X
 6 . . . X . . . X X X . . . . . X . . .
 5 . . . X . . . X . X . . . . . X . . X
 4 . . . X . . . . X X X . . . . X X . .
 3 . X X X X X . . X . X . . . . X X X X
 2 . X . . X . X O . X X O X . . X . X .
 1 X X . . . X @ X . . . X . . . . X . .

koPOSITIONALscoreAREAtaxNONEsui1komi7.5
Time taken: 8.57643
Root visits: 45
New playouts: 45
NN rows: 45
NN batches: 45
NN avg batch size: 1
PV: G1 S15
Tree:
: T 115.59c W 100.00c S  15.40c (+342.0 L +336.1) N      45  --  G1 S15
---Black(^)---
G1  : T 115.59c W 100.00c S  15.52c (+341.9 L +336.6) LCB  108.82c P 23.70% WF  53.7 PSV      79 N      12  --  G1 S15
M3  : T 116.22c W 100.00c S  16.05c (+342.8 L +337.2) LCB  102.51c P 20.37% WF  43.3 PSV      44 N       9  --  M3 B16
J2  : T 116.15c W 100.00c S  15.99c (+342.6 L +337.1) LCB  103.53c P 22.46% WF  42.6 PSV      43 N       9  --  J2 B6
H3  : T 116.62c W 100.00c S  16.45c (+343.3 L +337.6) LCB   96.25c P 13.41% WF  33.3 PSV      34 N       7  --  H3 S13
G3  : T 103.66c W 100.00c S   3.66c (+329.3 L +317.5) LCB -246.34c P  2.36% WF   1.6 PSV       0 N       1  --  G3
L1  : T 105.36c W 100.00c S   5.36c (+331.0 L +317.2) LCB -244.64c P  1.55% WF   1.4 PSV       0 N       1  --  L1
N1  : T 105.99c W 100.00c S   5.99c (+331.7 L +317.0) LCB -244.01c P  1.46% WF   1.4 PSV       0 N       1  --  N1
J1  : T 102.38c W 100.00c S   2.38c (+327.9 L +317.8) LCB -248.05c P  0.80% WF   1.7 PSV       0 N       1  --  J1
E1  : T 100.05c W 100.00c S   0.06c (+325.4 L +316.6) LCB -249.95c P  0.78% WF   1.9 PSV       0 N       1  --  E1
T6  : T 102.51c W 100.00c S   2.51c (+328.1 L +317.9) LCB -247.49c P  0.74% WF   1.6 PSV       0 N       1  --  T6

2025-11-16 20:49:31-0500: play G1
2025-11-16 20:49:31-0500: Controller: kata-set-param maxVisits 100
2025-11-16 20:49:31-0500: = 
2025-11-16 20:49:31-0500: Controller: kata-genmove_analyze b
2025-11-16 20:49:31-0500: =
2025-11-16 20:49:40-0500: MoveNum: 0 HASH: 8E7BA33629B2ED7740836DF3260BCA7D
   A B C D E F G H J K L M N O P Q R S T
19 . . . . . . . . . . . . . . X . . X .
18 X X X X . . . . . . . . . . . X X . X
17 . . . X . . . . . . X . . . . X . X .
16 . . . X X . . . . X X . . . . X X . .
15 . . . X . . . . . . . . . . . X . . .
14 . . . . . . . . . . . . . . . X . . .
13 . . . . . . . . . . . . . . . . . . .
12 . . . . . . . . . X . . . . . . . . .
11 . . X X . . . . . X . . . . . . . . .
10 . . X . . . . . . X . . . . . X X X .
 9 . . . . . . . . . . . . . . . X . X X
 8 . . . . . . . . . . . . . . X . X . .
 7 . . . . . . . . . X . . . . . X X X X
 6 . . . X . . . X X X . . . . . X . . .
 5 . . . X . . . X . X . . . . . X . . X
 4 . . . X . . . . X X X . . . . X X . .
 3 . X X X X X . . X . X . . . . X X X X
 2 . X . . X . X O @ X X O X . . X . X .
 1 X X . . . X X X . . . X . . . . X . .

koPOSITIONALscoreAREAtaxNONEsui1komi7.5
Time taken: 8.44131
Root visits: 45
New playouts: 45
NN rows: 45
NN batches: 45
NN avg batch size: 1
PV: G3 B5
Tree:
: T 116.80c W 100.00c S  16.69c (+342.7 L +337.1) N      45  --  G3 B5
---Black(^)---
G3  : T 116.72c W 100.00c S  16.66c (+342.6 L +337.1) LCB  105.14c P  7.27% WF  41.6 PSV      55 N       9  --  G3 B5
J2  : T 116.41c W 100.00c S  16.30c (+342.3 L +336.8) LCB  103.73c P 22.27% WF  42.1 PSV      42 N       9  --  J2 S13
H3  : T 116.61c W 100.00c S  16.53c (+342.6 L +337.0) LCB  103.97c P 21.70% WF  41.4 PSV      42 N       9  --  H3 H18
M3  : T 117.52c W 100.00c S  17.37c (+343.7 L +338.1) LCB  101.39c P 26.37% WF  39.8 PSV      40 N       8  --  M3 S15
L1  : T 115.96c W 100.00c S  15.90c (+341.7 L +336.2) LCB  102.42c P  3.48% WF  33.6 PSV       5 N       8  --  L1 B15
N1  : T 106.78c W 100.00c S   6.79c (+331.9 L +317.6) LCB -243.22c P  1.44% WF   1.4 PSV       0 N       1  --  N1

2025-11-16 20:49:40-0500: play J2
2025-11-16 20:49:40-0500: Controller: kata-set-param maxVisits 300
2025-11-16 20:49:40-0500: = 
2025-11-16 20:49:40-0500: Controller: kata-genmove_analyze b
2025-11-16 20:49:40-0500: =
2025-11-16 20:49:50-0500: MoveNum: 0 HASH: 1F46C910DCF996D164E730557FBAF3EF
   A B C D E F G H J K L M N O P Q R S T
19 . . . . . . . . . . . . . . X . . X .
18 X X X X . . . . . . . . . . . X X . X
17 . . . X . . . . . . X . . . . X . X .
16 . . . X X . . . . X X . . . . X X . .
15 . . . X . . . . . . . . . . . X . . .
14 . . . . . . . . . . . . . . . X . . .
13 . . . . . . . . . . . . . . . . . . .
12 . . . . . . . . . X . . . . . . . . .
11 . . X X . . . . . X . . . . . . . . .
10 . . X . . . . . . X . . . . . X X X .
 9 . . . . . . . . . . . . . . . X . X X
 8 . . . . . . . . . . . . . . X . X . .
 7 . . . . . . . . . X . . . . . X X X X
 6 . . . X . . . X X X . . . . . X . . .
 5 . . . X . . . X . X . . . . . X . . X
 4 . . . X . . . . X X X . . . . X X . .
 3 . X X X X X . . X . X @ . . . X X X X
 2 . X . . X . X O X X X O X . . X . X .
 1 X X . . . X X X . . . X . . . . X . .

koPOSITIONALscoreAREAtaxNONEsui1komi7.5
Time taken: 10.363
Root visits: 135
New playouts: 135
NN rows: 135
NN batches: 131
NN avg batch size: 1.03053
PV: M3 S13
Tree:
: T 115.29c W 100.00c S  15.17c (+341.6 L +335.7) N     135  --  M3 S13
---Black(^)---
M3  : T 116.62c W 100.00c S  16.56c (+343.0 L +337.8) LCB  112.26c P 40.13% WF 105.4 PSV     105 N      21  --  M3 S13
H3  : T 115.60c W 100.00c S  15.55c (+341.9 L +336.6) LCB  108.42c P 20.31% WF  60.8 PSV      41 N      13  --  H3 B16
G3  : T 115.99c W 100.00c S  15.96c (+342.3 L +336.9) LCB  106.26c P  4.68% WF  45.6 PSV      10 N      10  --  G3 B15
N1  : T 116.35c W 100.00c S  16.30c (+342.7 L +337.3) LCB  106.86c P  2.87% WF  46.4 PSV       7 N      10  --  N1 B6
L1  : T 116.03c W 100.00c S  15.97c (+342.3 L +336.9) LCB  102.27c P  2.08% WF  34.9 PSV       4 N       8  --  L1 B16
T6  : T 115.90c W 100.00c S  15.80c (+342.2 L +336.3) LCB   90.92c P  2.24% WF  26.3 PSV       4 N       6  --  T6 S15
J1  : T 115.82c W 100.00c S  15.77c (+342.1 L +336.7) LCB  102.34c P  1.45% WF  33.9 PSV       3 N       8  --  J1 B16
R2  : T 115.00c W 100.00c S  14.94c (+341.2 L +335.8) LCB  104.48c P  0.74% WF  37.0 PSV       1 N       9  --  R2 S15
Q1  : T 115.39c W 100.00c S  15.33c (+341.6 L +336.3) LCB  104.48c P  0.50% WF  39.3 PSV       0 N       9  --  Q1 B16
R19 : T 116.09c W 100.00c S  16.05c (+342.4 L +336.9) LCB  104.45c P  0.36% WF  40.4 PSV       0 N       9  --  R19 S15

2025-11-16 20:49:50-0500: play M3
2025-11-16 20:49:50-0500: Controller: kata-set-param maxVisits 100
2025-11-16 20:49:50-0500: = 
2025-11-16 20:49:50-0500: Controller: kata-genmove_analyze b
2025-11-16 20:49:50-0500: =
2025-11-16 20:49:59-0500: MoveNum: 0 HASH: 74A4CE1855A5DB9AD804E8FDF62DDABF
   A B C D E F G H J K L M N O P Q R S T
19 . . . . . . . . . . . . . . X . . X .
18 X X X X . . . . . . . . . . . X X . X
17 . . . X . . . . . . X . . . . X . X .
16 . . . X X . . . . X X . . . . X X . .
15 . . . X . . . . . . . . . . . X . . .
14 . . . . . . . . . . . . . . . X . . .
13 . . . . . . . . . . . . . . . . . . .
12 . . . . . . . . . X . . . . . . . . .
11 . . X X . . . . . X . . . . . . . . .
10 . . X . . . . . . X . . . . . X X X .
 9 . . . . . . . . . . . . . . . X . X X
 8 . . . . . . . . . . . . . . X . X . .
 7 . . . . . . . . . X . . . . . X X X X
 6 . . . X . . . X X X . . . . . X . . .
 5 . . . X . . . X . X . . . . . X . . X
 4 . . . X . . . . X X X . . . . X X . .
 3 . X X X X X . @ X . X X . . . X X X X
 2 . X . . X . X O X X X . X . . X . X .
 1 X X . . . X X X . . . X . . . . X . .

koPOSITIONALscoreAREAtaxNONEsui1komi7.5
Time taken: 9.05972
Root visits: 45
New playouts: 45
NN rows: 45
NN batches: 44
NN avg batch size: 1.02273
PV: H3 B6
Tree:
: T 116.42c W 100.00c S  16.41c (+343.2 L +337.3) N      45  --  H3 B6
---Black(^)---
H3  : T 117.37c W 100.00c S  17.47c (+344.6 L +339.4) LCB  111.10c P 53.66% WF  91.4 PSV      91 N      18  --  H3 B6
G3  : T 116.95c W 100.00c S  16.93c (+343.5 L +338.2) LCB  104.86c P  8.52% WF  41.8 PSV      12 N       9  --  G3 B16
J1  : T 117.20c W 100.00c S  17.14c (+343.7 L +338.0) LCB   92.41c P  4.02% WF  27.1 PSV       6 N       6  --  J1 S15
N1  : T 107.25c W 100.00c S   7.25c (+333.1 L +319.5) LCB -242.75c P  2.01% WF   1.5 PSV       0 N       1  --  N1
Q19 : T 105.64c W 100.00c S   5.64c (+331.4 L +319.1) LCB -244.36c P  1.76% WF   1.5 PSV       0 N       1  --  Q19
T6  : T 103.14c W 100.00c S   3.15c (+329.0 L +320.3) LCB -246.86c P  1.53% WF   1.6 PSV       0 N       1  --  T6
S18 : T 104.31c W 100.00c S   4.32c (+329.9 L +318.9) LCB -246.13c P  1.35% WF   1.6 PSV       0 N       1  --  S18
L1  : T 107.05c W 100.00c S   7.05c (+332.9 L +320.0) LCB -242.95c P  1.26% WF   1.5 PSV       0 N       1  --  L1
P18 : T 103.30c W 100.00c S   3.31c (+328.9 L +319.4) LCB -246.70c P  1.20% WF   1.6 PSV       0 N       1  --  P18
R2  : T 106.91c W 100.00c S   6.91c (+332.7 L +320.0) LCB -243.09c P  0.94% WF   1.5 PSV       0 N       1  --  R2

2025-11-16 20:49:59-0500: play H3
2025-11-16 20:49:59-0500: Controller: kata-set-param maxVisits 100
2025-11-16 20:49:59-0500: = 
2025-11-16 20:49:59-0500: Controller: kata-genmove_analyze b
2025-11-16 20:49:59-0500: =
2025-11-16 20:50:06-0500: MoveNum: 0 HASH: 2AC48FEDA2836BF9D86FF1ECBFDBF3FA
   A B C D E F G H J K L M N O P Q R S T
19 . . . . . . . . . . . . . . X . . X .
18 X X X X . . . . . . . . . . . X X . X
17 . . . X . . . . . . X . . . . X . X .
16 . . . X X . . . . X X . . . . X X . .
15 . . . X . . . . . . . . . . . X . . .
14 . . . . . . . . . . . . . . . X . . .
13 . . . . . . . . . . . . . . . . . . .
12 . . . . . . . . . X . . . . . . . . .
11 . . X X . . . . . X . . . . . . . . .
10 . . X . . . . . . X . . . . . X X X .
 9 . . . . . . . . . . . . . . . X . X X
 8 . . . . . . . . . . . . . . X . X . .
 7 . . . . . . . . . X . . . . . X X X X
 6 . . . X . . . X X X . . . . . X . . .
 5 . . . X . . . X . X . . . . . X . . X
 4 . . . X . . . . X X X . . . . X X . .
 3 . X X X X X . X X . X X . . . X X X X
 2 . X . . X . X . X X X . X . . X . X .
 1 X X . . . X X X . . . X . . . . X . .

koPOSITIONALscoreAREAtaxNONEsui1komi7.5
Time taken: 6.32696
Root visits: 45
New playouts: 45
NN rows: 32
NN batches: 32
NN avg batch size: 1
PV: pass B6
Tree:
: T 115.11c W 100.00c S  15.19c (+344.1 L +338.9) N      45  --  pass B6
---Black(^)---
pss : T 115.55c W 100.00c S  15.45c (+343.7 L +339.1) LCB  109.11c P  8.95% WF  69.9 PSV      74 N      15  --  pass B6
Q19 : T 117.62c W 100.00c S  17.83c (+347.5 L +342.3) LCB   89.05c P 11.64% WF  28.1 PSV      28 N       6  --  Q19 H18
S1  : T 117.80c W 100.00c S  18.12c (+348.3 L +343.0) LCB   76.20c P  9.19% WF  22.7 PSV      23 N       5  --  S1 G18
L1  : T 120.94c W 100.00c S  21.05c (+352.5 L +346.9) LCB    3.64c P  6.15% WF  13.6 PSV      14 N       3  --  L1 H18
T6  : T 101.97c W 100.00c S   1.97c (+329.9 L +323.3) LCB -248.03c P  4.90% WF   1.5 PSV       2 N       1  --  T6
N1  : T 104.82c W 100.00c S   4.82c (+332.8 L +323.5) LCB -245.18c P  3.39% WF   1.4 PSV       1 N       1  --  N1
P18 : T 101.50c W 100.00c S   1.50c (+329.3 L +323.4) LCB -248.50c P  3.15% WF   1.5 PSV       1 N       1  --  P18
T4  : T 102.13c W 100.00c S   2.13c (+330.1 L +323.5) LCB -247.87c P  2.62% WF   1.5 PSV       1 N       1  --  T4
S18 : T 102.60c W 100.00c S   2.60c (+330.4 L +323.1) LCB -247.86c P  2.37% WF   1.6 PSV       1 N       1  --  S18
R2  : T 103.25c W 100.00c S   3.25c (+331.2 L +323.8) LCB -246.75c P  2.19% WF   1.5 PSV       1 N       1  --  R2

2025-11-16 20:50:06-0500: play pass
2025-11-16 20:50:06-0500: Controller: kata-set-param maxVisits 100
2025-11-16 20:50:06-0500: = 
2025-11-16 20:50:06-0500: Controller: kata-genmove_analyze b
2025-11-16 20:50:06-0500: =
2025-11-16 20:50:14-0500: MoveNum: 0 HASH: 2AC48FEDA2836BF9D86FF1ECBFDBF3FA
   A B C D E F G H J K L M N O P Q R S T
19 . . . . . . . . . . . . . . X . . X .
18 X X X X . . . . . . . . . . . X X . X
17 . . . X . . . . . . X . . . . X . X .
16 . . . X X . . . . X X . . . . X X . .
15 . . . X . . . . . . . . . . . X . . .
14 . . . . . . . . . . . . . . . X . . .
13 . . . . . . . . . . . . . . . . . . .
12 . . . . . . . . . X . . . . . . . . .
11 . . X X . . . . . X . . . . . . . . .
10 . . X . . . . . . X . . . . . X X X .
 9 . . . . . . . . . . . . . . . X . X X
 8 . . . . . . . . . . . . . . X . X . .
 7 . . . . . . . . . X . . . . . X X X X
 6 . . . X . . . X X X . . . . . X . . .
 5 . . . X . . . X . X . . . . . X . . X
 4 . . . X . . . . X X X . . . . X X . .
 3 . X X X X X . X X . X X . . . X X X X
 2 . X . . X . X . X X X . X . . X . X .
 1 X X . . . X X X . . . X . . . . X . .

koPOSITIONALscoreAREAtaxNONEsui1komi7.5
Time taken: 8.71929
Root visits: 45
New playouts: 45
NN rows: 44
NN batches: 44
NN avg batch size: 1
PlayoutDoublingAdvantage: -2.75
PV: pass G18
Tree:
: T  92.99c W 100.00c S  -6.87c (+307.9 L +310.4) N      45  --  pass G18
---Black(^)---
pss : T 117.52c W 100.00c S  14.75c (+339.3 L +339.7) LCB   17.60c P 14.19% WF  18.1 PSV      17 N       3  --  pass G18
G4  : T  88.42c W 100.00c S -11.58c (+302.5 L +305.8) LCB -261.72c P  4.60% WF   3.6 PSV       0 N       1  --  G4
S5  : T  88.48c W 100.00c S -11.52c (+302.7 L +306.1) LCB -261.67c P  4.46% WF   3.5 PSV       0 N       1  --  S5
G3  : T  88.19c W 100.00c S -11.81c (+301.6 L +304.7) LCB -261.81c P  4.44% WF   3.5 PSV       0 N       1  --  G3
N3  : T  88.06c W 100.00c S -11.94c (+301.3 L +304.3) LCB -261.94c P  4.12% WF   3.6 PSV       0 N       1  --  N3
T6  : T  88.15c W 100.00c S -11.85c (+301.5 L +304.7) LCB -261.85c P  3.23% WF   3.5 PSV       0 N       1  --  T6
Q19 : T  88.12c W 100.00c S -11.88c (+301.4 L +304.3) LCB -261.88c P  3.16% WF   3.6 PSV       0 N       1  --  Q19
P18 : T  88.30c W 100.00c S -11.70c (+301.9 L +305.1) LCB -261.70c P  2.97% WF   3.6 PSV       0 N       1  --  P18
T4  : T  87.99c W 100.00c S -12.01c (+300.8 L +304.0) LCB -262.01c P  2.85% WF   3.6 PSV       0 N       1  --  T4
P7  : T  88.05c W 100.00c S -11.95c (+301.2 L +304.2) LCB -261.95c P  1.98% WF   3.6 PSV       0 N       1  --  P7

2025-11-16 20:50:14-0500: play pass
2025-11-16 20:50:14-0500: Controller: kata-set-param maxVisits 100
2025-11-16 20:50:14-0500: = 
2025-11-16 20:50:14-0500: Controller: kata-genmove_analyze b
2025-11-16 20:50:14-0500: =
2025-11-16 20:50:14-0500: MoveNum: 0 HASH: 2AC48FEDA2836BF9D86FF1ECBFDBF3FA
   A B C D E F G H J K L M N O P Q R S T
19 . . . . . . . . . . . . . . X . . X .
18 X X X X . . . . . . . . . . . X X . X
17 . . . X . . . . . . X . . . . X . X .
16 . . . X X . . . . X X . . . . X X . .
15 . . . X . . . . . . . . . . . X . . .
14 . . . . . . . . . . . . . . . X . . .
13 . . . . . . . . . . . . . . . . . . .
12 . . . . . . . . . X . . . . . . . . .
11 . . X X . . . . . X . . . . . . . . .
10 . . X . . . . . . X . . . . . X X X .
 9 . . . . . . . . . . . . . . . X . X X
 8 . . . . . . . . . . . . . . X . X . .
 7 . . . . . . . . . X . . . . . X X X X
 6 . . . X . . . X X X . . . . . X . . .
 5 . . . X . . . X . X . . . . . X . . X
 4 . . . X . . . . X X X . . . . X X . .
 3 . X X X X X . X X . X X . . . X X X X
 2 . X . . X . X . X X X . X . . X . X .
 1 X X . . . X X X . . . X . . . . X . .

koPOSITIONALscoreAREAtaxNONEsui1komi7.5
Time taken: 0.00154854
Root visits: 42
New playouts: 42
NN rows: 0
NN batches: 0
NN avg batch size: -nan
PlayoutDoublingAdvantage: -2.75
PV: pass pass
Tree:
: T  92.04c W 100.00c S  -7.80c (+306.7 L +309.3) N      42  --  pass pass
---Black(^)---
pss : T 115.89c W 100.00c S  13.08c (+337.4 L +338.4) LCB  -76.51c P 14.19% WF  12.6 PSV      12 N       2  --  pass pass
G4  : T  88.42c W 100.00c S -11.58c (+302.5 L +305.8) LCB -261.72c P  4.60% WF   3.6 PSV       0 N       1  --  G4
S5  : T  88.48c W 100.00c S -11.52c (+302.7 L +306.1) LCB -261.67c P  4.46% WF   3.5 PSV       0 N       1  --  S5
G3  : T  88.19c W 100.00c S -11.81c (+301.6 L +304.7) LCB -261.81c P  4.44% WF   3.5 PSV       0 N       1  --  G3
N3  : T  88.06c W 100.00c S -11.94c (+301.3 L +304.3) LCB -261.94c P  4.12% WF   3.6 PSV       0 N       1  --  N3
T6  : T  88.15c W 100.00c S -11.85c (+301.5 L +304.7) LCB -261.85c P  3.23% WF   3.6 PSV       0 N       1  --  T6
Q19 : T  88.12c W 100.00c S -11.88c (+301.4 L +304.3) LCB -261.88c P  3.16% WF   3.6 PSV       0 N       1  --  Q19
P18 : T  88.30c W 100.00c S -11.70c (+301.9 L +305.1) LCB -261.70c P  2.97% WF   3.6 PSV       0 N       1  --  P18
T4  : T  87.99c W 100.00c S -12.01c (+300.8 L +304.0) LCB -262.01c P  2.85% WF   3.6 PSV       0 N       1  --  T4
P7  : T  88.05c W 100.00c S -11.95c (+301.2 L +304.2) LCB -261.95c P  1.98% WF   3.6 PSV       0 N       1  --  P7

2025-11-16 20:50:14-0500: play pass
2025-11-16 20:50:14-0500: Controller: kata-set-param maxVisits 100
2025-11-16 20:50:14-0500: = 
2025-11-16 20:50:14-0500: Controller: kata-genmove_analyze b
2025-11-16 20:50:14-0500: =
2025-11-16 20:50:14-0500: MoveNum: 0 HASH: 2AC48FEDA2836BF9D86FF1ECBFDBF3FA
   A B C D E F G H J K L M N O P Q R S T
19 . . . . . . . . . . . . . . X . . X .
18 X X X X . . . . . . . . . . . X X . X
17 . . . X . . . . . . X . . . . X . X .
16 . . . X X . . . . X X . . . . X X . .
15 . . . X . . . . . . . . . . . X . . .
14 . . . . . . . . . . . . . . . X . . .
13 . . . . . . . . . . . . . . . . . . .
12 . . . . . . . . . X . . . . . . . . .
11 . . X X . . . . . X . . . . . . . . .
10 . . X . . . . . . X . . . . . X X X .
 9 . . . . . . . . . . . . . . . X . X X
 8 . . . . . . . . . . . . . . X . X . .
 7 . . . . . . . . . X . . . . . X X X X
 6 . . . X . . . X X X . . . . . X . . .
 5 . . . X . . . X . X . . . . . X . . X
 4 . . . X . . . . X X X . . . . X X . .
 3 . X X X X X . X X . X X . . . X X X X
 2 . X . . X . X . X X X . X . . X . X .
 1 X X . . . X X X . . . X . . . . X . .

koPOSITIONALscoreAREAtaxNONEsui1komi7.5
Time taken: 0.00131578
Root visits: 43
New playouts: 43
NN rows: 0
NN batches: 0
NN avg batch size: -nan
PlayoutDoublingAdvantage: -2.75
PV: pass G18
Tree:
: T  93.20c W 100.00c S  -6.66c (+308.1 L +310.7) N      43  --  pass G18
---Black(^)---
pss : T 117.52c W 100.00c S  14.75c (+339.3 L +339.7) LCB   17.60c P 14.19% WF  18.1 PSV      17 N       3  --  pass G18
G4  : T  88.42c W 100.00c S -11.58c (+302.5 L +305.8) LCB -261.72c P  4.60% WF   3.6 PSV       0 N       1  --  G4
S5  : T  88.48c W 100.00c S -11.52c (+302.7 L +306.1) LCB -261.67c P  4.46% WF   3.5 PSV       0 N       1  --  S5
G3  : T  88.19c W 100.00c S -11.81c (+301.6 L +304.7) LCB -261.81c P  4.44% WF   3.5 PSV       0 N       1  --  G3
N3  : T  88.06c W 100.00c S -11.94c (+301.3 L +304.3) LCB -261.94c P  4.12% WF   3.6 PSV       0 N       1  --  N3
T6  : T  88.15c W 100.00c S -11.85c (+301.5 L +304.7) LCB -261.85c P  3.23% WF   3.5 PSV       0 N       1  --  T6
Q19 : T  88.12c W 100.00c S -11.88c (+301.4 L +304.3) LCB -261.88c P  3.16% WF   3.6 PSV       0 N       1  --  Q19
P18 : T  88.30c W 100.00c S -11.70c (+301.9 L +305.1) LCB -261.70c P  2.97% WF   3.6 PSV       0 N       1  --  P18
T4  : T  87.99c W 100.00c S -12.01c (+300.8 L +304.0) LCB -262.01c P  2.85% WF   3.6 PSV       0 N       1  --  T4
P7  : T  88.05c W 100.00c S -11.95c (+301.2 L +304.2) LCB -261.95c P  1.98% WF   3.6 PSV       0 N       1  --  P7

2025-11-16 20:50:14-0500: play pass
2025-11-16 20:50:14-0500: Controller: kata-set-param maxVisits 300
2025-11-16 20:50:14-0500: = 
2025-11-16 20:50:14-0500: Controller: kata-genmove_analyze b
2025-11-16 20:50:14-0500: =
2025-11-16 20:50:20-0500: MoveNum: 0 HASH: 2AC48FEDA2836BF9D86FF1ECBFDBF3FA
   A B C D E F G H J K L M N O P Q R S T
19 . . . . . . . . . . . . . . X . . X .
18 X X X X . . . . . . . . . . . X X . X
17 . . . X . . . . . . X . . . . X . X .
16 . . . X X . . . . X X . . . . X X . .
15 . . . X . . . . . . . . . . . X . . .
14 . . . . . . . . . . . . . . . X . . .
13 . . . . . . . . . . . . . . . . . . .
12 . . . . . . . . . X . . . . . . . . .
11 . . X X . . . . . X . . . . . . . . .
10 . . X . . . . . . X . . . . . X X X .
 9 . . . . . . . . . . . . . . . X . X X
 8 . . . . . . . . . . . . . . X . X . .
 7 . . . . . . . . . X . . . . . X X X X
 6 . . . X . . . X X X . . . . . X . . .
 5 . . . X . . . X . X . . . . . X . . X
 4 . . . X . . . . X X X . . . . X X . .
 3 . X X X X X . X X . X X . . . X X X X
 2 . X . . X . X . X X X . X . . X . X .
 1 X X . . . X X X . . . X . . . . X . .

koPOSITIONALscoreAREAtaxNONEsui1komi7.5
Time taken: 5.88421
Root visits: 135
New playouts: 135
NN rows: 90
NN batches: 87
NN avg batch size: 1.03448
PlayoutDoublingAdvantage: -2.75
PV: pass D1
Tree:
: T 102.90c W 100.00c S   1.91c (+320.5 L +321.6) N     135  --  pass D1
---Black(^)---
pss : T 120.50c W 100.00c S  19.96c (+342.7 L +341.6) LCB  116.66c P 14.19% WF 218.1 PSV     199 N      40  --  pass D1
G4  : T 114.63c W 100.00c S  13.18c (+338.0 L +335.6) LCB  -65.44c P  4.60% WF  10.4 PSV      10 N       2  --  G4 pass
S5  : T 115.13c W 100.00c S  13.34c (+338.1 L +335.2) LCB  -69.19c P  4.46% WF  10.7 PSV      10 N       2  --  S5 pass
G3  : T  88.19c W 100.00c S -11.81c (+301.6 L +304.7) LCB -261.81c P  4.44% WF   3.3 PSV       2 N       1  --  G3
N3  : T  88.06c W 100.00c S -11.94c (+301.3 L +304.3) LCB -261.94c P  4.12% WF   3.4 PSV       1 N       1  --  N3
T6  : T  88.15c W 100.00c S -11.85c (+301.5 L +304.7) LCB -261.85c P  3.23% WF   3.4 PSV       1 N       1  --  T6
Q19 : T  88.12c W 100.00c S -11.88c (+301.4 L +304.3) LCB -261.88c P  3.16% WF   3.4 PSV       1 N       1  --  Q19
P18 : T  88.30c W 100.00c S -11.70c (+301.9 L +305.1) LCB -261.70c P  2.97% WF   3.4 PSV       1 N       1  --  P18
T4  : T  87.99c W 100.00c S -12.01c (+300.8 L +304.0) LCB -262.01c P  2.85% WF   3.4 PSV       1 N       1  --  T4
P7  : T  88.05c W 100.00c S -11.95c (+301.2 L +304.2) LCB -261.95c P  1.98% WF   3.4 PSV       0 N       1  --  P7

2025-11-16 20:50:20-0500: play pass
2025-11-16 20:50:20-0500: Controller: kata-set-param maxVisits 100
2025-11-16 20:50:20-0500: = 
2025-11-16 20:50:20-0500: Controller: kata-genmove_analyze b
2025-11-16 20:50:20-0500: =
2025-11-16 20:50:20-0500: MoveNum: 0 HASH: 2AC48FEDA2836BF9D86FF1ECBFDBF3FA
   A B C D E F G H J K L M N O P Q R S T
19 . . . . . . . . . . . . . . X . . X .
18 X X X X . . . . . . . . . . . X X . X
17 . . . X . . . . . . X . . . . X . X .
16 . . . X X . . . . X X . . . . X X . .
15 . . . X . . . . . . . . . . . X . . .
14 . . . . . . . . . . . . . . . X . . .
13 . . . . . . . . . . . . . . . . . . .
12 . . . . . . . . . X . . . . . . . . .
11 . . X X . . . . . X . . . . . . . . .
10 . . X . . . . . . X . . . . . X X X .
 9 . . . . . . . . . . . . . . . X . X X
 8 . . . . . . . . . . . . . . X . X . .
 7 . . . . . . . . . X . . . . . X X X X
 6 . . . X . . . X X X . . . . . X . . .
 5 . . . X . . . X . X . . . . . X . . X
 4 . . . X . . . . X X X . . . . X X . .
 3 . X X X X X . X X . X X . . . X X X X
 2 . X . . X . X . X X X . X . . X . X .
 1 X X . . . X X X . . . X . . . . X . .

koPOSITIONALscoreAREAtaxNONEsui1komi7.5
Time taken: 0.00153822
Root visits: 44
New playouts: 44
NN rows: 0
NN batches: 0
NN avg batch size: -nan
PlayoutDoublingAdvantage: -2.75
PV: pass S5
Tree:
: T  94.25c W 100.00c S  -5.71c (+309.5 L +311.8) N      44  --  pass S5
---Black(^)---
pss : T 117.65c W 100.00c S  15.21c (+339.3 L +338.8) LCB   57.34c P 14.19% WF  24.2 PSV      22 N       4  --  pass S5
G4  : T  88.42c W 100.00c S -11.58c (+302.5 L +305.8) LCB -261.72c P  4.60% WF   3.5 PSV       0 N       1  --  G4
S5  : T  88.48c W 100.00c S -11.52c (+302.7 L +306.1) LCB -261.67c P  4.46% WF   3.5 PSV       0 N       1  --  S5
G3  : T  88.19c W 100.00c S -11.81c (+301.6 L +304.7) LCB -261.81c P  4.44% WF   3.5 PSV       0 N       1  --  G3
N3  : T  88.06c W 100.00c S -11.94c (+301.3 L +304.3) LCB -261.94c P  4.12% WF   3.6 PSV       0 N       1  --  N3
T6  : T  88.15c W 100.00c S -11.85c (+301.5 L +304.7) LCB -261.85c P  3.23% WF   3.5 PSV       0 N       1  --  T6
Q19 : T  88.12c W 100.00c S -11.88c (+301.4 L +304.3) LCB -261.88c P  3.16% WF   3.6 PSV       0 N       1  --  Q19
P18 : T  88.30c W 100.00c S -11.70c (+301.9 L +305.1) LCB -261.70c P  2.97% WF   3.5 PSV       0 N       1  --  P18
T4  : T  87.99c W 100.00c S -12.01c (+300.8 L +304.0) LCB -262.01c P  2.85% WF   3.6 PSV       0 N       1  --  T4
P7  : T  88.05c W 100.00c S -11.95c (+301.2 L +304.2) LCB -261.95c P  1.98% WF   3.6 PSV       0 N       1  --  P7

2025-11-16 20:50:20-0500: play pass
2025-11-16 20:50:20-0500: Controller: kata-set-param maxVisits 100
2025-11-16 20:50:20-0500: = 
2025-11-16 20:50:20-0500: Controller: kata-genmove_analyze b
2025-11-16 20:50:20-0500: =
2025-11-16 20:50:20-0500: MoveNum: 0 HASH: 2AC48FEDA2836BF9D86FF1ECBFDBF3FA
   A B C D E F G H J K L M N O P Q R S T
19 . . . . . . . . . . . . . . X . . X .
18 X X X X . . . . . . . . . . . X X . X
17 . . . X . . . . . . X . . . . X . X .
16 . . . X X . . . . X X . . . . X X . .
15 . . . X . . . . . . . . . . . X . . .
14 . . . . . . . . . . . . . . . X . . .
13 . . . . . . . . . . . . . . . . . . .
12 . . . . . . . . . X . . . . . . . . .
11 . . X X . . . . . X . . . . . . . . .
10 . . X . . . . . . X . . . . . X X X .
 9 . . . . . . . . . . . . . . . X . X X
 8 . . . . . . . . . . . . . . X . X . .
 7 . . . . . . . . . X . . . . . X X X X
 6 . . . X . . . X X X . . . . . X . . .
 5 . . . X . . . X . X . . . . . X . . X
 4 . . . X . . . . X X X . . . . X X . .
 3 . X X X X X . X X . X X . . . X X X X
 2 . X . . X . X . X X X . X . . X . X .
 1 X X . . . X X X . . . X . . . . X . .

koPOSITIONALscoreAREAtaxNONEsui1komi7.5
Time taken: 0.001316
Root visits: 43
New playouts: 43
NN rows: 0
NN batches: 0
NN avg batch size: -nan
PlayoutDoublingAdvantage: -2.75
PV: pass G18
Tree:
: T  93.20c W 100.00c S  -6.66c (+308.1 L +310.7) N      43  --  pass G18
---Black(^)---
pss : T 117.52c W 100.00c S  14.75c (+339.3 L +339.7) LCB   17.60c P 14.19% WF  18.1 PSV      17 N       3  --  pass G18
G4  : T  88.42c W 100.00c S -11.58c (+302.5 L +305.8) LCB -261.72c P  4.60% WF   3.6 PSV       0 N       1  --  G4
S5  : T  88.48c W 100.00c S -11.52c (+302.7 L +306.1) LCB -261.67c P  4.46% WF   3.5 PSV       0 N       1  --  S5
G3  : T  88.19c W 100.00c S -11.81c (+301.6 L +304.7) LCB -261.81c P  4.44% WF   3.5 PSV       0 N       1  --  G3
N3  : T  88.06c W 100.00c S -11.94c (+301.3 L +304.3) LCB -261.94c P  4.12% WF   3.6 PSV       0 N       1  --  N3
T6  : T  88.15c W 100.00c S -11.85c (+301.5 L +304.7) LCB -261.85c P  3.23% WF   3.5 PSV       0 N       1  --  T6
Q19 : T  88.12c W 100.00c S -11.88c (+301.4 L +304.3) LCB -261.88c P  3.16% WF   3.6 PSV       0 N       1  --  Q19
P18 : T  88.30c W 100.00c S -11.70c (+301.9 L +305.1) LCB -261.70c P  2.97% WF   3.6 PSV       0 N       1  --  P18
T4  : T  87.99c W 100.00c S -12.01c (+300.8 L +304.0) LCB -262.01c P  2.85% WF   3.6 PSV       0 N       1  --  T4
P7  : T  88.05c W 100.00c S -11.95c (+301.2 L +304.2) LCB -261.95c P  1.98% WF   3.6 PSV       0 N       1  --  P7

2025-11-16 20:50:20-0500: play pass
2025-11-16 20:50:20-0500: Controller: kata-set-param maxVisits 100
2025-11-16 20:50:20-0500: = 
2025-11-16 20:50:20-0500: Controller: kata-genmove_analyze b
2025-11-16 20:50:20-0500: =
2025-11-16 20:50:20-0500: MoveNum: 0 HASH: 2AC48FEDA2836BF9D86FF1ECBFDBF3FA
   A B C D E F G H J K L M N O P Q R S T
19 . . . . . . . . . . . . . . X . . X .
18 X X X X . . . . . . . . . . . X X . X
17 . . . X . . . . . . X . . . . X . X .
16 . . . X X . . . . X X . . . . X X . .
15 . . . X . . . . . . . . . . . X . . .
14 . . . . . . . . . . . . . . . X . . .
13 . . . . . . . . . . . . . . . . . . .
12 . . . . . . . . . X . . . . . . . . .
11 . . X X . . . . . X . . . . . . . . .
10 . . X . . . . . . X . . . . . X X X .
 9 . . . . . . . . . . . . . . . X . X X
 8 . . . . . . . . . . . . . . X . X . .
 7 . . . . . . . . . X . . . . . X X X X
 6 . . . X . . . X X X . . . . . X . . .
 5 . . . X . . . X . X . . . . . X . . X
 4 . . . X . . . . X X X . . . . X X . .
 3 . X X X X X . X X . X X . . . X X X X
 2 . X . . X . X . X X X . X . . X . X .
 1 X X . . . X X X . . . X . . . . X . .

koPOSITIONALscoreAREAtaxNONEsui1komi7.5
Time taken: 0.00137755
Root visits: 43
New playouts: 43
NN rows: 0
NN batches: 0
NN avg batch size: -nan
PlayoutDoublingAdvantage: -2.75
PV: pass G18
Tree:
: T  93.20c W 100.00c S  -6.66c (+308.1 L +310.7) N      43  --  pass G18
---Black(^)---
pss : T 117.52c W 100.00c S  14.75c (+339.3 L +339.7) LCB   17.60c P 14.19% WF  18.1 PSV      17 N       3  --  pass G18
G4  : T  88.42c W 100.00c S -11.58c (+302.5 L +305.8) LCB -261.72c P  4.60% WF   3.6 PSV       0 N       1  --  G4
S5  : T  88.48c W 100.00c S -11.52c (+302.7 L +306.1) LCB -261.67c P  4.46% WF   3.5 PSV       0 N       1  --  S5
G3  : T  88.19c W 100.00c S -11.81c (+301.6 L +304.7) LCB -261.81c P  4.44% WF   3.5 PSV       0 N       1  --  G3
N3  : T  88.06c W 100.00c S -11.94c (+301.3 L +304.3) LCB -261.94c P  4.12% WF   3.6 PSV       0 N       1  --  N3
T6  : T  88.15c W 100.00c S -11.85c (+301.5 L +304.7) LCB -261.85c P  3.23% WF   3.5 PSV       0 N       1  --  T6
Q19 : T  88.12c W 100.00c S -11.88c (+301.4 L +304.3) LCB -261.88c P  3.16% WF   3.6 PSV       0 N       1  --  Q19
P18 : T  88.30c W 100.00c S -11.70c (+301.9 L +305.1) LCB -261.70c P  2.97% WF   3.6 PSV       0 N       1  --  P18
T4  : T  87.99c W 100.00c S -12.01c (+300.8 L +304.0) LCB -262.01c P  2.85% WF   3.6 PSV       0 N       1  --  T4
P7  : T  88.05c W 100.00c S -11.95c (+301.2 L +304.2) LCB -261.95c P  1.98% WF   3.6 PSV       0 N       1  --  P7

2025-11-16 20:50:20-0500: play pass
2025-11-16 20:50:20-0500: Controller: kata-set-param maxVisits 100
2025-11-16 20:50:20-0500: = 
2025-11-16 20:50:20-0500: Controller: kata-genmove_analyze b
2025-11-16 20:50:20-0500: =
2025-11-16 20:50:20-0500: MoveNum: 0 HASH: 2AC48FEDA2836BF9D86FF1ECBFDBF3FA
   A B C D E F G H J K L M N O P Q R S T
19 . . . . . . . . . . . . . . X . . X .
18 X X X X . . . . . . . . . . . X X . X
17 . . . X . . . . . . X . . . . X . X .
16 . . . X X . . . . X X . . . . X X . .
15 . . . X . . . . . . . . . . . X . . .
14 . . . . . . . . . . . . . . . X . . .
13 . . . . . . . . . . . . . . . . . . .
12 . . . . . . . . . X . . . . . . . . .
11 . . X X . . . . . X . . . . . . . . .
10 . . X . . . . . . X . . . . . X X X .
 9 . . . . . . . . . . . . . . . X . X X
 8 . . . . . . . . . . . . . . X . X . .
 7 . . . . . . . . . X . . . . . X X X X
 6 . . . X . . . X X X . . . . . X . . .
 5 . . . X . . . X . X . . . . . X . . X
 4 . . . X . . . . X X X . . . . X X . .
 3 . X X X X X . X X . X X . . . X X X X
 2 . X . . X . X . X X X . X . . X . X .
 1 X X . . . X X X . . . X . . . . X . .

koPOSITIONALscoreAREAtaxNONEsui1komi7.5
Time taken: 0.00138312
Root visits: 44
New playouts: 44
NN rows: 0
NN batches: 0
NN avg batch size: -nan
PlayoutDoublingAdvantage: -2.75
PV: pass S5
Tree:
: T  94.25c W 100.00c S  -5.71c (+309.5 L +311.8) N      44  --  pass S5
---Black(^)---
pss : T 117.65c W 100.00c S  15.21c (+339.3 L +338.8) LCB   57.34c P 14.19% WF  24.2 PSV      22 N       4  --  pass S5
G4  : T  88.42c W 100.00c S -11.58c (+302.5 L +305.8) LCB -261.72c P  4.60% WF   3.5 PSV       0 N       1  --  G4
S5  : T  88.48c W 100.00c S -11.52c (+302.7 L +306.1) LCB -261.67c P  4.46% WF   3.5 PSV       0 N       1  --  S5
G3  : T  88.19c W 100.00c S -11.81c (+301.6 L +304.7) LCB -261.81c P  4.44% WF   3.5 PSV       0 N       1  --  G3
N3  : T  88.06c W 100.00c S -11.94c (+301.3 L +304.3) LCB -261.94c P  4.12% WF   3.6 PSV       0 N       1  --  N3
T6  : T  88.15c W 100.00c S -11.85c (+301.5 L +304.7) LCB -261.85c P  3.23% WF   3.5 PSV       0 N       1  --  T6
Q19 : T  88.12c W 100.00c S -11.88c (+301.4 L +304.3) LCB -261.88c P  3.16% WF   3.6 PSV       0 N       1  --  Q19
P18 : T  88.30c W 100.00c S -11.70c (+301.9 L +305.1) LCB -261.70c P  2.97% WF   3.5 PSV       0 N       1  --  P18
T4  : T  87.99c W 100.00c S -12.01c (+300.8 L +304.0) LCB -262.01c P  2.85% WF   3.6 PSV       0 N       1  --  T4
P7  : T  88.05c W 100.00c S -11.95c (+301.2 L +304.2) LCB -261.95c P  1.98% WF   3.6 PSV       0 N       1  --  P7

2025-11-16 20:50:20-0500: play pass
2025-11-16 20:50:20-0500: Controller: kata-set-param maxVisits 300
2025-11-16 20:50:20-0500: = 
2025-11-16 20:50:20-0500: Controller: kata-genmove_analyze b
2025-11-16 20:50:20-0500: =
2025-11-16 20:50:22-0500: MoveNum: 0 HASH: 2AC48FEDA2836BF9D86FF1ECBFDBF3FA
   A B C D E F G H J K L M N O P Q R S T
19 . . . . . . . . . . . . . . X . . X .
18 X X X X . . . . . . . . . . . X X . X
17 . . . X . . . . . . X . . . . X . X .
16 . . . X X . . . . X X . . . . X X . .
15 . . . X . . . . . . . . . . . X . . .
14 . . . . . . . . . . . . . . . X . . .
13 . . . . . . . . . . . . . . . . . . .
12 . . . . . . . . . X . . . . . . . . .
11 . . X X . . . . . X . . . . . . . . .
10 . . X . . . . . . X . . . . . X X X .
 9 . . . . . . . . . . . . . . . X . X X
 8 . . . . . . . . . . . . . . X . X . .
 7 . . . . . . . . . X . . . . . X X X X
 6 . . . X . . . X X X . . . . . X . . .
 5 . . . X . . . X . X . . . . . X . . X
 4 . . . X . . . . X X X . . . . X X . .
 3 . X X X X X . X X . X X . . . X X X X
 2 . X . . X . X . X X X . X . . X . X .
 1 X X . . . X X X . . . X . . . . X . .

koPOSITIONALscoreAREAtaxNONEsui1komi7.5
Time taken: 1.84344
Root visits: 135
New playouts: 135
NN rows: 13
NN batches: 12
NN avg batch size: 1.08333
PlayoutDoublingAdvantage: -2.75
PV: pass D1
Tree:
: T 105.38c W 100.00c S   3.83c (+323.5 L +324.4) N     135  --  pass D1
---Black(^)---
pss : T 120.59c W 100.00c S  20.17c (+342.8 L +341.7) LCB  117.72c P 14.19% WF 290.2 PSV     268 N      53  --  pass D1
G4  : T  88.42c W 100.00c S -11.58c (+302.5 L +305.8) LCB -261.72c P  4.60% WF   3.3 PSV       2 N       1  --  G4
S5  : T  88.48c W 100.00c S -11.52c (+302.7 L +306.1) LCB -261.67c P  4.46% WF   3.2 PSV       2 N       1  --  S5
G3  : T  88.19c W 100.00c S -11.81c (+301.6 L +304.7) LCB -261.81c P  4.44% WF   3.3 PSV       2 N       1  --  G3
N3  : T  88.06c W 100.00c S -11.94c (+301.3 L +304.3) LCB -261.94c P  4.12% WF   3.3 PSV       2 N       1  --  N3
T6  : T  88.15c W 100.00c S -11.85c (+301.5 L +304.7) LCB -261.85c P  3.23% WF   3.3 PSV       1 N       1  --  T6
Q19 : T  88.12c W 100.00c S -11.88c (+301.4 L +304.3) LCB -261.88c P  3.16% WF   3.4 PSV       1 N       1  --  Q19
P18 : T  88.30c W 100.00c S -11.70c (+301.9 L +305.1) LCB -261.70c P  2.97% WF   3.3 PSV       1 N       1  --  P18
T4  : T  87.99c W 100.00c S -12.01c (+300.8 L +304.0) LCB -262.01c P  2.85% WF   3.4 PSV       1 N       1  --  T4
P7  : T  88.05c W 100.00c S -11.95c (+301.2 L +304.2) LCB -261.95c P  1.98% WF   3.3 PSV       0 N       1  --  P7

2025-11-16 20:50:22-0500: play pass
2025-11-16 20:50:22-0500: Controller: kata-set-param maxVisits 100
2025-11-16 20:50:22-0500: = 
2025-11-16 20:50:22-0500: Controller: kata-genmove_analyze b
2025-11-16 20:50:22-0500: =
2025-11-16 20:50:22-0500: MoveNum: 0 HASH: 2AC48FEDA2836BF9D86FF1ECBFDBF3FA
   A B C D E F G H J K L M N O P Q R S T
19 . . . . . . . . . . . . . . X . . X .
18 X X X X . . . . . . . . . . . X X . X
17 . . . X . . . . . . X . . . . X . X .
16 . . . X X . . . . X X . . . . X X . .
15 . . . X . . . . . . . . . . . X . . .
14 . . . . . . . . . . . . . . . X . . .
13 . . . . . . . . . . . . . . . . . . .
12 . . . . . . . . . X . . . . . . . . .
11 . . X X . . . . . X . . . . . . . . .
10 . . X . . . . . . X . . . . . X X X .
 9 . . . . . . . . . . . . . . . X . X X
 8 . . . . . . . . . . . . . . X . X . .
 7 . . . . . . . . . X . . . . . X X X X
 6 . . . X . . . X X X . . . . . X . . .
 5 . . . X . . . X . X . . . . . X . . X
 4 . . . X . . . . X X X . . . . X X . .
 3 . X X X X X . X X . X X . . . X X X X
 2 . X . . X . X . X X X . X . . X . X .
 1 X X . . . X X X . . . X . . . . X . .

koPOSITIONALscoreAREAtaxNONEsui1komi7.5
Time taken: 0.0014333
Root visits: 43
New playouts: 43
NN rows: 0
NN batches: 0
NN avg batch size: -nan
PlayoutDoublingAdvantage: -2.75
PV: pass G18
Tree:
: T  93.20c W 100.00c S  -6.66c (+308.1 L +310.7) N      43  --  pass G18
---Black(^)---
pss : T 117.52c W 100.00c S  14.75c (+339.3 L +339.7) LCB   17.60c P 14.19% WF  18.1 PSV      17 N       3  --  pass G18
G4  : T  88.42c W 100.00c S -11.58c (+302.5 L +305.8) LCB -261.72c P  4.60% WF   3.6 PSV       0 N       1  --  G4
S5  : T  88.48c W 100.00c S -11.52c (+302.7 L +306.1) LCB -261.67c P  4.46% WF   3.5 PSV       0 N       1  --  S5
G3  : T  88.19c W 100.00c S -11.81c (+301.6 L +304.7) LCB -261.81c P  4.44% WF   3.5 PSV       0 N       1  --  G3
N3  : T  88.06c W 100.00c S -11.94c (+301.3 L +304.3) LCB -261.94c P  4.12% WF   3.6 PSV       0 N       1  --  N3
T6  : T  88.15c W 100.00c S -11.85c (+301.5 L +304.7) LCB -261.85c P  3.23% WF   3.5 PSV       0 N       1  --  T6
Q19 : T  88.12c W 100.00c S -11.88c (+301.4 L +304.3) LCB -261.88c P  3.16% WF   3.6 PSV       0 N       1  --  Q19
P18 : T  88.30c W 100.00c S -11.70c (+301.9 L +305.1) LCB -261.70c P  2.97% WF   3.6 PSV       0 N       1  --  P18
T4  : T  87.99c W 100.00c S -12.01c (+300.8 L +304.0) LCB -262.01c P  2.85% WF   3.6 PSV       0 N       1  --  T4
P7  : T  88.05c W 100.00c S -11.95c (+301.2 L +304.2) LCB -261.95c P  1.98% WF   3.6 PSV       0 N       1  --  P7

2025-11-16 20:50:22-0500: play pass
2025-11-16 20:50:22-0500: Controller: kata-set-param maxVisits 100
2025-11-16 20:50:22-0500: = 
2025-11-16 20:50:22-0500: Controller: kata-genmove_analyze b
2025-11-16 20:50:22-0500: =
2025-11-16 20:50:22-0500: MoveNum: 0 HASH: 2AC48FEDA2836BF9D86FF1ECBFDBF3FA
   A B C D E F G H J K L M N O P Q R S T
19 . . . . . . . . . . . . . . X . . X .
18 X X X X . . . . . . . . . . . X X . X
17 . . . X . . . . . . X . . . . X . X .
16 . . . X X . . . . X X . . . . X X . .
15 . . . X . . . . . . . . . . . X . . .
14 . . . . . . . . . . . . . . . X . . .
13 . . . . . . . . . . . . . . . . . . .
12 . . . . . . . . . X . . . . . . . . .
11 . . X X . . . . . X . . . . . . . . .
10 . . X . . . . . . X . . . . . X X X .
 9 . . . . . . . . . . . . . . . X . X X
 8 . . . . . . . . . . . . . . X . X . .
 7 . . . . . . . . . X . . . . . X X X X
 6 . . . X . . . X X X . . . . . X . . .
 5 . . . X . . . X . X . . . . . X . . X
 4 . . . X . . . . X X X . . . . X X . .
 3 . X X X X X . X X . X X . . . X X X X
 2 . X . . X . X . X X X . X . . X . X .
 1 X X . . . X X X . . . X . . . . X . .

koPOSITIONALscoreAREAtaxNONEsui1komi7.5
Time taken: 0.0013369
Root visits: 43
New playouts: 43
NN rows: 0
NN batches: 0
NN avg batch size: -nan
PlayoutDoublingAdvantage: -2.75
PV: pass G18
Tree:
: T  93.20c W 100.00c S  -6.66c (+308.1 L +310.7) N      43  --  pass G18
---Black(^)---
pss : T 117.52c W 100.00c S  14.75c (+339.3 L +339.7) LCB   17.60c P 14.19% WF  18.1 PSV      17 N       3  --  pass G18
G4  : T  88.42c W 100.00c S -11.58c (+302.5 L +305.8) LCB -261.72c P  4.60% WF   3.6 PSV       0 N       1  --  G4
S5  : T  88.48c W 100.00c S -11.52c (+302.7 L +306.1) LCB -261.67c P  4.46% WF   3.5 PSV       0 N       1  --  S5
G3  : T  88.19c W 100.00c S -11.81c (+301.6 L +304.7) LCB -261.81c P  4.44% WF   3.5 PSV       0 N       1  --  G3
N3  : T  88.06c W 100.00c S -11.94c (+301.3 L +304.3) LCB -261.94c P  4.12% WF   3.6 PSV       0 N       1  --  N3
T6  : T  88.15c W 100.00c S -11.85c (+301.5 L +304.7) LCB -261.85c P  3.23% WF   3.5 PSV       0 N       1  --  T6
Q19 : T  88.12c W 100.00c S -11.88c (+301.4 L +304.3) LCB -261.88c P  3.16% WF   3.6 PSV       0 N       1  --  Q19
P18 : T  88.30c W 100.00c S -11.70c (+301.9 L +305.1) LCB -261.70c P  2.97% WF   3.6 PSV       0 N       1  --  P18
T4  : T  87.99c W 100.00c S -12.01c (+300.8 L +304.0) LCB -262.01c P  2.85% WF   3.6 PSV       0 N       1  --  T4
P7  : T  88.05c W 100.00c S -11.95c (+301.2 L +304.2) LCB -261.95c P  1.98% WF   3.6 PSV       0 N       1  --  P7

2025-11-16 20:50:22-0500: play pass
2025-11-16 20:50:22-0500: Controller: kata-set-param maxVisits 100
2025-11-16 20:50:22-0500: = 
2025-11-16 20:50:22-0500: Controller: kata-genmove_analyze b
2025-11-16 20:50:22-0500: =
2025-11-16 20:50:22-0500: MoveNum: 0 HASH: 2AC48FEDA2836BF9D86FF1ECBFDBF3FA
   A B C D E F G H J K L M N O P Q R S T
19 . . . . . . . . . . . . . . X . . X .
18 X X X X . . . . . . . . . . . X X . X
17 . . . X . . . . . . X . . . . X . X .
16 . . . X X . . . . X X . . . . X X . .
15 . . . X . . . . . . . . . . . X . . .
14 . . . . . . . . . . . . . . . X . . .
13 . . . . . . . . . . . . . . . . . . .
12 . . . . . . . . . X . . . . . . . . .
11 . . X X . . . . . X . . . . . . . . .
10 . . X . . . . . . X . . . . . X X X .
 9 . . . . . . . . . . . . . . . X . X X
 8 . . . . . . . . . . . . . . X . X . .
 7 . . . . . . . . . X . . . . . X X X X
 6 . . . X . . . X X X . . . . . X . . .
 5 . . . X . . . X . X . . . . . X . . X
 4 . . . X . . . . X X X . . . . X X . .
 3 . X X X X X . X X . X X . . . X X X X
 2 . X . . X . X . X X X . X . . X . X .
 1 X X . . . X X X . . . X . . . . X . .

koPOSITIONALscoreAREAtaxNONEsui1komi7.5
Time taken: 0.00127276
Root visits: 43
New playouts: 43
NN rows: 0
NN batches: 0
NN avg batch size: -nan
PlayoutDoublingAdvantage: -2.75
PV: pass G18
Tree:
: T  93.20c W 100.00c S  -6.66c (+308.1 L +310.7) N      43  --  pass G18
---Black(^)---
pss : T 117.52c W 100.00c S  14.75c (+339.3 L +339.7) LCB   17.60c P 14.19% WF  18.1 PSV      17 N       3  --  pass G18
G4  : T  88.42c W 100.00c S -11.58c (+302.5 L +305.8) LCB -261.72c P  4.60% WF   3.6 PSV       0 N       1  --  G4
S5  : T  88.48c W 100.00c S -11.52c (+302.7 L +306.1) LCB -261.67c P  4.46% WF   3.5 PSV       0 N       1  --  S5
G3  : T  88.19c W 100.00c S -11.81c (+301.6 L +304.7) LCB -261.81c P  4.44% WF   3.5 PSV       0 N       1  --  G3
N3  : T  88.06c W 100.00c S -11.94c (+301.3 L +304.3) LCB -261.94c P  4.12% WF   3.6 PSV       0 N       1  --  N3
T6  : T  88.15c W 100.00c S -11.85c (+301.5 L +304.7) LCB -261.85c P  3.23% WF   3.5 PSV       0 N       1  --  T6
Q19 : T  88.12c W 100.00c S -11.88c (+301.4 L +304.3) LCB -261.88c P  3.16% WF   3.6 PSV       0 N       1  --  Q19
P18 : T  88.30c W 100.00c S -11.70c (+301.9 L +305.1) LCB -261.70c P  2.97% WF   3.6 PSV       0 N       1  --  P18
T4  : T  87.99c W 100.00c S -12.01c (+300.8 L +304.0) LCB -262.01c P  2.85% WF   3.6 PSV       0 N       1  --  T4
P7  : T  88.05c W 100.00c S -11.95c (+301.2 L +304.2) LCB -261.95c P  1.98% WF   3.6 PSV       0 N       1  --  P7

2025-11-16 20:50:22-0500: play pass
2025-11-16 20:50:22-0500: Controller: kata-set-param maxVisits 100
2025-11-16 20:50:22-0500: = 
2025-11-16 20:50:22-0500: Controller: kata-genmove_analyze b
2025-11-16 20:50:22-0500: =
2025-11-16 20:50:22-0500: MoveNum: 0 HASH: 2AC48FEDA2836BF9D86FF1ECBFDBF3FA
   A B C D E F G H J K L M N O P Q R S T
19 . . . . . . . . . . . . . . X . . X .
18 X X X X . . . . . . . . . . . X X . X
17 . . . X . . . . . . X . . . . X . X .
16 . . . X X . . . . X X . . . . X X . .
15 . . . X . . . . . . . . . . . X . . .
14 . . . . . . . . . . . . . . . X . . .
13 . . . . . . . . . . . . . . . . . . .
12 . . . . . . . . . X . . . . . . . . .
11 . . X X . . . . . X . . . . . . . . .
10 . . X . . . . . . X . . . . . X X X .
 9 . . . . . . . . . . . . . . . X . X X
 8 . . . . . . . . . . . . . . X . X . .
 7 . . . . . . . . . X . . . . . X X X X
 6 . . . X . . . X X X . . . . . X . . .
 5 . . . X . . . X . X . . . . . X . . X
 4 . . . X . . . . X X X . . . . X X . .
 3 . X X X X X . X X . X X . . . X X X X
 2 . X . . X . X . X X X . X . . X . X .
 1 X X . . . X X X . . . X . . . . X . .

koPOSITIONALscoreAREAtaxNONEsui1komi7.5
Time taken: 0.00195603
Root visits: 42
New playouts: 42
NN rows: 0
NN batches: 0
NN avg batch size: -nan
PlayoutDoublingAdvantage: -2.75
PV: pass pass
Tree:
: T  92.04c W 100.00c S  -7.80c (+306.7 L +309.3) N      42  --  pass pass
---Black(^)---
pss : T 115.89c W 100.00c S  13.08c (+337.4 L +338.4) LCB  -76.51c P 14.19% WF  12.6 PSV      12 N       2  --  pass pass
G4  : T  88.42c W 100.00c S -11.58c (+302.5 L +305.8) LCB -261.72c P  4.60% WF   3.6 PSV       0 N       1  --  G4
S5  : T  88.48c W 100.00c S -11.52c (+302.7 L +306.1) LCB -261.67c P  4.46% WF   3.5 PSV       0 N       1  --  S5
G3  : T  88.19c W 100.00c S -11.81c (+301.6 L +304.7) LCB -261.81c P  4.44% WF   3.5 PSV       0 N       1  --  G3
N3  : T  88.06c W 100.00c S -11.94c (+301.3 L +304.3) LCB -261.94c P  4.12% WF   3.6 PSV       0 N       1  --  N3
T6  : T  88.15c W 100.00c S -11.85c (+301.5 L +304.7) LCB -261.85c P  3.23% WF   3.6 PSV       0 N       1  --  T6
Q19 : T  88.12c W 100.00c S -11.88c (+301.4 L +304.3) LCB -261.88c P  3.16% WF   3.6 PSV       0 N       1  --  Q19
P18 : T  88.30c W 100.00c S -11.70c (+301.9 L +305.1) LCB -261.70c P  2.97% WF   3.6 PSV       0 N       1  --  P18
T4  : T  87.99c W 100.00c S -12.01c (+300.8 L +304.0) LCB -262.01c P  2.85% WF   3.6 PSV       0 N       1  --  T4
P7  : T  88.05c W 100.00c S -11.95c (+301.2 L +304.2) LCB -261.95c P  1.98% WF   3.6 PSV       0 N       1  --  P7

2025-11-16 20:50:22-0500: play pass
2025-11-16 20:50:22-0500: Controller: kata-set-param maxVisits 300
2025-11-16 20:50:22-0500: = 
2025-11-16 20:50:22-0500: Controller: kata-genmove_analyze b
2025-11-16 20:50:22-0500: =
2025-11-16 20:50:22-0500: MoveNum: 0 HASH: 2AC48FEDA2836BF9D86FF1ECBFDBF3FA
   A B C D E F G H J K L M N O P Q R S T
19 . . . . . . . . . . . . . . X . . X .
18 X X X X . . . . . . . . . . . X X . X
17 . . . X . . . . . . X . . . . X . X .
16 . . . X X . . . . X X . . . . X X . .
15 . . . X . . . . . . . . . . . X . . .
14 . . . . . . . . . . . . . . . X . . .
13 . . . . . . . . . . . . . . . . . . .
12 . . . . . . . . . X . . . . . . . . .
11 . . X X . . . . . X . . . . . . . . .
10 . . X . . . . . . X . . . . . X X X .
 9 . . . . . . . . . . . . . . . X . X X
 8 . . . . . . . . . . . . . . X . X . .
 7 . . . . . . . . . X . . . . . X X X X
 6 . . . X . . . X X X . . . . . X . . .
 5 . . . X . . . X . X . . . . . X . . X
 4 . . . X . . . . X X X . . . . X X . .
 3 . X X X X X . X X . X X . . . X X X X
 2 . X . . X . X . X X X . X . . X . X .
 1 X X . . . X X X . . . X . . . . X . .

koPOSITIONALscoreAREAtaxNONEsui1komi7.5
Time taken: 0.00243678
Root visits: 125
New playouts: 125
NN rows: 0
NN batches: 0
NN avg batch size: -nan
PlayoutDoublingAdvantage: -2.75
PV: pass D1
Tree:
: T 106.36c W 100.00c S   4.65c (+324.7 L +325.5) N     125  --  pass D1
---Black(^)---
pss : T 120.59c W 100.00c S  20.17c (+342.8 L +341.7) LCB  117.72c P 14.19% WF 288.7 PSV     268 N      53  --  pass D1
G4  : T  88.42c W 100.00c S -11.58c (+302.5 L +305.8) LCB -261.72c P  4.60% WF   3.3 PSV       2 N       1  --  G4
S5  : T  88.48c W 100.00c S -11.52c (+302.7 L +306.1) LCB -261.67c P  4.46% WF   3.2 PSV       2 N       1  --  S5
G3  : T  88.19c W 100.00c S -11.81c (+301.6 L +304.7) LCB -261.81c P  4.44% WF   3.2 PSV       2 N       1  --  G3
N3  : T  88.06c W 100.00c S -11.94c (+301.3 L +304.3) LCB -261.94c P  4.12% WF   3.3 PSV       1 N       1  --  N3
T6  : T  88.15c W 100.00c S -11.85c (+301.5 L +304.7) LCB -261.85c P  3.23% WF   3.3 PSV       1 N       1  --  T6
Q19 : T  88.12c W 100.00c S -11.88c (+301.4 L +304.3) LCB -261.88c P  3.16% WF   3.3 PSV       1 N       1  --  Q19
P18 : T  88.30c W 100.00c S -11.70c (+301.9 L +305.1) LCB -261.70c P  2.97% WF   3.3 PSV       1 N       1  --  P18
T4  : T  87.99c W 100.00c S -12.01c (+300.8 L +304.0) LCB -262.01c P  2.85% WF   3.3 PSV       1 N       1  --  T4
P7  : T  88.05c W 100.00c S -11.95c (+301.2 L +304.2) LCB -261.95c P  1.98% WF   3.3 PSV       0 N       1  --  P7

2025-11-16 20:50:22-0500: play pass
2025-11-16 20:50:22-0500: Controller: kata-set-param maxVisits 100
2025-11-16 20:50:22-0500: = 
2025-11-16 20:50:22-0500: Controller: kata-genmove_analyze b
2025-11-16 20:50:22-0500: =
2025-11-16 20:50:22-0500: MoveNum: 0 HASH: 2AC48FEDA2836BF9D86FF1ECBFDBF3FA
   A B C D E F G H J K L M N O P Q R S T
19 . . . . . . . . . . . . . . X . . X .
18 X X X X . . . . . . . . . . . X X . X
17 . . . X . . . . . . X . . . . X . X .
16 . . . X X . . . . X X . . . . X X . .
15 . . . X . . . . . . . . . . . X . . .
14 . . . . . . . . . . . . . . . X . . .
13 . . . . . . . . . . . . . . . . . . .
12 . . . . . . . . . X . . . . . . . . .
11 . . X X . . . . . X . . . . . . . . .
10 . . X . . . . . . X . . . . . X X X .
 9 . . . . . . . . . . . . . . . X . X X
 8 . . . . . . . . . . . . . . X . X . .
 7 . . . . . . . . . X . . . . . X X X X
 6 . . . X . . . X X X . . . . . X . . .
 5 . . . X . . . X . X . . . . . X . . X
 4 . . . X . . . . X X X . . . . X X . .
 3 . X X X X X . X X . X X . . . X X X X
 2 . X . . X . X . X X X . X . . X . X .
 1 X X . . . X X X . . . X . . . . X . .

koPOSITIONALscoreAREAtaxNONEsui1komi7.5
Time taken: 0.00144342
Root visits: 44
New playouts: 44
NN rows: 0
NN batches: 0
NN avg batch size: -nan
PlayoutDoublingAdvantage: -2.75
PV: pass S5
Tree:
: T  94.25c W 100.00c S  -5.71c (+309.5 L +311.8) N      44  --  pass S5
---Black(^)---
pss : T 117.65c W 100.00c S  15.21c (+339.3 L +338.8) LCB   57.34c P 14.19% WF  24.2 PSV      22 N       4  --  pass S5
G4  : T  88.42c W 100.00c S -11.58c (+302.5 L +305.8) LCB -261.72c P  4.60% WF   3.5 PSV       0 N       1  --  G4
S5  : T  88.48c W 100.00c S -11.52c (+302.7 L +306.1) LCB -261.67c P  4.46% WF   3.5 PSV       0 N       1  --  S5
G3  : T  88.19c W 100.00c S -11.81c (+301.6 L +304.7) LCB -261.81c P  4.44% WF   3.5 PSV       0 N       1  --  G3
N3  : T  88.06c W 100.00c S -11.94c (+301.3 L +304.3) LCB -261.94c P  4.12% WF   3.6 PSV       0 N       1  --  N3
T6  : T  88.15c W 100.00c S -11.85c (+301.5 L +304.7) LCB -261.85c P  3.23% WF   3.5 PSV       0 N       1  --  T6
Q19 : T  88.12c W 100.00c S -11.88c (+301.4 L +304.3) LCB -261.88c P  3.16% WF   3.6 PSV       0 N       1  --  Q19
P18 : T  88.30c W 100.00c S -11.70c (+301.9 L +305.1) LCB -261.70c P  2.97% WF   3.5 PSV       0 N       1  --  P18
T4  : T  87.99c W 100.00c S -12.01c (+300.8 L +304.0) LCB -262.01c P  2.85% WF   3.6 PSV       0 N       1  --  T4
P7  : T  88.05c W 100.00c S -11.95c (+301.2 L +304.2) LCB -261.95c P  1.98% WF   3.6 PSV       0 N       1  --  P7

2025-11-16 20:50:22-0500: play pass
2025-11-16 20:50:22-0500: Controller: kata-set-param maxVisits 100
2025-11-16 20:50:22-0500: = 
2025-11-16 20:50:22-0500: Controller: kata-genmove_analyze b
2025-11-16 20:50:22-0500: =
2025-11-16 20:50:22-0500: MoveNum: 0 HASH: 2AC48FEDA2836BF9D86FF1ECBFDBF3FA
   A B C D E F G H J K L M N O P Q R S T
19 . . . . . . . . . . . . . . X . . X .
18 X X X X . . . . . . . . . . . X X . X
17 . . . X . . . . . . X . . . . X . X .
16 . . . X X . . . . X X . . . . X X . .
15 . . . X . . . . . . . . . . . X . . .
14 . . . . . . . . . . . . . . . X . . .
13 . . . . . . . . . . . . . . . . . . .
12 . . . . . . . . . X . . . . . . . . .
11 . . X X . . . . . X . . . . . . . . .
10 . . X . . . . . . X . . . . . X X X .
 9 . . . . . . . . . . . . . . . X . X X
 8 . . . . . . . . . . . . . . X . X . .
 7 . . . . . . . . . X . . . . . X X X X
 6 . . . X . . . X X X . . . . . X . . .
 5 . . . X . . . X . X . . . . . X . . X
 4 . . . X . . . . X X X . . . . X X . .
 3 . X X X X X . X X . X X . . . X X X X
 2 . X . . X . X . X X X . X . . X . X .
 1 X X . . . X X X . . . X . . . . X . .

koPOSITIONALscoreAREAtaxNONEsui1komi7.5
Time taken: 0.00133295
Root visits: 42
New playouts: 42
NN rows: 0
NN batches: 0
NN avg batch size: -nan
PlayoutDoublingAdvantage: -2.75
PV: pass G18
Tree:
: T  93.30c W 100.00c S  -6.55c (+308.3 L +310.8) N      42  --  pass G18
---Black(^)---
pss : T 117.52c W 100.00c S  14.75c (+339.3 L +339.7) LCB   17.60c P 14.19% WF  18.1 PSV      17 N       3  --  pass G18
G4  : T  88.42c W 100.00c S -11.58c (+302.5 L +305.8) LCB -261.72c P  4.60% WF   3.6 PSV       0 N       1  --  G4
S5  : T  88.48c W 100.00c S -11.52c (+302.7 L +306.1) LCB -261.67c P  4.46% WF   3.5 PSV       0 N       1  --  S5
G3  : T  88.19c W 100.00c S -11.81c (+301.6 L +304.7) LCB -261.81c P  4.44% WF   3.5 PSV       0 N       1  --  G3
N3  : T  88.06c W 100.00c S -11.94c (+301.3 L +304.3) LCB -261.94c P  4.12% WF   3.6 PSV       0 N       1  --  N3
T6  : T  88.15c W 100.00c S -11.85c (+301.5 L +304.7) LCB -261.85c P  3.23% WF   3.5 PSV       0 N       1  --  T6
Q19 : T  88.12c W 100.00c S -11.88c (+301.4 L +304.3) LCB -261.88c P  3.16% WF   3.6 PSV       0 N       1  --  Q19
P18 : T  88.30c W 100.00c S -11.70c (+301.9 L +305.1) LCB -261.70c P  2.97% WF   3.6 PSV       0 N       1  --  P18
T4  : T  87.99c W 100.00c S -12.01c (+300.8 L +304.0) LCB -262.01c P  2.85% WF   3.6 PSV       0 N       1  --  T4
P7  : T  88.05c W 100.00c S -11.95c (+301.2 L +304.2) LCB -261.95c P  1.98% WF   3.6 PSV       0 N       1  --  P7

2025-11-16 20:50:22-0500: play pass
2025-11-16 20:50:22-0500: Controller: kata-set-param maxVisits 100
2025-11-16 20:50:22-0500: = 
2025-11-16 20:50:22-0500: Controller: kata-genmove_analyze b
2025-11-16 20:50:22-0500: =
2025-11-16 20:50:22-0500: MoveNum: 0 HASH: 2AC48FEDA2836BF9D86FF1ECBFDBF3FA
   A B C D E F G H J K L M N O P Q R S T
19 . . . . . . . . . . . . . . X . . X .
18 X X X X . . . . . . . . . . . X X . X
17 . . . X . . . . . . X . . . . X . X .
16 . . . X X . . . . X X . . . . X X . .
15 . . . X . . . . . . . . . . . X . . .
14 . . . . . . . . . . . . . . . X . . .
13 . . . . . . . . . . . . . . . . . . .
12 . . . . . . . . . X . . . . . . . . .
11 . . X X . . . . . X . . . . . . . . .
10 . . X . . . . . . X . . . . . X X X .
 9 . . . . . . . . . . . . . . . X . X X
 8 . . . . . . . . . . . . . . X . X . .
 7 . . . . . . . . . X . . . . . X X X X
 6 . . . X . . . X X X . . . . . X . . .
 5 . . . X . . . X . X . . . . . X . . X
 4 . . . X . . . . X X X . . . . X X . .
 3 . X X X X X . X X . X X . . . X X X X
 2 . X . . X . X . X X X . X . . X . X .
 1 X X . . . X X X . . . X . . . . X . .

koPOSITIONALscoreAREAtaxNONEsui1komi7.5
Time taken: 0.00156956
Root visits: 42
New playouts: 42
NN rows: 0
NN batches: 0
NN avg batch size: -nan
PlayoutDoublingAdvantage: -2.75
PV: pass pass
Tree:
: T  92.04c W 100.00c S  -7.80c (+306.7 L +309.3) N      42  --  pass pass
---Black(^)---
pss : T 115.89c W 100.00c S  13.08c (+337.4 L +338.4) LCB  -76.51c P 14.19% WF  12.6 PSV      12 N       2  --  pass pass
G4  : T  88.42c W 100.00c S -11.58c (+302.5 L +305.8) LCB -261.72c P  4.60% WF   3.6 PSV       0 N       1  --  G4
S5  : T  88.48c W 100.00c S -11.52c (+302.7 L +306.1) LCB -261.67c P  4.46% WF   3.5 PSV       0 N       1  --  S5
G3  : T  88.19c W 100.00c S -11.81c (+301.6 L +304.7) LCB -261.81c P  4.44% WF   3.5 PSV       0 N       1  --  G3
N3  : T  88.06c W 100.00c S -11.94c (+301.3 L +304.3) LCB -261.94c P  4.12% WF   3.6 PSV       0 N       1  --  N3
T6  : T  88.15c W 100.00c S -11.85c (+301.5 L +304.7) LCB -261.85c P  3.23% WF   3.6 PSV       0 N       1  --  T6
Q19 : T  88.12c W 100.00c S -11.88c (+301.4 L +304.3) LCB -261.88c P  3.16% WF   3.6 PSV       0 N       1  --  Q19
P18 : T  88.30c W 100.00c S -11.70c (+301.9 L +305.1) LCB -261.70c P  2.97% WF   3.6 PSV       0 N       1  --  P18
T4  : T  87.99c W 100.00c S -12.01c (+300.8 L +304.0) LCB -262.01c P  2.85% WF   3.6 PSV       0 N       1  --  T4
P7  : T  88.05c W 100.00c S -11.95c (+301.2 L +304.2) LCB -261.95c P  1.98% WF   3.6 PSV       0 N       1  --  P7

2025-11-16 20:50:22-0500: play pass
2025-11-16 20:50:22-0500: Controller: kata-set-param maxVisits 100
2025-11-16 20:50:22-0500: = 
2025-11-16 20:50:22-0500: Controller: kata-genmove_analyze b
2025-11-16 20:50:22-0500: =
2025-11-16 20:50:22-0500: MoveNum: 0 HASH: 2AC48FEDA2836BF9D86FF1ECBFDBF3FA
   A B C D E F G H J K L M N O P Q R S T
19 . . . . . . . . . . . . . . X . . X .
18 X X X X . . . . . . . . . . . X X . X
17 . . . X . . . . . . X . . . . X . X .
16 . . . X X . . . . X X . . . . X X . .
15 . . . X . . . . . . . . . . . X . . .
14 . . . . . . . . . . . . . . . X . . .
13 . . . . . . . . . . . . . . . . . . .
12 . . . . . . . . . X . . . . . . . . .
11 . . X X . . . . . X . . . . . . . . .
10 . . X . . . . . . X . . . . . X X X .
 9 . . . . . . . . . . . . . . . X . X X
 8 . . . . . . . . . . . . . . X . X . .
 7 . . . . . . . . . X . . . . . X X X X
 6 . . . X . . . X X X . . . . . X . . .
 5 . . . X . . . X . X . . . . . X . . X
 4 . . . X . . . . X X X . . . . X X . .
 3 . X X X X X . X X . X X . . . X X X X
 2 . X . . X . X . X X X . X . . X . X .
 1 X X . . . X X X . . . X . . . . X . .

koPOSITIONALscoreAREAtaxNONEsui1komi7.5
Time taken: 0.00140511
Root visits: 44
New playouts: 44
NN rows: 0
NN batches: 0
NN avg batch size: -nan
PlayoutDoublingAdvantage: -2.75
PV: pass S5
Tree:
: T  94.25c W 100.00c S  -5.71c (+309.5 L +311.8) N      44  --  pass S5
---Black(^)---
pss : T 117.65c W 100.00c S  15.21c (+339.3 L +338.8) LCB   57.34c P 14.19% WF  24.2 PSV      22 N       4  --  pass S5
G4  : T  88.42c W 100.00c S -11.58c (+302.5 L +305.8) LCB -261.72c P  4.60% WF   3.5 PSV       0 N       1  --  G4
S5  : T  88.48c W 100.00c S -11.52c (+302.7 L +306.1) LCB -261.67c P  4.46% WF   3.5 PSV       0 N       1  --  S5
G3  : T  88.19c W 100.00c S -11.81c (+301.6 L +304.7) LCB -261.81c P  4.44% WF   3.5 PSV       0 N       1  --  G3
N3  : T  88.06c W 100.00c S -11.94c (+301.3 L +304.3) LCB -261.94c P  4.12% WF   3.6 PSV       0 N       1  --  N3
T6  : T  88.15c W 100.00c S -11.85c (+301.5 L +304.7) LCB -261.85c P  3.23% WF   3.5 PSV       0 N       1  --  T6
Q19 : T  88.12c W 100.00c S -11.88c (+301.4 L +304.3) LCB -261.88c P  3.16% WF   3.6 PSV       0 N       1  --  Q19
P18 : T  88.30c W 100.00c S -11.70c (+301.9 L +305.1) LCB -261.70c P  2.97% WF   3.5 PSV       0 N       1  --  P18
T4  : T  87.99c W 100.00c S -12.01c (+300.8 L +304.0) LCB -262.01c P  2.85% WF   3.6 PSV       0 N       1  --  T4
P7  : T  88.05c W 100.00c S -11.95c (+301.2 L +304.2) LCB -261.95c P  1.98% WF   3.6 PSV       0 N       1  --  P7

2025-11-16 20:50:22-0500: play pass
2025-11-16 20:50:22-0500: Controller: kata-set-param maxVisits 300
2025-11-16 20:50:22-0500: = 
2025-11-16 20:50:22-0500: Controller: kata-genmove_analyze b
2025-11-16 20:50:22-0500: =
2025-11-16 20:50:23-0500: MoveNum: 0 HASH: 2AC48FEDA2836BF9D86FF1ECBFDBF3FA
   A B C D E F G H J K L M N O P Q R S T
19 . . . . . . . . . . . . . . X . . X .
18 X X X X . . . . . . . . . . . X X . X
17 . . . X . . . . . . X . . . . X . X .
16 . . . X X . . . . X X . . . . X X . .
15 . . . X . . . . . . . . . . . X . . .
14 . . . . . . . . . . . . . . . X . . .
13 . . . . . . . . . . . . . . . . . . .
12 . . . . . . . . . X . . . . . . . . .
11 . . X X . . . . . X . . . . . . . . .
10 . . X . . . . . . X . . . . . X X X .
 9 . . . . . . . . . . . . . . . X . X X
 8 . . . . . . . . . . . . . . X . X . .
 7 . . . . . . . . . X . . . . . X X X X
 6 . . . X . . . X X X . . . . . X . . .
 5 . . . X . . . X . X . . . . . X . . X
 4 . . . X . . . . X X X . . . . X X . .
 3 . X X X X X . X X . X X . . . X X X X
 2 . X . . X . X . X X X . X . . X . X .
 1 X X . . . X X X . . . X . . . . X . .

koPOSITIONALscoreAREAtaxNONEsui1komi7.5
Time taken: 0.969972
Root visits: 125
New playouts: 125
NN rows: 1
NN batches: 1
NN avg batch size: 1
PlayoutDoublingAdvantage: -2.75
PV: pass D1
Tree:
: T 106.63c W 100.00c S   4.88c (+325.1 L +325.8) N     125  --  pass D1
---Black(^)---
pss : T 120.64c W 100.00c S  20.22c (+342.8 L +341.8) LCB  117.81c P 14.19% WF 294.0 PSV     273 N      54  --  pass D1
G4  : T  88.42c W 100.00c S -11.58c (+302.5 L +305.8) LCB -261.72c P  4.60% WF   3.3 PSV       2 N       1  --  G4
S5  : T  88.48c W 100.00c S -11.52c (+302.7 L +306.1) LCB -261.67c P  4.46% WF   3.2 PSV       2 N       1  --  S5
G3  : T  88.19c W 100.00c S -11.81c (+301.6 L +304.7) LCB -261.81c P  4.44% WF   3.2 PSV       2 N       1  --  G3
N3  : T  88.06c W 100.00c S -11.94c (+301.3 L +304.3) LCB -261.94c P  4.12% WF   3.3 PSV       1 N       1  --  N3
T6  : T  88.15c W 100.00c S -11.85c (+301.5 L +304.7) LCB -261.85c P  3.23% WF   3.3 PSV       1 N       1  --  T6
Q19 : T  88.12c W 100.00c S -11.88c (+301.4 L +304.3) LCB -261.88c P  3.16% WF   3.3 PSV       1 N       1  --  Q19
P18 : T  88.30c W 100.00c S -11.70c (+301.9 L +305.1) LCB -261.70c P  2.97% WF   3.3 PSV       1 N       1  --  P18
T4  : T  87.99c W 100.00c S -12.01c (+300.8 L +304.0) LCB -262.01c P  2.85% WF   3.3 PSV       1 N       1  --  T4
P7  : T  88.05c W 100.00c S -11.95c (+301.2 L +304.2) LCB -261.95c P  1.98% WF   3.3 PSV       0 N       1  --  P7

2025-11-16 20:50:23-0500: play pass
2025-11-16 20:50:23-0500: Controller: kata-set-param maxVisits 300
2025-11-16 20:50:23-0500: = 
2025-11-16 20:50:23-0500: Controller: kata-genmove_analyze b
2025-11-16 20:50:23-0500: =
2025-11-16 20:50:23-0500: MoveNum: 0 HASH: 2AC48FEDA2836BF9D86FF1ECBFDBF3FA
   A B C D E F G H J K L M N O P Q R S T
19 . . . . . . . . . . . . . . X . . X .
18 X X X X . . . . . . . . . . . X X . X
17 . . . X . . . . . . X . . . . X . X .
16 . . . X X . . . . X X . . . . X X . .
15 . . . X . . . . . . . . . . . X . . .
14 . . . . . . . . . . . . . . . X . . .
13 . . . . . . . . . . . . . . . . . . .
12 . . . . . . . . . X . . . . . . . . .
11 . . X X . . . . . X . . . . . . . . .
10 . . X . . . . . . X . . . . . X X X .
 9 . . . . . . . . . . . . . . . X . X X
 8 . . . . . . . . . . . . . . X . X . .
 7 . . . . . . . . . X . . . . . X X X X
 6 . . . X . . . X X X . . . . . X . . .
 5 . . . X . . . X . X . . . . . X . . X
 4 . . . X . . . . X X X . . . . X X . .
 3 . X X X X X . X X . X X . . . X X X X
 2 . X . . X . X . X X X . X . . X . X .
 1 X X . . . X X X . . . X . . . . X . .

koPOSITIONALscoreAREAtaxNONEsui1komi7.5
Time taken: 0.00308259
Root visits: 125
New playouts: 125
NN rows: 0
NN batches: 0
NN avg batch size: -nan
PlayoutDoublingAdvantage: -2.75
PV: pass D1
Tree:
: T 105.64c W 100.00c S   4.05c (+323.8 L +324.7) N     125  --  pass D1
---Black(^)---
pss : T 120.59c W 100.00c S  20.14c (+342.8 L +341.7) LCB  117.55c P 14.19% WF 273.9 PSV     253 N      50  --  pass D1
G4  : T  88.42c W 100.00c S -11.58c (+302.5 L +305.8) LCB -261.72c P  4.60% WF   3.3 PSV       2 N       1  --  G4
S5  : T  88.48c W 100.00c S -11.52c (+302.7 L +306.1) LCB -261.67c P  4.46% WF   3.2 PSV       2 N       1  --  S5
G3  : T  88.19c W 100.00c S -11.81c (+301.6 L +304.7) LCB -261.81c P  4.44% WF   3.3 PSV       2 N       1  --  G3
N3  : T  88.06c W 100.00c S -11.94c (+301.3 L +304.3) LCB -261.94c P  4.12% WF   3.3 PSV       1 N       1  --  N3
T6  : T  88.15c W 100.00c S -11.85c (+301.5 L +304.7) LCB -261.85c P  3.23% WF   3.3 PSV       1 N       1  --  T6
Q19 : T  88.12c W 100.00c S -11.88c (+301.4 L +304.3) LCB -261.88c P  3.16% WF   3.4 PSV       1 N       1  --  Q19
P18 : T  88.30c W 100.00c S -11.70c (+301.9 L +305.1) LCB -261.70c P  2.97% WF   3.3 PSV       1 N       1  --  P18
T4  : T  87.99c W 100.00c S -12.01c (+300.8 L +304.0) LCB -262.01c P  2.85% WF   3.4 PSV       1 N       1  --  T4
P7  : T  88.05c W 100.00c S -11.95c (+301.2 L +304.2) LCB -261.95c P  1.98% WF   3.3 PSV       0 N       1  --  P7

2025-11-16 20:50:23-0500: play pass
2025-11-16 20:50:23-0500: Controller: kata-set-param maxVisits 100
2025-11-16 20:50:23-0500: = 
2025-11-16 20:50:23-0500: Controller: kata-genmove_analyze b
2025-11-16 20:50:23-0500: =
2025-11-16 20:50:23-0500: MoveNum: 0 HASH: 2AC48FEDA2836BF9D86FF1ECBFDBF3FA
   A B C D E F G H J K L M N O P Q R S T
19 . . . . . . . . . . . . . . X . . X .
18 X X X X . . . . . . . . . . . X X . X
17 . . . X . . . . . . X . . . . X . X .
16 . . . X X . . . . X X . . . . X X . .
15 . . . X . . . . . . . . . . . X . . .
14 . . . . . . . . . . . . . . . X . . .
13 . . . . . . . . . . . . . . . . . . .
12 . . . . . . . . . X . . . . . . . . .
11 . . X X . . . . . X . . . . . . . . .
10 . . X . . . . . . X . . . . . X X X .
 9 . . . . . . . . . . . . . . . X . X X
 8 . . . . . . . . . . . . . . X . X . .
 7 . . . . . . . . . X . . . . . X X X X
 6 . . . X . . . X X X . . . . . X . . .
 5 . . . X . . . X . X . . . . . X . . X
 4 . . . X . . . . X X X . . . . X X . .
 3 . X X X X X . X X . X X . . . X X X X
 2 . X . . X . X . X X X . X . . X . X .
 1 X X . . . X X X . . . X . . . . X . .

koPOSITIONALscoreAREAtaxNONEsui1komi7.5
Time taken: 0.00159456
Root visits: 43
New playouts: 43
NN rows: 0
NN batches: 0
NN avg batch size: -nan
PlayoutDoublingAdvantage: -2.75
PV: pass S5
Tree:
: T  94.37c W 100.00c S  -5.59c (+309.6 L +311.9) N      43  --  pass S5
---Black(^)---
pss : T 117.65c W 100.00c S  15.21c (+339.3 L +338.8) LCB   57.34c P 14.19% WF  24.2 PSV      22 N       4  --  pass S5
G4  : T  88.42c W 100.00c S -11.58c (+302.5 L +305.8) LCB -261.72c P  4.60% WF   3.5 PSV       0 N       1  --  G4
S5  : T  88.48c W 100.00c S -11.52c (+302.7 L +306.1) LCB -261.67c P  4.46% WF   3.5 PSV       0 N       1  --  S5
G3  : T  88.19c W 100.00c S -11.81c (+301.6 L +304.7) LCB -261.81c P  4.44% WF   3.5 PSV       0 N       1  --  G3
N3  : T  88.06c W 100.00c S -11.94c (+301.3 L +304.3) LCB -261.94c P  4.12% WF   3.6 PSV       0 N       1  --  N3
T6  : T  88.15c W 100.00c S -11.85c (+301.5 L +304.7) LCB -261.85c P  3.23% WF   3.5 PSV       0 N       1  --  T6
Q19 : T  88.12c W 100.00c S -11.88c (+301.4 L +304.3) LCB -261.88c P  3.16% WF   3.6 PSV       0 N       1  --  Q19
P18 : T  88.30c W 100.00c S -11.70c (+301.9 L +305.1) LCB -261.70c P  2.97% WF   3.5 PSV       0 N       1  --  P18
T4  : T  87.99c W 100.00c S -12.01c (+300.8 L +304.0) LCB -262.01c P  2.85% WF   3.6 PSV       0 N       1  --  T4
P7  : T  88.05c W 100.00c S -11.95c (+301.2 L +304.2) LCB -261.95c P  1.98% WF   3.6 PSV       0 N       1  --  P7

2025-11-16 20:50:23-0500: play pass
2025-11-16 20:50:23-0500: Controller: kata-set-param maxVisits 100
2025-11-16 20:50:23-0500: = 
2025-11-16 20:50:23-0500: Controller: kata-genmove_analyze b
2025-11-16 20:50:23-0500: =
2025-11-16 20:50:23-0500: MoveNum: 0 HASH: 2AC48FEDA2836BF9D86FF1ECBFDBF3FA
   A B C D E F G H J K L M N O P Q R S T
19 . . . . . . . . . . . . . . X . . X .
18 X X X X . . . . . . . . . . . X X . X
17 . . . X . . . . . . X . . . . X . X .
16 . . . X X . . . . X X . . . . X X . .
15 . . . X . . . . . . . . . . . X . . .
14 . . . . . . . . . . . . . . . X . . .
13 . . . . . . . . . . . . . . . . . . .
12 . . . . . . . . . X . . . . . . . . .
11 . . X X . . . . . X . . . . . . . . .
10 . . X . . . . . . X . . . . . X X X .
 9 . . . . . . . . . . . . . . . X . X X
 8 . . . . . . . . . . . . . . X . X . .
 7 . . . . . . . . . X . . . . . X X X X
 6 . . . X . . . X X X . . . . . X . . .
 5 . . . X . . . X . X . . . . . X . . X
 4 . . . X . . . . X X X . . . . X X . .
 3 . X X X X X . X X . X X . . . X X X X
 2 . X . . X . X . X X X . X . . X . X .
 1 X X . . . X X X . . . X . . . . X . .

koPOSITIONALscoreAREAtaxNONEsui1komi7.5
Time taken: 0.0014275
Root visits: 42
New playouts: 42
NN rows: 0
NN batches: 0
NN avg batch size: -nan
PlayoutDoublingAdvantage: -2.75
PV: pass G18
Tree:
: T  93.30c W 100.00c S  -6.55c (+308.3 L +310.8) N      42  --  pass G18
---Black(^)---
pss : T 117.52c W 100.00c S  14.75c (+339.3 L +339.7) LCB   17.60c P 14.19% WF  18.1 PSV      17 N       3  --  pass G18
G4  : T  88.42c W 100.00c S -11.58c (+302.5 L +305.8) LCB -261.72c P  4.60% WF   3.6 PSV       0 N       1  --  G4
S5  : T  88.48c W 100.00c S -11.52c (+302.7 L +306.1) LCB -261.67c P  4.46% WF   3.5 PSV       0 N       1  --  S5
G3  : T  88.19c W 100.00c S -11.81c (+301.6 L +304.7) LCB -261.81c P  4.44% WF   3.5 PSV       0 N       1  --  G3
N3  : T  88.06c W 100.00c S -11.94c (+301.3 L +304.3) LCB -261.94c P  4.12% WF   3.6 PSV       0 N       1  --  N3
T6  : T  88.15c W 100.00c S -11.85c (+301.5 L +304.7) LCB -261.85c P  3.23% WF   3.5 PSV       0 N       1  --  T6
Q19 : T  88.12c W 100.00c S -11.88c (+301.4 L +304.3) LCB -261.88c P  3.16% WF   3.6 PSV       0 N       1  --  Q19
P18 : T  88.30c W 100.00c S -11.70c (+301.9 L +305.1) LCB -261.70c P  2.97% WF   3.6 PSV       0 N       1  --  P18
T4  : T  87.99c W 100.00c S -12.01c (+300.8 L +304.0) LCB -262.01c P  2.85% WF   3.6 PSV       0 N       1  --  T4
P7  : T  88.05c W 100.00c S -11.95c (+301.2 L +304.2) LCB -261.95c P  1.98% WF   3.6 PSV       0 N       1  --  P7

2025-11-16 20:50:23-0500: play pass
2025-11-16 20:50:23-0500: Controller: kata-set-param maxVisits 100
2025-11-16 20:50:23-0500: = 
2025-11-16 20:50:23-0500: Controller: kata-genmove_analyze b
2025-11-16 20:50:23-0500: =
2025-11-16 20:50:23-0500: MoveNum: 0 HASH: 2AC48FEDA2836BF9D86FF1ECBFDBF3FA
   A B C D E F G H J K L M N O P Q R S T
19 . . . . . . . . . . . . . . X . . X .
18 X X X X . . . . . . . . . . . X X . X
17 . . . X . . . . . . X . . . . X . X .
16 . . . X X . . . . X X . . . . X X . .
15 . . . X . . . . . . . . . . . X . . .
14 . . . . . . . . . . . . . . . X . . .
13 . . . . . . . . . . . . . . . . . . .
12 . . . . . . . . . X . . . . . . . . .
11 . . X X . . . . . X . . . . . . . . .
10 . . X . . . . . . X . . . . . X X X .
 9 . . . . . . . . . . . . . . . X . X X
 8 . . . . . . . . . . . . . . X . X . .
 7 . . . . . . . . . X . . . . . X X X X
 6 . . . X . . . X X X . . . . . X . . .
 5 . . . X . . . X . X . . . . . X . . X
 4 . . . X . . . . X X X . . . . X X . .
 3 . X X X X X . X X . X X . . . X X X X
 2 . X . . X . X . X X X . X . . X . X .
 1 X X . . . X X X . . . X . . . . X . .

koPOSITIONALscoreAREAtaxNONEsui1komi7.5
Time taken: 0.00145391
Root visits: 43
New playouts: 43
NN rows: 0
NN batches: 0
NN avg batch size: -nan
PlayoutDoublingAdvantage: -2.75
PV: pass G18
Tree:
: T  93.20c W 100.00c S  -6.66c (+308.1 L +310.7) N      43  --  pass G18
---Black(^)---
pss : T 117.52c W 100.00c S  14.75c (+339.3 L +339.7) LCB   17.60c P 14.19% WF  18.1 PSV      17 N       3  --  pass G18
G4  : T  88.42c W 100.00c S -11.58c (+302.5 L +305.8) LCB -261.72c P  4.60% WF   3.6 PSV       0 N       1  --  G4
S5  : T  88.48c W 100.00c S -11.52c (+302.7 L +306.1) LCB -261.67c P  4.46% WF   3.5 PSV       0 N       1  --  S5
G3  : T  88.19c W 100.00c S -11.81c (+301.6 L +304.7) LCB -261.81c P  4.44% WF   3.5 PSV       0 N       1  --  G3
N3  : T  88.06c W 100.00c S -11.94c (+301.3 L +304.3) LCB -261.94c P  4.12% WF   3.6 PSV       0 N       1  --  N3
T6  : T  88.15c W 100.00c S -11.85c (+301.5 L +304.7) LCB -261.85c P  3.23% WF   3.5 PSV       0 N       1  --  T6
Q19 : T  88.12c W 100.00c S -11.88c (+301.4 L +304.3) LCB -261.88c P  3.16% WF   3.6 PSV       0 N       1  --  Q19
P18 : T  88.30c W 100.00c S -11.70c (+301.9 L +305.1) LCB -261.70c P  2.97% WF   3.6 PSV       0 N       1  --  P18
T4  : T  87.99c W 100.00c S -12.01c (+300.8 L +304.0) LCB -262.01c P  2.85% WF   3.6 PSV       0 N       1  --  T4
P7  : T  88.05c W 100.00c S -11.95c (+301.2 L +304.2) LCB -261.95c P  1.98% WF   3.6 PSV       0 N       1  --  P7

2025-11-16 20:50:23-0500: play pass
2025-11-16 20:50:23-0500: Controller: kata-set-param maxVisits 100
2025-11-16 20:50:23-0500: = 
2025-11-16 20:50:23-0500: Controller: kata-genmove_analyze b
2025-11-16 20:50:23-0500: =
2025-11-16 20:50:23-0500: MoveNum: 0 HASH: 2AC48FEDA2836BF9D86FF1ECBFDBF3FA
   A B C D E F G H J K L M N O P Q R S T
19 . . . . . . . . . . . . . . X . . X .
18 X X X X . . . . . . . . . . . X X . X
17 . . . X . . . . . . X . . . . X . X .
16 . . . X X . . . . X X . . . . X X . .
15 . . . X . . . . . . . . . . . X . . .
14 . . . . . . . . . . . . . . . X . . .
13 . . . . . . . . . . . . . . . . . . .
12 . . . . . . . . . X . . . . . . . . .
11 . . X X . . . . . X . . . . . . . . .
10 . . X . . . . . . X . . . . . X X X .
 9 . . . . . . . . . . . . . . . X . X X
 8 . . . . . . . . . . . . . . X . X . .
 7 . . . . . . . . . X . . . . . X X X X
 6 . . . X . . . X X X . . . . . X . . .
 5 . . . X . . . X . X . . . . . X . . X
 4 . . . X . . . . X X X . . . . X X . .
 3 . X X X X X . X X . X X . . . X X X X
 2 . X . . X . X . X X X . X . . X . X .
 1 X X . . . X X X . . . X . . . . X . .

koPOSITIONALscoreAREAtaxNONEsui1komi7.5
Time taken: 0.00144457
Root visits: 43
New playouts: 43
NN rows: 0
NN batches: 0
NN avg batch size: -nan
PlayoutDoublingAdvantage: -2.75
PV: pass pass
Tree:
: T  91.95c W 100.00c S  -7.89c (+306.6 L +309.3) N      43  --  pass pass
---Black(^)---
pss : T 115.89c W 100.00c S  13.08c (+337.4 L +338.4) LCB  -76.51c P 14.19% WF  12.6 PSV      12 N       2  --  pass pass
G4  : T  88.42c W 100.00c S -11.58c (+302.5 L +305.8) LCB -261.72c P  4.60% WF   3.6 PSV       0 N       1  --  G4
S5  : T  88.48c W 100.00c S -11.52c (+302.7 L +306.1) LCB -261.67c P  4.46% WF   3.5 PSV       0 N       1  --  S5
G3  : T  88.19c W 100.00c S -11.81c (+301.6 L +304.7) LCB -261.81c P  4.44% WF   3.5 PSV       0 N       1  --  G3
N3  : T  88.06c W 100.00c S -11.94c (+301.3 L +304.3) LCB -261.94c P  4.12% WF   3.6 PSV       0 N       1  --  N3
T6  : T  88.15c W 100.00c S -11.85c (+301.5 L +304.7) LCB -261.85c P  3.23% WF   3.6 PSV       0 N       1  --  T6
Q19 : T  88.12c W 100.00c S -11.88c (+301.4 L +304.3) LCB -261.88c P  3.16% WF   3.6 PSV       0 N       1  --  Q19
P18 : T  88.30c W 100.00c S -11.70c (+301.9 L +305.1) LCB -261.70c P  2.97% WF   3.6 PSV       0 N       1  --  P18
T4  : T  87.99c W 100.00c S -12.01c (+300.8 L +304.0) LCB -262.01c P  2.85% WF   3.6 PSV       0 N       1  --  T4
P7  : T  88.05c W 100.00c S -11.95c (+301.2 L +304.2) LCB -261.95c P  1.98% WF   3.6 PSV       0 N       1  --  P7

2025-11-16 20:50:23-0500: play pass
2025-11-16 20:50:23-0500: Controller: kata-set-param maxVisits 300
2025-11-16 20:50:23-0500: = 
2025-11-16 20:50:23-0500: Controller: kata-genmove_analyze b
2025-11-16 20:50:23-0500: =
2025-11-16 20:50:25-0500: MoveNum: 0 HASH: 2AC48FEDA2836BF9D86FF1ECBFDBF3FA
   A B C D E F G H J K L M N O P Q R S T
19 . . . . . . . . . . . . . . X . . X .
18 X X X X . . . . . . . . . . . X X . X
17 . . . X . . . . . . X . . . . X . X .
16 . . . X X . . . . X X . . . . X X . .
15 . . . X . . . . . . . . . . . X . . .
14 . . . . . . . . . . . . . . . X . . .
13 . . . . . . . . . . . . . . . . . . .
12 . . . . . . . . . X . . . . . . . . .
11 . . X X . . . . . X . . . . . . . . .
10 . . X . . . . . . X . . . . . X X X .
 9 . . . . . . . . . . . . . . . X . X X
 8 . . . . . . . . . . . . . . X . X . .
 7 . . . . . . . . . X . . . . . X X X X
 6 . . . X . . . X X X . . . . . X . . .
 5 . . . X . . . X . X . . . . . X . . X
 4 . . . X . . . . X X X . . . . X X . .
 3 . X X X X X . X X . X X . . . X X X X
 2 . X . . X . X . X X X . X . . X . X .
 1 X X . . . X X X . . . X . . . . X . .

koPOSITIONALscoreAREAtaxNONEsui1komi7.5
Time taken: 1.8143
Root visits: 124
New playouts: 124
NN rows: 3
NN batches: 2
NN avg batch size: 1.5
PlayoutDoublingAdvantage: -2.75
PV: pass D1
Tree:
: T 107.49c W 100.00c S   5.60c (+326.2 L +326.8) N     124  --  pass D1
---Black(^)---
pss : T 120.65c W 100.00c S  20.25c (+342.8 L +341.8) LCB  117.97c P 14.19% WF 308.4 PSV     288 N      57  --  pass D1
G4  : T  88.42c W 100.00c S -11.58c (+302.5 L +305.8) LCB -261.72c P  4.60% WF   3.3 PSV       2 N       1  --  G4
S5  : T  88.48c W 100.00c S -11.52c (+302.7 L +306.1) LCB -261.67c P  4.46% WF   3.2 PSV       2 N       1  --  S5
G3  : T  88.19c W 100.00c S -11.81c (+301.6 L +304.7) LCB -261.81c P  4.44% WF   3.2 PSV       2 N       1  --  G3
N3  : T  88.06c W 100.00c S -11.94c (+301.3 L +304.3) LCB -261.94c P  4.12% WF   3.3 PSV       1 N       1  --  N3
T6  : T  88.15c W 100.00c S -11.85c (+301.5 L +304.7) LCB -261.85c P  3.23% WF   3.3 PSV       1 N       1  --  T6
Q19 : T  88.12c W 100.00c S -11.88c (+301.4 L +304.3) LCB -261.88c P  3.16% WF   3.3 PSV       1 N       1  --  Q19
P18 : T  88.30c W 100.00c S -11.70c (+301.9 L +305.1) LCB -261.70c P  2.97% WF   3.3 PSV       1 N       1  --  P18
T4  : T  87.99c W 100.00c S -12.01c (+300.8 L +304.0) LCB -262.01c P  2.85% WF   3.3 PSV       1 N       1  --  T4
P7  : T  88.05c W 100.00c S -11.95c (+301.2 L +304.2) LCB -261.95c P  1.98% WF   3.3 PSV       0 N       1  --  P7

2025-11-16 20:50:25-0500: play pass
2025-11-16 20:50:25-0500: Controller: kata-set-param maxVisits 100
2025-11-16 20:50:25-0500: = 
2025-11-16 20:50:25-0500: Controller: kata-genmove_analyze b
2025-11-16 20:50:25-0500: =
2025-11-16 20:50:25-0500: MoveNum: 0 HASH: 2AC48FEDA2836BF9D86FF1ECBFDBF3FA
   A B C D E F G H J K L M N O P Q R S T
19 . . . . . . . . . . . . . . X . . X .
18 X X X X . . . . . . . . . . . X X . X
17 . . . X . . . . . . X . . . . X . X .
16 . . . X X . . . . X X . . . . X X . .
15 . . . X . . . . . . . . . . . X . . .
14 . . . . . . . . . . . . . . . X . . .
13 . . . . . . . . . . . . . . . . . . .
12 . . . . . . . . . X . . . . . . . . .
11 . . X X . . . . . X . . . . . . . . .
10 . . X . . . . . . X . . . . . X X X .
 9 . . . . . . . . . . . . . . . X . X X
 8 . . . . . . . . . . . . . . X . X . .
 7 . . . . . . . . . X . . . . . X X X X
 6 . . . X . . . X X X . . . . . X . . .
 5 . . . X . . . X . X . . . . . X . . X
 4 . . . X . . . . X X X . . . . X X . .
 3 . X X X X X . X X . X X . . . X X X X
 2 . X . . X . X . X X X . X . . X . X .
 1 X X . . . X X X . . . X . . . . X . .

koPOSITIONALscoreAREAtaxNONEsui1komi7.5
Time taken: 0.00220465
Root visits: 42
New playouts: 42
NN rows: 0
NN batches: 0
NN avg batch size: -nan
PlayoutDoublingAdvantage: -2.75
PV: pass pass
Tree:
: T  92.04c W 100.00c S  -7.80c (+306.7 L +309.3) N      42  --  pass pass
---Black(^)---
pss : T 115.89c W 100.00c S  13.08c (+337.4 L +338.4) LCB  -76.51c P 14.19% WF  12.6 PSV      12 N       2  --  pass pass
G4  : T  88.42c W 100.00c S -11.58c (+302.5 L +305.8) LCB -261.72c P  4.60% WF   3.6 PSV       0 N       1  --  G4
S5  : T  88.48c W 100.00c S -11.52c (+302.7 L +306.1) LCB -261.67c P  4.46% WF   3.5 PSV       0 N       1  --  S5
G3  : T  88.19c W 100.00c S -11.81c (+301.6 L +304.7) LCB -261.81c P  4.44% WF   3.5 PSV       0 N       1  --  G3
N3  : T  88.06c W 100.00c S -11.94c (+301.3 L +304.3) LCB -261.94c P  4.12% WF   3.6 PSV       0 N       1  --  N3
T6  : T  88.15c W 100.00c S -11.85c (+301.5 L +304.7) LCB -261.85c P  3.23% WF   3.6 PSV       0 N       1  --  T6
Q19 : T  88.12c W 100.00c S -11.88c (+301.4 L +304.3) LCB -261.88c P  3.16% WF   3.6 PSV       0 N       1  --  Q19
P18 : T  88.30c W 100.00c S -11.70c (+301.9 L +305.1) LCB -261.70c P  2.97% WF   3.6 PSV       0 N       1  --  P18
T4  : T  87.99c W 100.00c S -12.01c (+300.8 L +304.0) LCB -262.01c P  2.85% WF   3.6 PSV       0 N       1  --  T4
P7  : T  88.05c W 100.00c S -11.95c (+301.2 L +304.2) LCB -261.95c P  1.98% WF   3.6 PSV       0 N       1  --  P7

2025-11-16 20:50:25-0500: play pass
2025-11-16 20:50:25-0500: Controller: kata-set-param maxVisits 100
2025-11-16 20:50:25-0500: = 
2025-11-16 20:50:25-0500: Controller: kata-genmove_analyze b
2025-11-16 20:50:25-0500: =
2025-11-16 20:50:25-0500: MoveNum: 0 HASH: 2AC48FEDA2836BF9D86FF1ECBFDBF3FA
   A B C D E F G H J K L M N O P Q R S T
19 . . . . . . . . . . . . . . X . . X .
18 X X X X . . . . . . . . . . . X X . X
17 . . . X . . . . . . X . . . . X . X .
16 . . . X X . . . . X X . . . . X X . .
15 . . . X . . . . . . . . . . . X . . .
14 . . . . . . . . . . . . . . . X . . .
13 . . . . . . . . . . . . . . . . . . .
12 . . . . . . . . . X . . . . . . . . .
11 . . X X . . . . . X . . . . . . . . .
10 . . X . . . . . . X . . . . . X X X .
 9 . . . . . . . . . . . . . . . X . X X
 8 . . . . . . . . . . . . . . X . X . .
 7 . . . . . . . . . X . . . . . X X X X
 6 . . . X . . . X X X . . . . . X . . .
 5 . . . X . . . X . X . . . . . X . . X
 4 . . . X . . . . X X X . . . . X X . .
 3 . X X X X X . X X . X X . . . X X X X
 2 . X . . X . X . X X X . X . . X . X .
 1 X X . . . X X X . . . X . . . . X . .

koPOSITIONALscoreAREAtaxNONEsui1komi7.5
Time taken: 0.00149983
Root visits: 43
New playouts: 43
NN rows: 0
NN batches: 0
NN avg batch size: -nan
PlayoutDoublingAdvantage: -2.75
PV: pass S5
Tree:
: T  94.37c W 100.00c S  -5.59c (+309.6 L +311.9) N      43  --  pass S5
---Black(^)---
pss : T 117.65c W 100.00c S  15.21c (+339.3 L +338.8) LCB   57.34c P 14.19% WF  24.2 PSV      22 N       4  --  pass S5
G4  : T  88.42c W 100.00c S -11.58c (+302.5 L +305.8) LCB -261.72c P  4.60% WF   3.5 PSV       0 N       1  --  G4
S5  : T  88.48c W 100.00c S -11.52c (+302.7 L +306.1) LCB -261.67c P  4.46% WF   3.5 PSV       0 N       1  --  S5
G3  : T  88.19c W 100.00c S -11.81c (+301.6 L +304.7) LCB -261.81c P  4.44% WF   3.5 PSV       0 N       1  --  G3
N3  : T  88.06c W 100.00c S -11.94c (+301.3 L +304.3) LCB -261.94c P  4.12% WF   3.6 PSV       0 N       1  --  N3
T6  : T  88.15c W 100.00c S -11.85c (+301.5 L +304.7) LCB -261.85c P  3.23% WF   3.5 PSV       0 N       1  --  T6
Q19 : T  88.12c W 100.00c S -11.88c (+301.4 L +304.3) LCB -261.88c P  3.16% WF   3.6 PSV       0 N       1  --  Q19
P18 : T  88.30c W 100.00c S -11.70c (+301.9 L +305.1) LCB -261.70c P  2.97% WF   3.5 PSV       0 N       1  --  P18
T4  : T  87.99c W 100.00c S -12.01c (+300.8 L +304.0) LCB -262.01c P  2.85% WF   3.6 PSV       0 N       1  --  T4
P7  : T  88.05c W 100.00c S -11.95c (+301.2 L +304.2) LCB -261.95c P  1.98% WF   3.6 PSV       0 N       1  --  P7

2025-11-16 20:50:25-0500: play pass
2025-11-16 20:50:25-0500: Controller: kata-set-param maxVisits 100
2025-11-16 20:50:25-0500: = 
2025-11-16 20:50:25-0500: Controller: kata-genmove_analyze b
2025-11-16 20:50:25-0500: =
2025-11-16 20:50:25-0500: MoveNum: 0 HASH: 2AC48FEDA2836BF9D86FF1ECBFDBF3FA
   A B C D E F G H J K L M N O P Q R S T
19 . . . . . . . . . . . . . . X . . X .
18 X X X X . . . . . . . . . . . X X . X
17 . . . X . . . . . . X . . . . X . X .
16 . . . X X . . . . X X . . . . X X . .
15 . . . X . . . . . . . . . . . X . . .
14 . . . . . . . . . . . . . . . X . . .
13 . . . . . . . . . . . . . . . . . . .
12 . . . . . . . . . X . . . . . . . . .
11 . . X X . . . . . X . . . . . . . . .
10 . . X . . . . . . X . . . . . X X X .
 9 . . . . . . . . . . . . . . . X . X X
 8 . . . . . . . . . . . . . . X . X . .
 7 . . . . . . . . . X . . . . . X X X X
 6 . . . X . . . X X X . . . . . X . . .
 5 . . . X . . . X . X . . . . . X . . X
 4 . . . X . . . . X X X . . . . X X . .
 3 . X X X X X . X X . X X . . . X X X X
 2 . X . . X . X . X X X . X . . X . X .
 1 X X . . . X X X . . . X . . . . X . .

koPOSITIONALscoreAREAtaxNONEsui1komi7.5
Time taken: 0.00133811
Root visits: 43
New playouts: 43
NN rows: 0
NN batches: 0
NN avg batch size: -nan
PlayoutDoublingAdvantage: -2.75
PV: pass G18
Tree:
: T  93.20c W 100.00c S  -6.66c (+308.1 L +310.7) N      43  --  pass G18
---Black(^)---
pss : T 117.52c W 100.00c S  14.75c (+339.3 L +339.7) LCB   17.60c P 14.19% WF  18.1 PSV      17 N       3  --  pass G18
G4  : T  88.42c W 100.00c S -11.58c (+302.5 L +305.8) LCB -261.72c P  4.60% WF   3.6 PSV       0 N       1  --  G4
S5  : T  88.48c W 100.00c S -11.52c (+302.7 L +306.1) LCB -261.67c P  4.46% WF   3.5 PSV       0 N       1  --  S5
G3  : T  88.19c W 100.00c S -11.81c (+301.6 L +304.7) LCB -261.81c P  4.44% WF   3.5 PSV       0 N       1  --  G3
N3  : T  88.06c W 100.00c S -11.94c (+301.3 L +304.3) LCB -261.94c P  4.12% WF   3.6 PSV       0 N       1  --  N3
T6  : T  88.15c W 100.00c S -11.85c (+301.5 L +304.7) LCB -261.85c P  3.23% WF   3.5 PSV       0 N       1  --  T6
Q19 : T  88.12c W 100.00c S -11.88c (+301.4 L +304.3) LCB -261.88c P  3.16% WF   3.6 PSV       0 N       1  --  Q19
P18 : T  88.30c W 100.00c S -11.70c (+301.9 L +305.1) LCB -261.70c P  2.97% WF   3.6 PSV       0 N       1  --  P18
T4  : T  87.99c W 100.00c S -12.01c (+300.8 L +304.0) LCB -262.01c P  2.85% WF   3.6 PSV       0 N       1  --  T4
P7  : T  88.05c W 100.00c S -11.95c (+301.2 L +304.2) LCB -261.95c P  1.98% WF   3.6 PSV       0 N       1  --  P7

2025-11-16 20:50:25-0500: play pass
2025-11-16 20:50:25-0500: Controller: kata-set-param maxVisits 300
2025-11-16 20:50:25-0500: = 
2025-11-16 20:50:25-0500: Controller: kata-genmove_analyze b
2025-11-16 20:50:25-0500: =
2025-11-16 20:50:25-0500: MoveNum: 0 HASH: 2AC48FEDA2836BF9D86FF1ECBFDBF3FA
   A B C D E F G H J K L M N O P Q R S T
19 . . . . . . . . . . . . . . X . . X .
18 X X X X . . . . . . . . . . . X X . X
17 . . . X . . . . . . X . . . . X . X .
16 . . . X X . . . . X X . . . . X X . .
15 . . . X . . . . . . . . . . . X . . .
14 . . . . . . . . . . . . . . . X . . .
13 . . . . . . . . . . . . . . . . . . .
12 . . . . . . . . . X . . . . . . . . .
11 . . X X . . . . . X . . . . . . . . .
10 . . X . . . . . . X . . . . . X X X .
 9 . . . . . . . . . . . . . . . X . X X
 8 . . . . . . . . . . . . . . X . X . .
 7 . . . . . . . . . X . . . . . X X X X
 6 . . . X . . . X X X . . . . . X . . .
 5 . . . X . . . X . X . . . . . X . . X
 4 . . . X . . . . X X X . . . . X X . .
 3 . X X X X X . X X . X X . . . X X X X
 2 . X . . X . X . X X X . X . . X . X .
 1 X X . . . X X X . . . X . . . . X . .

koPOSITIONALscoreAREAtaxNONEsui1komi7.5
Time taken: 0.00339688
Root visits: 124
New playouts: 124
NN rows: 0
NN batches: 0
NN avg batch size: -nan
PlayoutDoublingAdvantage: -2.75
PV: pass D1
Tree:
: T 106.74c W 100.00c S   4.97c (+325.2 L +326.0) N     124  --  pass D1
---Black(^)---
pss : T 120.64c W 100.00c S  20.22c (+342.8 L +341.8) LCB  117.81c P 14.19% WF 293.8 PSV     273 N      54  --  pass D1
G4  : T  88.42c W 100.00c S -11.58c (+302.5 L +305.8) LCB -261.72c P  4.60% WF   3.3 PSV       2 N       1  --  G4
S5  : T  88.48c W 100.00c S -11.52c (+302.7 L +306.1) LCB -261.67c P  4.46% WF   3.2 PSV       2 N       1  --  S5
G3  : T  88.19c W 100.00c S -11.81c (+301.6 L +304.7) LCB -261.81c P  4.44% WF   3.2 PSV       2 N       1  --  G3
N3  : T  88.06c W 100.00c S -11.94c (+301.3 L +304.3) LCB -261.94c P  4.12% WF   3.3 PSV       1 N       1  --  N3
T6  : T  88.15c W 100.00c S -11.85c (+301.5 L +304.7) LCB -261.85c P  3.23% WF   3.3 PSV       1 N       1  --  T6
Q19 : T  88.12c W 100.00c S -11.88c (+301.4 L +304.3) LCB -261.88c P  3.16% WF   3.3 PSV       1 N       1  --  Q19
P18 : T  88.30c W 100.00c S -11.70c (+301.9 L +305.1) LCB -261.70c P  2.97% WF   3.3 PSV       1 N       1  --  P18
T4  : T  87.99c W 100.00c S -12.01c (+300.8 L +304.0) LCB -262.01c P  2.85% WF   3.3 PSV       1 N       1  --  T4
P7  : T  88.05c W 100.00c S -11.95c (+301.2 L +304.2) LCB -261.95c P  1.98% WF   3.3 PSV       0 N       1  --  P7

2025-11-16 20:50:25-0500: play pass
2025-11-16 20:50:25-0500: Controller: kata-set-param maxVisits 100
2025-11-16 20:50:25-0500: = 
2025-11-16 20:50:25-0500: Controller: kata-genmove_analyze b
2025-11-16 20:50:25-0500: =
2025-11-16 20:50:25-0500: MoveNum: 0 HASH: 2AC48FEDA2836BF9D86FF1ECBFDBF3FA
   A B C D E F G H J K L M N O P Q R S T
19 . . . . . . . . . . . . . . X . . X .
18 X X X X . . . . . . . . . . . X X . X
17 . . . X . . . . . . X . . . . X . X .
16 . . . X X . . . . X X . . . . X X . .
15 . . . X . . . . . . . . . . . X . . .
14 . . . . . . . . . . . . . . . X . . .
13 . . . . . . . . . . . . . . . . . . .
12 . . . . . . . . . X . . . . . . . . .
11 . . X X . . . . . X . . . . . . . . .
10 . . X . . . . . . X . . . . . X X X .
 9 . . . . . . . . . . . . . . . X . X X
 8 . . . . . . . . . . . . . . X . X . .
 7 . . . . . . . . . X . . . . . X X X X
 6 . . . X . . . X X X . . . . . X . . .
 5 . . . X . . . X . X . . . . . X . . X
 4 . . . X . . . . X X X . . . . X X . .
 3 . X X X X X . X X . X X . . . X X X X
 2 . X . . X . X . X X X . X . . X . X .
 1 X X . . . X X X . . . X . . . . X . .

koPOSITIONALscoreAREAtaxNONEsui1komi7.5
Time taken: 0.00195682
Root visits: 43
New playouts: 43
NN rows: 0
NN batches: 0
NN avg batch size: -nan
PlayoutDoublingAdvantage: -2.75
PV: pass S5
Tree:
: T  94.37c W 100.00c S  -5.59c (+309.6 L +311.9) N      43  --  pass S5
---Black(^)---
pss : T 117.65c W 100.00c S  15.21c (+339.3 L +338.8) LCB   57.34c P 14.19% WF  24.2 PSV      22 N       4  --  pass S5
G4  : T  88.42c W 100.00c S -11.58c (+302.5 L +305.8) LCB -261.72c P  4.60% WF   3.5 PSV       0 N       1  --  G4
S5  : T  88.48c W 100.00c S -11.52c (+302.7 L +306.1) LCB -261.67c P  4.46% WF   3.5 PSV       0 N       1  --  S5
G3  : T  88.19c W 100.00c S -11.81c (+301.6 L +304.7) LCB -261.81c P  4.44% WF   3.5 PSV       0 N       1  --  G3
N3  : T  88.06c W 100.00c S -11.94c (+301.3 L +304.3) LCB -261.94c P  4.12% WF   3.6 PSV       0 N       1  --  N3
T6  : T  88.15c W 100.00c S -11.85c (+301.5 L +304.7) LCB -261.85c P  3.23% WF   3.5 PSV       0 N       1  --  T6
Q19 : T  88.12c W 100.00c S -11.88c (+301.4 L +304.3) LCB -261.88c P  3.16% WF   3.6 PSV       0 N       1  --  Q19
P18 : T  88.30c W 100.00c S -11.70c (+301.9 L +305.1) LCB -261.70c P  2.97% WF   3.5 PSV       0 N       1  --  P18
T4  : T  87.99c W 100.00c S -12.01c (+300.8 L +304.0) LCB -262.01c P  2.85% WF   3.6 PSV       0 N       1  --  T4
P7  : T  88.05c W 100.00c S -11.95c (+301.2 L +304.2) LCB -261.95c P  1.98% WF   3.6 PSV       0 N       1  --  P7

2025-11-16 20:50:25-0500: play pass
2025-11-16 20:50:25-0500: Controller: kata-set-param maxVisits 100
2025-11-16 20:50:25-0500: = 
2025-11-16 20:50:25-0500: Controller: kata-genmove_analyze b
2025-11-16 20:50:25-0500: =
2025-11-16 20:50:25-0500: MoveNum: 0 HASH: 2AC48FEDA2836BF9D86FF1ECBFDBF3FA
   A B C D E F G H J K L M N O P Q R S T
19 . . . . . . . . . . . . . . X . . X .
18 X X X X . . . . . . . . . . . X X . X
17 . . . X . . . . . . X . . . . X . X .
16 . . . X X . . . . X X . . . . X X . .
15 . . . X . . . . . . . . . . . X . . .
14 . . . . . . . . . . . . . . . X . . .
13 . . . . . . . . . . . . . . . . . . .
12 . . . . . . . . . X . . . . . . . . .
11 . . X X . . . . . X . . . . . . . . .
10 . . X . . . . . . X . . . . . X X X .
 9 . . . . . . . . . . . . . . . X . X X
 8 . . . . . . . . . . . . . . X . X . .
 7 . . . . . . . . . X . . . . . X X X X
 6 . . . X . . . X X X . . . . . X . . .
 5 . . . X . . . X . X . . . . . X . . X
 4 . . . X . . . . X X X . . . . X X . .
 3 . X X X X X . X X . X X . . . X X X X
 2 . X . . X . X . X X X . X . . X . X .
 1 X X . . . X X X . . . X . . . . X . .

koPOSITIONALscoreAREAtaxNONEsui1komi7.5
Time taken: 0.00152618
Root visits: 43
New playouts: 43
NN rows: 0
NN batches: 0
NN avg batch size: -nan
PlayoutDoublingAdvantage: -2.75
PV: pass G18
Tree:
: T  93.20c W 100.00c S  -6.66c (+308.1 L +310.7) N      43  --  pass G18
---Black(^)---
pss : T 117.52c W 100.00c S  14.75c (+339.3 L +339.7) LCB   17.60c P 14.19% WF  18.1 PSV      17 N       3  --  pass G18
G4  : T  88.42c W 100.00c S -11.58c (+302.5 L +305.8) LCB -261.72c P  4.60% WF   3.6 PSV       0 N       1  --  G4
S5  : T  88.48c W 100.00c S -11.52c (+302.7 L +306.1) LCB -261.67c P  4.46% WF   3.5 PSV       0 N       1  --  S5
G3  : T  88.19c W 100.00c S -11.81c (+301.6 L +304.7) LCB -261.81c P  4.44% WF   3.5 PSV       0 N       1  --  G3
N3  : T  88.06c W 100.00c S -11.94c (+301.3 L +304.3) LCB -261.94c P  4.12% WF   3.6 PSV       0 N       1  --  N3
T6  : T  88.15c W 100.00c S -11.85c (+301.5 L +304.7) LCB -261.85c P  3.23% WF   3.5 PSV       0 N       1  --  T6
Q19 : T  88.12c W 100.00c S -11.88c (+301.4 L +304.3) LCB -261.88c P  3.16% WF   3.6 PSV       0 N       1  --  Q19
P18 : T  88.30c W 100.00c S -11.70c (+301.9 L +305.1) LCB -261.70c P  2.97% WF   3.6 PSV       0 N       1  --  P18
T4  : T  87.99c W 100.00c S -12.01c (+300.8 L +304.0) LCB -262.01c P  2.85% WF   3.6 PSV       0 N       1  --  T4
P7  : T  88.05c W 100.00c S -11.95c (+301.2 L +304.2) LCB -261.95c P  1.98% WF   3.6 PSV       0 N       1  --  P7

2025-11-16 20:50:25-0500: play pass
2025-11-16 20:50:25-0500: Controller: kata-set-param maxVisits 300
2025-11-16 20:50:25-0500: = 
2025-11-16 20:50:25-0500: Controller: kata-genmove_analyze b
2025-11-16 20:50:25-0500: =
2025-11-16 20:50:26-0500: MoveNum: 0 HASH: 2AC48FEDA2836BF9D86FF1ECBFDBF3FA
   A B C D E F G H J K L M N O P Q R S T
19 . . . . . . . . . . . . . . X . . X .
18 X X X X . . . . . . . . . . . X X . X
17 . . . X . . . . . . X . . . . X . X .
16 . . . X X . . . . X X . . . . X X . .
15 . . . X . . . . . . . . . . . X . . .
14 . . . . . . . . . . . . . . . X . . .
13 . . . . . . . . . . . . . . . . . . .
12 . . . . . . . . . X . . . . . . . . .
11 . . X X . . . . . X . . . . . . . . .
10 . . X . . . . . . X . . . . . X X X .
 9 . . . . . . . . . . . . . . . X . X X
 8 . . . . . . . . . . . . . . X . X . .
 7 . . . . . . . . . X . . . . . X X X X
 6 . . . X . . . X X X . . . . . X . . .
 5 . . . X . . . X . X . . . . . X . . X
 4 . . . X . . . . X X X . . . . X X . .
 3 . X X X X X . X X . X X . . . X X X X
 2 . X . . X . X . X X X . X . . X . X .
 1 X X . . . X X X . . . X . . . . X . .

koPOSITIONALscoreAREAtaxNONEsui1komi7.5
Time taken: 0.998996
Root visits: 124
New playouts: 124
NN rows: 2
NN batches: 2
NN avg batch size: 1
PlayoutDoublingAdvantage: -2.75
PV: pass D1
Tree:
: T 108.00c W 100.00c S   6.03c (+326.8 L +327.4) N     124  --  pass D1
---Black(^)---
pss : T 120.67c W 100.00c S  20.28c (+342.9 L +341.8) LCB  118.08c P 14.19% WF 318.4 PSV     298 N      59  --  pass D1
G4  : T  88.42c W 100.00c S -11.58c (+302.5 L +305.8) LCB -261.72c P  4.60% WF   3.3 PSV       2 N       1  --  G4
S5  : T  88.48c W 100.00c S -11.52c (+302.7 L +306.1) LCB -261.67c P  4.46% WF   3.2 PSV       2 N       1  --  S5
G3  : T  88.19c W 100.00c S -11.81c (+301.6 L +304.7) LCB -261.81c P  4.44% WF   3.2 PSV       2 N       1  --  G3
N3  : T  88.06c W 100.00c S -11.94c (+301.3 L +304.3) LCB -261.94c P  4.12% WF   3.3 PSV       1 N       1  --  N3
T6  : T  88.15c W 100.00c S -11.85c (+301.5 L +304.7) LCB -261.85c P  3.23% WF   3.3 PSV       1 N       1  --  T6
Q19 : T  88.12c W 100.00c S -11.88c (+301.4 L +304.3) LCB -261.88c P  3.16% WF   3.3 PSV       1 N       1  --  Q19
P18 : T  88.30c W 100.00c S -11.70c (+301.9 L +305.1) LCB -261.70c P  2.97% WF   3.3 PSV       1 N       1  --  P18
T4  : T  87.99c W 100.00c S -12.01c (+300.8 L +304.0) LCB -262.01c P  2.85% WF   3.3 PSV       1 N       1  --  T4
P7  : T  88.05c W 100.00c S -11.95c (+301.2 L +304.2) LCB -261.95c P  1.98% WF   3.3 PSV       0 N       1  --  P7

2025-11-16 20:50:26-0500: play pass
2025-11-16 20:50:26-0500: Controller: kata-set-param maxVisits 100
2025-11-16 20:50:26-0500: = 
2025-11-16 20:50:26-0500: Controller: kata-genmove_analyze b
2025-11-16 20:50:26-0500: =
2025-11-16 20:50:26-0500: MoveNum: 0 HASH: 2AC48FEDA2836BF9D86FF1ECBFDBF3FA
   A B C D E F G H J K L M N O P Q R S T
19 . . . . . . . . . . . . . . X . . X .
18 X X X X . . . . . . . . . . . X X . X
17 . . . X . . . . . . X . . . . X . X .
16 . . . X X . . . . X X . . . . X X . .
15 . . . X . . . . . . . . . . . X . . .
14 . . . . . . . . . . . . . . . X . . .
13 . . . . . . . . . . . . . . . . . . .
12 . . . . . . . . . X . . . . . . . . .
11 . . X X . . . . . X . . . . . . . . .
10 . . X . . . . . . X . . . . . X X X .
 9 . . . . . . . . . . . . . . . X . X X
 8 . . . . . . . . . . . . . . X . X . .
 7 . . . . . . . . . X . . . . . X X X X
 6 . . . X . . . X X X . . . . . X . . .
 5 . . . X . . . X . X . . . . . X . . X
 4 . . . X . . . . X X X . . . . X X . .
 3 . X X X X X . X X . X X . . . X X X X
 2 . X . . X . X . X X X . X . . X . X .
 1 X X . . . X X X . . . X . . . . X . .

koPOSITIONALscoreAREAtaxNONEsui1komi7.5
Time taken: 0.00244677
Root visits: 43
New playouts: 43
NN rows: 0
NN batches: 0
NN avg batch size: -nan
PlayoutDoublingAdvantage: -2.75
PV: pass S5
Tree:
: T  94.37c W 100.00c S  -5.59c (+309.6 L +311.9) N      43  --  pass S5
---Black(^)---
pss : T 117.65c W 100.00c S  15.21c (+339.3 L +338.8) LCB   57.34c P 14.19% WF  24.2 PSV      22 N       4  --  pass S5
G4  : T  88.42c W 100.00c S -11.58c (+302.5 L +305.8) LCB -261.72c P  4.60% WF   3.5 PSV       0 N       1  --  G4
S5  : T  88.48c W 100.00c S -11.52c (+302.7 L +306.1) LCB -261.67c P  4.46% WF   3.5 PSV       0 N       1  --  S5
G3  : T  88.19c W 100.00c S -11.81c (+301.6 L +304.7) LCB -261.81c P  4.44% WF   3.5 PSV       0 N       1  --  G3
N3  : T  88.06c W 100.00c S -11.94c (+301.3 L +304.3) LCB -261.94c P  4.12% WF   3.6 PSV       0 N       1  --  N3
T6  : T  88.15c W 100.00c S -11.85c (+301.5 L +304.7) LCB -261.85c P  3.23% WF   3.5 PSV       0 N       1  --  T6
Q19 : T  88.12c W 100.00c S -11.88c (+301.4 L +304.3) LCB -261.88c P  3.16% WF   3.6 PSV       0 N       1  --  Q19
P18 : T  88.30c W 100.00c S -11.70c (+301.9 L +305.1) LCB -261.70c P  2.97% WF   3.5 PSV       0 N       1  --  P18
T4  : T  87.99c W 100.00c S -12.01c (+300.8 L +304.0) LCB -262.01c P  2.85% WF   3.6 PSV       0 N       1  --  T4
P7  : T  88.05c W 100.00c S -11.95c (+301.2 L +304.2) LCB -261.95c P  1.98% WF   3.6 PSV       0 N       1  --  P7

2025-11-16 20:50:26-0500: play pass
2025-11-16 20:50:26-0500: Controller: kata-set-param maxVisits 300
2025-11-16 20:50:26-0500: = 
2025-11-16 20:50:26-0500: Controller: kata-genmove_analyze b
2025-11-16 20:50:26-0500: =
2025-11-16 20:50:26-0500: MoveNum: 0 HASH: 2AC48FEDA2836BF9D86FF1ECBFDBF3FA
   A B C D E F G H J K L M N O P Q R S T
19 . . . . . . . . . . . . . . X . . X .
18 X X X X . . . . . . . . . . . X X . X
17 . . . X . . . . . . X . . . . X . X .
16 . . . X X . . . . X X . . . . X X . .
15 . . . X . . . . . . . . . . . X . . .
14 . . . . . . . . . . . . . . . X . . .
13 . . . . . . . . . . . . . . . . . . .
12 . . . . . . . . . X . . . . . . . . .
11 . . X X . . . . . X . . . . . . . . .
10 . . X . . . . . . X . . . . . X X X .
 9 . . . . . . . . . . . . . . . X . X X
 8 . . . . . . . . . . . . . . X . X . .
 7 . . . . . . . . . X . . . . . X X X X
 6 . . . X . . . X X X . . . . . X . . .
 5 . . . X . . . X . X . . . . . X . . X
 4 . . . X . . . . X X X . . . . X X . .
 3 . X X X X X . X X . X X . . . X X X X
 2 . X . . X . X . X X X . X . . X . X .
 1 X X . . . X X X . . . X . . . . X . .

koPOSITIONALscoreAREAtaxNONEsui1komi7.5
Time taken: 0.00277608
Root visits: 124
New playouts: 124
NN rows: 0
NN batches: 0
NN avg batch size: -nan
PlayoutDoublingAdvantage: -2.75
PV: pass D1
Tree:
: T 107.49c W 100.00c S   5.60c (+326.2 L +326.8) N     124  --  pass D1
---Black(^)---
pss : T 120.65c W 100.00c S  20.25c (+342.8 L +341.8) LCB  117.97c P 14.19% WF 308.4 PSV     288 N      57  --  pass D1
G4  : T  88.42c W 100.00c S -11.58c (+302.5 L +305.8) LCB -261.72c P  4.60% WF   3.3 PSV       2 N       1  --  G4
S5  : T  88.48c W 100.00c S -11.52c (+302.7 L +306.1) LCB -261.67c P  4.46% WF   3.2 PSV       2 N       1  --  S5
G3  : T  88.19c W 100.00c S -11.81c (+301.6 L +304.7) LCB -261.81c P  4.44% WF   3.2 PSV       2 N       1  --  G3
N3  : T  88.06c W 100.00c S -11.94c (+301.3 L +304.3) LCB -261.94c P  4.12% WF   3.3 PSV       1 N       1  --  N3
T6  : T  88.15c W 100.00c S -11.85c (+301.5 L +304.7) LCB -261.85c P  3.23% WF   3.3 PSV       1 N       1  --  T6
Q19 : T  88.12c W 100.00c S -11.88c (+301.4 L +304.3) LCB -261.88c P  3.16% WF   3.3 PSV       1 N       1  --  Q19
P18 : T  88.30c W 100.00c S -11.70c (+301.9 L +305.1) LCB -261.70c P  2.97% WF   3.3 PSV       1 N       1  --  P18
T4  : T  87.99c W 100.00c S -12.01c (+300.8 L +304.0) LCB -262.01c P  2.85% WF   3.3 PSV       1 N       1  --  T4
P7  : T  88.05c W 100.00c S -11.95c (+301.2 L +304.2) LCB -261.95c P  1.98% WF   3.3 PSV       0 N       1  --  P7

2025-11-16 20:50:26-0500: play pass
2025-11-16 20:50:26-0500: Controller: kata-set-param maxVisits 300
2025-11-16 20:50:26-0500: = 
2025-11-16 20:50:26-0500: Controller: kata-genmove_analyze b
2025-11-16 20:50:26-0500: =
2025-11-16 20:50:28-0500: MoveNum: 0 HASH: 2AC48FEDA2836BF9D86FF1ECBFDBF3FA
   A B C D E F G H J K L M N O P Q R S T
19 . . . . . . . . . . . . . . X . . X .
18 X X X X . . . . . . . . . . . X X . X
17 . . . X . . . . . . X . . . . X . X .
16 . . . X X . . . . X X . . . . X X . .
15 . . . X . . . . . . . . . . . X . . .
14 . . . . . . . . . . . . . . . X . . .
13 . . . . . . . . . . . . . . . . . . .
12 . . . . . . . . . X . . . . . . . . .
11 . . X X . . . . . X . . . . . . . . .
10 . . X . . . . . . X . . . . . X X X .
 9 . . . . . . . . . . . . . . . X . X X
 8 . . . . . . . . . . . . . . X . X . .
 7 . . . . . . . . . X . . . . . X X X X
 6 . . . X . . . X X X . . . . . X . . .
 5 . . . X . . . X . X . . . . . X . . X
 4 . . . X . . . . X X X . . . . X X . .
 3 . X X X X X . X X . X X . . . X X X X
 2 . X . . X . X . X X X . X . . X . X .
 1 X X . . . X X X . . . X . . . . X . .

koPOSITIONALscoreAREAtaxNONEsui1komi7.5
Time taken: 1.61572
Root visits: 134
New playouts: 134
NN rows: 13
NN batches: 10
NN avg batch size: 1.3
PlayoutDoublingAdvantage: -2.75
PV: pass S6 T6
Tree:
: T 108.88c W 100.00c S   7.04c (+328.3 L +328.7) N     134  --  pass S6 T6
---Black(^)---
pss : T 119.55c W 100.00c S  19.16c (+342.0 L +341.1) LCB  115.71c P 14.19% WF 374.4 PSV     354 N      72  --  pass S6 T6
G4  : T  88.42c W 100.00c S -11.58c (+302.5 L +305.8) LCB -261.72c P  4.60% WF   3.3 PSV       2 N       1  --  G4
S5  : T  88.48c W 100.00c S -11.52c (+302.7 L +306.1) LCB -261.67c P  4.46% WF   3.2 PSV       2 N       1  --  S5
G3  : T  88.19c W 100.00c S -11.81c (+301.6 L +304.7) LCB -261.81c P  4.44% WF   3.2 PSV       2 N       1  --  G3
N3  : T  88.06c W 100.00c S -11.94c (+301.3 L +304.3) LCB -261.94c P  4.12% WF   3.3 PSV       2 N       1  --  N3
T6  : T  88.15c W 100.00c S -11.85c (+301.5 L +304.7) LCB -261.85c P  3.23% WF   3.3 PSV       1 N       1  --  T6
Q19 : T  88.12c W 100.00c S -11.88c (+301.4 L +304.3) LCB -261.88c P  3.16% WF   3.3 PSV       1 N       1  --  Q19
P18 : T  88.30c W 100.00c S -11.70c (+301.9 L +305.1) LCB -261.70c P  2.97% WF   3.3 PSV       1 N       1  --  P18
T4  : T  87.99c W 100.00c S -12.01c (+300.8 L +304.0) LCB -262.01c P  2.85% WF   3.3 PSV       1 N       1  --  T4
P7  : T  88.05c W 100.00c S -11.95c (+301.2 L +304.2) LCB -261.95c P  1.98% WF   3.3 PSV       0 N       1  --  P7

2025-11-16 20:50:28-0500: play pass
2025-11-16 20:50:28-0500: Controller: kata-set-param maxVisits 100
2025-11-16 20:50:28-0500: = 
2025-11-16 20:50:28-0500: Controller: kata-genmove_analyze b
2025-11-16 20:50:28-0500: =
2025-11-16 20:50:28-0500: MoveNum: 0 HASH: 2AC48FEDA2836BF9D86FF1ECBFDBF3FA
   A B C D E F G H J K L M N O P Q R S T
19 . . . . . . . . . . . . . . X . . X .
18 X X X X . . . . . . . . . . . X X . X
17 . . . X . . . . . . X . . . . X . X .
16 . . . X X . . . . X X . . . . X X . .
15 . . . X . . . . . . . . . . . X . . .
14 . . . . . . . . . . . . . . . X . . .
13 . . . . . . . . . . . . . . . . . . .
12 . . . . . . . . . X . . . . . . . . .
11 . . X X . . . . . X . . . . . . . . .
10 . . X . . . . . . X . . . . . X X X .
 9 . . . . . . . . . . . . . . . X . X X
 8 . . . . . . . . . . . . . . X . X . .
 7 . . . . . . . . . X . . . . . X X X X
 6 . . . X . . . X X X . . . . . X . . .
 5 . . . X . . . X . X . . . . . X . . X
 4 . . . X . . . . X X X . . . . X X . .
 3 . X X X X X . X X . X X . . . X X X X
 2 . X . . X . X . X X X . X . . X . X .
 1 X X . . . X X X . . . X . . . . X . .

koPOSITIONALscoreAREAtaxNONEsui1komi7.5
Time taken: 0.00171402
Root visits: 42
New playouts: 42
NN rows: 0
NN batches: 0
NN avg batch size: -nan
PlayoutDoublingAdvantage: -2.75
PV: pass pass
Tree:
: T  92.04c W 100.00c S  -7.80c (+306.7 L +309.3) N      42  --  pass pass
---Black(^)---
pss : T 115.89c W 100.00c S  13.08c (+337.4 L +338.4) LCB  -76.51c P 14.19% WF  12.6 PSV      12 N       2  --  pass pass
G4  : T  88.42c W 100.00c S -11.58c (+302.5 L +305.8) LCB -261.72c P  4.60% WF   3.6 PSV       0 N       1  --  G4
S5  : T  88.48c W 100.00c S -11.52c (+302.7 L +306.1) LCB -261.67c P  4.46% WF   3.5 PSV       0 N       1  --  S5
G3  : T  88.19c W 100.00c S -11.81c (+301.6 L +304.7) LCB -261.81c P  4.44% WF   3.5 PSV       0 N       1  --  G3
N3  : T  88.06c W 100.00c S -11.94c (+301.3 L +304.3) LCB -261.94c P  4.12% WF   3.6 PSV       0 N       1  --  N3
T6  : T  88.15c W 100.00c S -11.85c (+301.5 L +304.7) LCB -261.85c P  3.23% WF   3.6 PSV       0 N       1  --  T6
Q19 : T  88.12c W 100.00c S -11.88c (+301.4 L +304.3) LCB -261.88c P  3.16% WF   3.6 PSV       0 N       1  --  Q19
P18 : T  88.30c W 100.00c S -11.70c (+301.9 L +305.1) LCB -261.70c P  2.97% WF   3.6 PSV       0 N       1  --  P18
T4  : T  87.99c W 100.00c S -12.01c (+300.8 L +304.0) LCB -262.01c P  2.85% WF   3.6 PSV       0 N       1  --  T4
P7  : T  88.05c W 100.00c S -11.95c (+301.2 L +304.2) LCB -261.95c P  1.98% WF   3.6 PSV       0 N       1  --  P7

2025-11-16 20:50:28-0500: play pass
2025-11-16 20:50:28-0500: Controller: kata-set-param maxVisits 100
2025-11-16 20:50:28-0500: = 
2025-11-16 20:50:28-0500: Controller: kata-genmove_analyze b
2025-11-16 20:50:28-0500: =
2025-11-16 20:50:28-0500: MoveNum: 0 HASH: 2AC48FEDA2836BF9D86FF1ECBFDBF3FA
   A B C D E F G H J K L M N O P Q R S T
19 . . . . . . . . . . . . . . X . . X .
18 X X X X . . . . . . . . . . . X X . X
17 . . . X . . . . . . X . . . . X . X .
16 . . . X X . . . . X X . . . . X X . .
15 . . . X . . . . . . . . . . . X . . .
14 . . . . . . . . . . . . . . . X . . .
13 . . . . . . . . . . . . . . . . . . .
12 . . . . . . . . . X . . . . . . . . .
11 . . X X . . . . . X . . . . . . . . .
10 . . X . . . . . . X . . . . . X X X .
 9 . . . . . . . . . . . . . . . X . X X
 8 . . . . . . . . . . . . . . X . X . .
 7 . . . . . . . . . X . . . . . X X X X
 6 . . . X . . . X X X . . . . . X . . .
 5 . . . X . . . X . X . . . . . X . . X
 4 . . . X . . . . X X X . . . . X X . .
 3 . X X X X X . X X . X X . . . X X X X
 2 . X . . X . X . X X X . X . . X . X .
 1 X X . . . X X X . . . X . . . . X . .

koPOSITIONALscoreAREAtaxNONEsui1komi7.5
Time taken: 0.00122327
Root visits: 43
New playouts: 43
NN rows: 0
NN batches: 0
NN avg batch size: -nan
PlayoutDoublingAdvantage: -2.75
PV: pass G18
Tree:
: T  93.20c W 100.00c S  -6.66c (+308.1 L +310.7) N      43  --  pass G18
---Black(^)---
pss : T 117.52c W 100.00c S  14.75c (+339.3 L +339.7) LCB   17.60c P 14.19% WF  18.1 PSV      17 N       3  --  pass G18
G4  : T  88.42c W 100.00c S -11.58c (+302.5 L +305.8) LCB -261.72c P  4.60% WF   3.6 PSV       0 N       1  --  G4
S5  : T  88.48c W 100.00c S -11.52c (+302.7 L +306.1) LCB -261.67c P  4.46% WF   3.5 PSV       0 N       1  --  S5
G3  : T  88.19c W 100.00c S -11.81c (+301.6 L +304.7) LCB -261.81c P  4.44% WF   3.5 PSV       0 N       1  --  G3
N3  : T  88.06c W 100.00c S -11.94c (+301.3 L +304.3) LCB -261.94c P  4.12% WF   3.6 PSV       0 N       1  --  N3
T6  : T  88.15c W 100.00c S -11.85c (+301.5 L +304.7) LCB -261.85c P  3.23% WF   3.5 PSV       0 N       1  --  T6
Q19 : T  88.12c W 100.00c S -11.88c (+301.4 L +304.3) LCB -261.88c P  3.16% WF   3.6 PSV       0 N       1  --  Q19
P18 : T  88.30c W 100.00c S -11.70c (+301.9 L +305.1) LCB -261.70c P  2.97% WF   3.6 PSV       0 N       1  --  P18
T4  : T  87.99c W 100.00c S -12.01c (+300.8 L +304.0) LCB -262.01c P  2.85% WF   3.6 PSV       0 N       1  --  T4
P7  : T  88.05c W 100.00c S -11.95c (+301.2 L +304.2) LCB -261.95c P  1.98% WF   3.6 PSV       0 N       1  --  P7

2025-11-16 20:50:28-0500: play pass
2025-11-16 20:50:28-0500: Controller: kata-set-param maxVisits 100
2025-11-16 20:50:28-0500: = 
2025-11-16 20:50:28-0500: Controller: kata-genmove_analyze b
2025-11-16 20:50:28-0500: =
2025-11-16 20:50:28-0500: MoveNum: 0 HASH: 2AC48FEDA2836BF9D86FF1ECBFDBF3FA
   A B C D E F G H J K L M N O P Q R S T
19 . . . . . . . . . . . . . . X . . X .
18 X X X X . . . . . . . . . . . X X . X
17 . . . X . . . . . . X . . . . X . X .
16 . . . X X . . . . X X . . . . X X . .
15 . . . X . . . . . . . . . . . X . . .
14 . . . . . . . . . . . . . . . X . . .
13 . . . . . . . . . . . . . . . . . . .
12 . . . . . . . . . X . . . . . . . . .
11 . . X X . . . . . X . . . . . . . . .
10 . . X . . . . . . X . . . . . X X X .
 9 . . . . . . . . . . . . . . . X . X X
 8 . . . . . . . . . . . . . . X . X . .
 7 . . . . . . . . . X . . . . . X X X X
 6 . . . X . . . X X X . . . . . X . . .
 5 . . . X . . . X . X . . . . . X . . X
 4 . . . X . . . . X X X . . . . X X . .
 3 . X X X X X . X X . X X . . . X X X X
 2 . X . . X . X . X X X . X . . X . X .
 1 X X . . . X X X . . . X . . . . X . .

koPOSITIONALscoreAREAtaxNONEsui1komi7.5
Time taken: 0.0012004
Root visits: 42
New playouts: 42
NN rows: 0
NN batches: 0
NN avg batch size: -nan
PlayoutDoublingAdvantage: -2.75
PV: pass pass
Tree:
: T  92.04c W 100.00c S  -7.80c (+306.7 L +309.3) N      42  --  pass pass
---Black(^)---
pss : T 115.89c W 100.00c S  13.08c (+337.4 L +338.4) LCB  -76.51c P 14.19% WF  12.6 PSV      12 N       2  --  pass pass
G4  : T  88.42c W 100.00c S -11.58c (+302.5 L +305.8) LCB -261.72c P  4.60% WF   3.6 PSV       0 N       1  --  G4
S5  : T  88.48c W 100.00c S -11.52c (+302.7 L +306.1) LCB -261.67c P  4.46% WF   3.5 PSV       0 N       1  --  S5
G3  : T  88.19c W 100.00c S -11.81c (+301.6 L +304.7) LCB -261.81c P  4.44% WF   3.5 PSV       0 N       1  --  G3
N3  : T  88.06c W 100.00c S -11.94c (+301.3 L +304.3) LCB -261.94c P  4.12% WF   3.6 PSV       0 N       1  --  N3
T6  : T  88.15c W 100.00c S -11.85c (+301.5 L +304.7) LCB -261.85c P  3.23% WF   3.6 PSV       0 N       1  --  T6
Q19 : T  88.12c W 100.00c S -11.88c (+301.4 L +304.3) LCB -261.88c P  3.16% WF   3.6 PSV       0 N       1  --  Q19
P18 : T  88.30c W 100.00c S -11.70c (+301.9 L +305.1) LCB -261.70c P  2.97% WF   3.6 PSV       0 N       1  --  P18
T4  : T  87.99c W 100.00c S -12.01c (+300.8 L +304.0) LCB -262.01c P  2.85% WF   3.6 PSV       0 N       1  --  T4
P7  : T  88.05c W 100.00c S -11.95c (+301.2 L +304.2) LCB -261.95c P  1.98% WF   3.6 PSV       0 N       1  --  P7

2025-11-16 20:50:28-0500: play pass
2025-11-16 20:50:28-0500: Controller: kata-set-param maxVisits 100
2025-11-16 20:50:28-0500: = 
2025-11-16 20:50:28-0500: Controller: kata-genmove_analyze b
2025-11-16 20:50:28-0500: =
2025-11-16 20:50:28-0500: MoveNum: 0 HASH: 2AC48FEDA2836BF9D86FF1ECBFDBF3FA
   A B C D E F G H J K L M N O P Q R S T
19 . . . . . . . . . . . . . . X . . X .
18 X X X X . . . . . . . . . . . X X . X
17 . . . X . . . . . . X . . . . X . X .
16 . . . X X . . . . X X . . . . X X . .
15 . . . X . . . . . . . . . . . X . . .
14 . . . . . . . . . . . . . . . X . . .
13 . . . . . . . . . . . . . . . . . . .
12 . . . . . . . . . X . . . . . . . . .
11 . . X X . . . . . X . . . . . . . . .
10 . . X . . . . . . X . . . . . X X X .
 9 . . . . . . . . . . . . . . . X . X X
 8 . . . . . . . . . . . . . . X . X . .
 7 . . . . . . . . . X . . . . . X X X X
 6 . . . X . . . X X X . . . . . X . . .
 5 . . . X . . . X . X . . . . . X . . X
 4 . . . X . . . . X X X . . . . X X . .
 3 . X X X X X . X X . X X . . . X X X X
 2 . X . . X . X . X X X . X . . X . X .
 1 X X . . . X X X . . . X . . . . X . .

koPOSITIONALscoreAREAtaxNONEsui1komi7.5
Time taken: 0.00125409
Root visits: 45
New playouts: 45
NN rows: 0
NN batches: 0
NN avg batch size: -nan
PlayoutDoublingAdvantage: -2.75
PV: pass S5
Tree:
: T  94.13c W 100.00c S  -5.83c (+309.3 L +311.6) N      45  --  pass S5
---Black(^)---
pss : T 117.65c W 100.00c S  15.21c (+339.3 L +338.8) LCB   57.34c P 14.19% WF  24.2 PSV      22 N       4  --  pass S5
G4  : T  88.42c W 100.00c S -11.58c (+302.5 L +305.8) LCB -261.72c P  4.60% WF   3.5 PSV       0 N       1  --  G4
S5  : T  88.48c W 100.00c S -11.52c (+302.7 L +306.1) LCB -261.67c P  4.46% WF   3.5 PSV       0 N       1  --  S5
G3  : T  88.19c W 100.00c S -11.81c (+301.6 L +304.7) LCB -261.81c P  4.44% WF   3.5 PSV       0 N       1  --  G3
N3  : T  88.06c W 100.00c S -11.94c (+301.3 L +304.3) LCB -261.94c P  4.12% WF   3.6 PSV       0 N       1  --  N3
T6  : T  88.15c W 100.00c S -11.85c (+301.5 L +304.7) LCB -261.85c P  3.23% WF   3.5 PSV       0 N       1  --  T6
Q19 : T  88.12c W 100.00c S -11.88c (+301.4 L +304.3) LCB -261.88c P  3.16% WF   3.6 PSV       0 N       1  --  Q19
P18 : T  88.30c W 100.00c S -11.70c (+301.9 L +305.1) LCB -261.70c P  2.97% WF   3.5 PSV       0 N       1  --  P18
T4  : T  87.99c W 100.00c S -12.01c (+300.8 L +304.0) LCB -262.01c P  2.85% WF   3.6 PSV       0 N       1  --  T4
P7  : T  88.05c W 100.00c S -11.95c (+301.2 L +304.2) LCB -261.95c P  1.98% WF   3.6 PSV       0 N       1  --  P7

2025-11-16 20:50:28-0500: play pass
2025-11-16 20:50:28-0500: Controller: kata-set-param maxVisits 300
2025-11-16 20:50:28-0500: = 
2025-11-16 20:50:28-0500: Controller: kata-genmove_analyze b
2025-11-16 20:50:28-0500: =
2025-11-16 20:50:28-0500: MoveNum: 0 HASH: 2AC48FEDA2836BF9D86FF1ECBFDBF3FA
   A B C D E F G H J K L M N O P Q R S T
19 . . . . . . . . . . . . . . X . . X .
18 X X X X . . . . . . . . . . . X X . X
17 . . . X . . . . . . X . . . . X . X .
16 . . . X X . . . . X X . . . . X X . .
15 . . . X . . . . . . . . . . . X . . .
14 . . . . . . . . . . . . . . . X . . .
13 . . . . . . . . . . . . . . . . . . .
12 . . . . . . . . . X . . . . . . . . .
11 . . X X . . . . . X . . . . . . . . .
10 . . X . . . . . . X . . . . . X X X .
 9 . . . . . . . . . . . . . . . X . X X
 8 . . . . . . . . . . . . . . X . X . .
 7 . . . . . . . . . X . . . . . X X X X
 6 . . . X . . . X X X . . . . . X . . .
 5 . . . X . . . X . X . . . . . X . . X
 4 . . . X . . . . X X X . . . . X X . .
 3 . X X X X X . X X . X X . . . X X X X
 2 . X . . X . X . X X X . X . . X . X .
 1 X X . . . X X X . . . X . . . . X . .

koPOSITIONALscoreAREAtaxNONEsui1komi7.5
Time taken: 0.00249324
Root visits: 125
New playouts: 125
NN rows: 0
NN batches: 0
NN avg batch size: -nan
PlayoutDoublingAdvantage: -2.75
PV: pass D1
Tree:
: T 106.63c W 100.00c S   4.88c (+325.1 L +325.8) N     125  --  pass D1
---Black(^)---
pss : T 120.64c W 100.00c S  20.22c (+342.8 L +341.8) LCB  117.81c P 14.19% WF 294.0 PSV     273 N      54  --  pass D1
G4  : T  88.42c W 100.00c S -11.58c (+302.5 L +305.8) LCB -261.72c P  4.60% WF   3.3 PSV       2 N       1  --  G4
S5  : T  88.48c W 100.00c S -11.52c (+302.7 L +306.1) LCB -261.67c P  4.46% WF   3.2 PSV       2 N       1  --  S5
G3  : T  88.19c W 100.00c S -11.81c (+301.6 L +304.7) LCB -261.81c P  4.44% WF   3.2 PSV       2 N       1  --  G3
N3  : T  88.06c W 100.00c S -11.94c (+301.3 L +304.3) LCB -261.94c P  4.12% WF   3.3 PSV       1 N       1  --  N3
T6  : T  88.15c W 100.00c S -11.85c (+301.5 L +304.7) LCB -261.85c P  3.23% WF   3.3 PSV       1 N       1  --  T6
Q19 : T  88.12c W 100.00c S -11.88c (+301.4 L +304.3) LCB -261.88c P  3.16% WF   3.3 PSV       1 N       1  --  Q19
P18 : T  88.30c W 100.00c S -11.70c (+301.9 L +305.1) LCB -261.70c P  2.97% WF   3.3 PSV       1 N       1  --  P18
T4  : T  87.99c W 100.00c S -12.01c (+300.8 L +304.0) LCB -262.01c P  2.85% WF   3.3 PSV       1 N       1  --  T4
P7  : T  88.05c W 100.00c S -11.95c (+301.2 L +304.2) LCB -261.95c P  1.98% WF   3.3 PSV       0 N       1  --  P7

2025-11-16 20:50:28-0500: play pass
2025-11-16 20:50:28-0500: Controller: kata-set-param maxVisits 100
2025-11-16 20:50:28-0500: = 
2025-11-16 20:50:28-0500: Controller: kata-genmove_analyze b
2025-11-16 20:50:28-0500: =
2025-11-16 20:50:28-0500: MoveNum: 0 HASH: 2AC48FEDA2836BF9D86FF1ECBFDBF3FA
   A B C D E F G H J K L M N O P Q R S T
19 . . . . . . . . . . . . . . X . . X .
18 X X X X . . . . . . . . . . . X X . X
17 . . . X . . . . . . X . . . . X . X .
16 . . . X X . . . . X X . . . . X X . .
15 . . . X . . . . . . . . . . . X . . .
14 . . . . . . . . . . . . . . . X . . .
13 . . . . . . . . . . . . . . . . . . .
12 . . . . . . . . . X . . . . . . . . .
11 . . X X . . . . . X . . . . . . . . .
10 . . X . . . . . . X . . . . . X X X .
 9 . . . . . . . . . . . . . . . X . X X
 8 . . . . . . . . . . . . . . X . X . .
 7 . . . . . . . . . X . . . . . X X X X
 6 . . . X . . . X X X . . . . . X . . .
 5 . . . X . . . X . X . . . . . X . . X
 4 . . . X . . . . X X X . . . . X X . .
 3 . X X X X X . X X . X X . . . X X X X
 2 . X . . X . X . X X X . X . . X . X .
 1 X X . . . X X X . . . X . . . . X . .

koPOSITIONALscoreAREAtaxNONEsui1komi7.5
Time taken: 0.00141757
Root visits: 43
New playouts: 43
NN rows: 0
NN batches: 0
NN avg batch size: -nan
PlayoutDoublingAdvantage: -2.75
PV: pass S5
Tree:
: T  94.37c W 100.00c S  -5.59c (+309.6 L +311.9) N      43  --  pass S5
---Black(^)---
pss : T 117.65c W 100.00c S  15.21c (+339.3 L +338.8) LCB   57.34c P 14.19% WF  24.2 PSV      22 N       4  --  pass S5
G4  : T  88.42c W 100.00c S -11.58c (+302.5 L +305.8) LCB -261.72c P  4.60% WF   3.5 PSV       0 N       1  --  G4
S5  : T  88.48c W 100.00c S -11.52c (+302.7 L +306.1) LCB -261.67c P  4.46% WF   3.5 PSV       0 N       1  --  S5
G3  : T  88.19c W 100.00c S -11.81c (+301.6 L +304.7) LCB -261.81c P  4.44% WF   3.5 PSV       0 N       1  --  G3
N3  : T  88.06c W 100.00c S -11.94c (+301.3 L +304.3) LCB -261.94c P  4.12% WF   3.6 PSV       0 N       1  --  N3
T6  : T  88.15c W 100.00c S -11.85c (+301.5 L +304.7) LCB -261.85c P  3.23% WF   3.5 PSV       0 N       1  --  T6
Q19 : T  88.12c W 100.00c S -11.88c (+301.4 L +304.3) LCB -261.88c P  3.16% WF   3.6 PSV       0 N       1  --  Q19
P18 : T  88.30c W 100.00c S -11.70c (+301.9 L +305.1) LCB -261.70c P  2.97% WF   3.5 PSV       0 N       1  --  P18
T4  : T  87.99c W 100.00c S -12.01c (+300.8 L +304.0) LCB -262.01c P  2.85% WF   3.6 PSV       0 N       1  --  T4
P7  : T  88.05c W 100.00c S -11.95c (+301.2 L +304.2) LCB -261.95c P  1.98% WF   3.6 PSV       0 N       1  --  P7

2025-11-16 20:50:28-0500: play pass
2025-11-16 20:50:28-0500: Controller: kata-set-param maxVisits 100
2025-11-16 20:50:28-0500: = 
2025-11-16 20:50:28-0500: Controller: kata-genmove_analyze b
2025-11-16 20:50:28-0500: =
2025-11-16 20:50:28-0500: MoveNum: 0 HASH: 2AC48FEDA2836BF9D86FF1ECBFDBF3FA
   A B C D E F G H J K L M N O P Q R S T
19 . . . . . . . . . . . . . . X . . X .
18 X X X X . . . . . . . . . . . X X . X
17 . . . X . . . . . . X . . . . X . X .
16 . . . X X . . . . X X . . . . X X . .
15 . . . X . . . . . . . . . . . X . . .
14 . . . . . . . . . . . . . . . X . . .
13 . . . . . . . . . . . . . . . . . . .
12 . . . . . . . . . X . . . . . . . . .
11 . . X X . . . . . X . . . . . . . . .
10 . . X . . . . . . X . . . . . X X X .
 9 . . . . . . . . . . . . . . . X . X X
 8 . . . . . . . . . . . . . . X . X . .
 7 . . . . . . . . . X . . . . . X X X X
 6 . . . X . . . X X X . . . . . X . . .
 5 . . . X . . . X . X . . . . . X . . X
 4 . . . X . . . . X X X . . . . X X . .
 3 . X X X X X . X X . X X . . . X X X X
 2 . X . . X . X . X X X . X . . X . X .
 1 X X . . . X X X . . . X . . . . X . .

koPOSITIONALscoreAREAtaxNONEsui1komi7.5
Time taken: 0.00122676
Root visits: 42
New playouts: 42
NN rows: 0
NN batches: 0
NN avg batch size: -nan
PlayoutDoublingAdvantage: -2.75
PV: pass pass
Tree:
: T  92.04c W 100.00c S  -7.80c (+306.7 L +309.3) N      42  --  pass pass
---Black(^)---
pss : T 115.89c W 100.00c S  13.08c (+337.4 L +338.4) LCB  -76.51c P 14.19% WF  12.6 PSV      12 N       2  --  pass pass
G4  : T  88.42c W 100.00c S -11.58c (+302.5 L +305.8) LCB -261.72c P  4.60% WF   3.6 PSV       0 N       1  --  G4
S5  : T  88.48c W 100.00c S -11.52c (+302.7 L +306.1) LCB -261.67c P  4.46% WF   3.5 PSV       0 N       1  --  S5
G3  : T  88.19c W 100.00c S -11.81c (+301.6 L +304.7) LCB -261.81c P  4.44% WF   3.5 PSV       0 N       1  --  G3
N3  : T  88.06c W 100.00c S -11.94c (+301.3 L +304.3) LCB -261.94c P  4.12% WF   3.6 PSV       0 N       1  --  N3
T6  : T  88.15c W 100.00c S -11.85c (+301.5 L +304.7) LCB -261.85c P  3.23% WF   3.6 PSV       0 N       1  --  T6
Q19 : T  88.12c W 100.00c S -11.88c (+301.4 L +304.3) LCB -261.88c P  3.16% WF   3.6 PSV       0 N       1  --  Q19
P18 : T  88.30c W 100.00c S -11.70c (+301.9 L +305.1) LCB -261.70c P  2.97% WF   3.6 PSV       0 N       1  --  P18
T4  : T  87.99c W 100.00c S -12.01c (+300.8 L +304.0) LCB -262.01c P  2.85% WF   3.6 PSV       0 N       1  --  T4
P7  : T  88.05c W 100.00c S -11.95c (+301.2 L +304.2) LCB -261.95c P  1.98% WF   3.6 PSV       0 N       1  --  P7

2025-11-16 20:50:28-0500: play pass
2025-11-16 20:50:28-0500: Controller: kata-set-param maxVisits 100
2025-11-16 20:50:28-0500: = 
2025-11-16 20:50:28-0500: Controller: kata-genmove_analyze b
2025-11-16 20:50:28-0500: =
2025-11-16 20:50:28-0500: MoveNum: 0 HASH: 2AC48FEDA2836BF9D86FF1ECBFDBF3FA
   A B C D E F G H J K L M N O P Q R S T
19 . . . . . . . . . . . . . . X . . X .
18 X X X X . . . . . . . . . . . X X . X
17 . . . X . . . . . . X . . . . X . X .
16 . . . X X . . . . X X . . . . X X . .
15 . . . X . . . . . . . . . . . X . . .
14 . . . . . . . . . . . . . . . X . . .
13 . . . . . . . . . . . . . . . . . . .
12 . . . . . . . . . X . . . . . . . . .
11 . . X X . . . . . X . . . . . . . . .
10 . . X . . . . . . X . . . . . X X X .
 9 . . . . . . . . . . . . . . . X . X X
 8 . . . . . . . . . . . . . . X . X . .
 7 . . . . . . . . . X . . . . . X X X X
 6 . . . X . . . X X X . . . . . X . . .
 5 . . . X . . . X . X . . . . . X . . X
 4 . . . X . . . . X X X . . . . X X . .
 3 . X X X X X . X X . X X . . . X X X X
 2 . X . . X . X . X X X . X . . X . X .
 1 X X . . . X X X . . . X . . . . X . .

koPOSITIONALscoreAREAtaxNONEsui1komi7.5
Time taken: 0.00115067
Root visits: 42
New playouts: 42
NN rows: 0
NN batches: 0
NN avg batch size: -nan
PlayoutDoublingAdvantage: -2.75
PV: pass S5
Tree:
: T  94.50c W 100.00c S  -5.46c (+309.8 L +312.0) N      42  --  pass S5
---Black(^)---
pss : T 117.65c W 100.00c S  15.21c (+339.3 L +338.8) LCB   57.34c P 14.19% WF  24.2 PSV      22 N       4  --  pass S5
G4  : T  88.42c W 100.00c S -11.58c (+302.5 L +305.8) LCB -261.72c P  4.60% WF   3.5 PSV       0 N       1  --  G4
S5  : T  88.48c W 100.00c S -11.52c (+302.7 L +306.1) LCB -261.67c P  4.46% WF   3.5 PSV       0 N       1  --  S5
G3  : T  88.19c W 100.00c S -11.81c (+301.6 L +304.7) LCB -261.81c P  4.44% WF   3.5 PSV       0 N       1  --  G3
N3  : T  88.06c W 100.00c S -11.94c (+301.3 L +304.3) LCB -261.94c P  4.12% WF   3.6 PSV       0 N       1  --  N3
T6  : T  88.15c W 100.00c S -11.85c (+301.5 L +304.7) LCB -261.85c P  3.23% WF   3.5 PSV       0 N       1  --  T6
Q19 : T  88.12c W 100.00c S -11.88c (+301.4 L +304.3) LCB -261.88c P  3.16% WF   3.6 PSV       0 N       1  --  Q19
P18 : T  88.30c W 100.00c S -11.70c (+301.9 L +305.1) LCB -261.70c P  2.97% WF   3.5 PSV       0 N       1  --  P18
T4  : T  87.99c W 100.00c S -12.01c (+300.8 L +304.0) LCB -262.01c P  2.85% WF   3.6 PSV       0 N       1  --  T4
P7  : T  88.05c W 100.00c S -11.95c (+301.2 L +304.2) LCB -261.95c P  1.98% WF   3.6 PSV       0 N       1  --  P7

2025-11-16 20:50:28-0500: play pass
2025-11-16 20:50:28-0500: Controller: kata-set-param maxVisits 300
2025-11-16 20:50:28-0500: = 
2025-11-16 20:50:28-0500: Controller: kata-genmove_analyze b
2025-11-16 20:50:28-0500: =
2025-11-16 20:50:28-0500: MoveNum: 0 HASH: 2AC48FEDA2836BF9D86FF1ECBFDBF3FA
   A B C D E F G H J K L M N O P Q R S T
19 . . . . . . . . . . . . . . X . . X .
18 X X X X . . . . . . . . . . . X X . X
17 . . . X . . . . . . X . . . . X . X .
16 . . . X X . . . . X X . . . . X X . .
15 . . . X . . . . . . . . . . . X . . .
14 . . . . . . . . . . . . . . . X . . .
13 . . . . . . . . . . . . . . . . . . .
12 . . . . . . . . . X . . . . . . . . .
11 . . X X . . . . . X . . . . . . . . .
10 . . X . . . . . . X . . . . . X X X .
 9 . . . . . . . . . . . . . . . X . X X
 8 . . . . . . . . . . . . . . X . X . .
 7 . . . . . . . . . X . . . . . X X X X
 6 . . . X . . . X X X . . . . . X . . .
 5 . . . X . . . X . X . . . . . X . . X
 4 . . . X . . . . X X X . . . . X X . .
 3 . X X X X X . X X . X X . . . X X X X
 2 . X . . X . X . X X X . X . . X . X .
 1 X X . . . X X X . . . X . . . . X . .

koPOSITIONALscoreAREAtaxNONEsui1komi7.5
Time taken: 0.594871
Root visits: 127
New playouts: 127
NN rows: 1
NN batches: 1
NN avg batch size: 1
PlayoutDoublingAdvantage: -2.75
PV: pass S5 T6
Tree:
: T 107.75c W 100.00c S   5.97c (+326.7 L +327.3) N     127  --  pass S5 T6
---Black(^)---
pss : T 119.59c W 100.00c S  18.92c (+341.9 L +340.9) LCB  115.42c P 14.19% WF 331.0 PSV     311 N      63  --  pass S5 T6
G4  : T  88.42c W 100.00c S -11.58c (+302.5 L +305.8) LCB -261.72c P  4.60% WF   3.3 PSV       2 N       1  --  G4
S5  : T  88.48c W 100.00c S -11.52c (+302.7 L +306.1) LCB -261.67c P  4.46% WF   3.2 PSV       2 N       1  --  S5
G3  : T  88.19c W 100.00c S -11.81c (+301.6 L +304.7) LCB -261.81c P  4.44% WF   3.2 PSV       2 N       1  --  G3
N3  : T  88.06c W 100.00c S -11.94c (+301.3 L +304.3) LCB -261.94c P  4.12% WF   3.3 PSV       2 N       1  --  N3
T6  : T  88.15c W 100.00c S -11.85c (+301.5 L +304.7) LCB -261.85c P  3.23% WF   3.3 PSV       1 N       1  --  T6
Q19 : T  88.12c W 100.00c S -11.88c (+301.4 L +304.3) LCB -261.88c P  3.16% WF   3.3 PSV       1 N       1  --  Q19
P18 : T  88.30c W 100.00c S -11.70c (+301.9 L +305.1) LCB -261.70c P  2.97% WF   3.3 PSV       1 N       1  --  P18
T4  : T  87.99c W 100.00c S -12.01c (+300.8 L +304.0) LCB -262.01c P  2.85% WF   3.3 PSV       1 N       1  --  T4
P7  : T  88.05c W 100.00c S -11.95c (+301.2 L +304.2) LCB -261.95c P  1.98% WF   3.3 PSV       0 N       1  --  P7

2025-11-16 20:50:28-0500: play pass
2025-11-16 20:50:28-0500: Controller: kata-set-param maxVisits 100
2025-11-16 20:50:28-0500: = 
2025-11-16 20:50:28-0500: Controller: kata-genmove_analyze b
2025-11-16 20:50:28-0500: =
2025-11-16 20:50:28-0500: MoveNum: 0 HASH: 2AC48FEDA2836BF9D86FF1ECBFDBF3FA
   A B C D E F G H J K L M N O P Q R S T
19 . . . . . . . . . . . . . . X . . X .
18 X X X X . . . . . . . . . . . X X . X
17 . . . X . . . . . . X . . . . X . X .
16 . . . X X . . . . X X . . . . X X . .
15 . . . X . . . . . . . . . . . X . . .
14 . . . . . . . . . . . . . . . X . . .
13 . . . . . . . . . . . . . . . . . . .
12 . . . . . . . . . X . . . . . . . . .
11 . . X X . . . . . X . . . . . . . . .
10 . . X . . . . . . X . . . . . X X X .
 9 . . . . . . . . . . . . . . . X . X X
 8 . . . . . . . . . . . . . . X . X . .
 7 . . . . . . . . . X . . . . . X X X X
 6 . . . X . . . X X X . . . . . X . . .
 5 . . . X . . . X . X . . . . . X . . X
 4 . . . X . . . . X X X . . . . X X . .
 3 . X X X X X . X X . X X . . . X X X X
 2 . X . . X . X . X X X . X . . X . X .
 1 X X . . . X X X . . . X . . . . X . .

koPOSITIONALscoreAREAtaxNONEsui1komi7.5
Time taken: 0.00202939
Root visits: 42
New playouts: 42
NN rows: 0
NN batches: 0
NN avg batch size: -nan
PlayoutDoublingAdvantage: -2.75
PV: pass G18
Tree:
: T  93.30c W 100.00c S  -6.55c (+308.3 L +310.8) N      42  --  pass G18
---Black(^)---
pss : T 117.52c W 100.00c S  14.75c (+339.3 L +339.7) LCB   17.60c P 14.19% WF  18.1 PSV      17 N       3  --  pass G18
G4  : T  88.42c W 100.00c S -11.58c (+302.5 L +305.8) LCB -261.72c P  4.60% WF   3.6 PSV       0 N       1  --  G4
S5  : T  88.48c W 100.00c S -11.52c (+302.7 L +306.1) LCB -261.67c P  4.46% WF   3.5 PSV       0 N       1  --  S5
G3  : T  88.19c W 100.00c S -11.81c (+301.6 L +304.7) LCB -261.81c P  4.44% WF   3.5 PSV       0 N       1  --  G3
N3  : T  88.06c W 100.00c S -11.94c (+301.3 L +304.3) LCB -261.94c P  4.12% WF   3.6 PSV       0 N       1  --  N3
T6  : T  88.15c W 100.00c S -11.85c (+301.5 L +304.7) LCB -261.85c P  3.23% WF   3.5 PSV       0 N       1  --  T6
Q19 : T  88.12c W 100.00c S -11.88c (+301.4 L +304.3) LCB -261.88c P  3.16% WF   3.6 PSV       0 N       1  --  Q19
P18 : T  88.30c W 100.00c S -11.70c (+301.9 L +305.1) LCB -261.70c P  2.97% WF   3.6 PSV       0 N       1  --  P18
T4  : T  87.99c W 100.00c S -12.01c (+300.8 L +304.0) LCB -262.01c P  2.85% WF   3.6 PSV       0 N       1  --  T4
P7  : T  88.05c W 100.00c S -11.95c (+301.2 L +304.2) LCB -261.95c P  1.98% WF   3.6 PSV       0 N       1  --  P7

2025-11-16 20:50:28-0500: play pass
2025-11-16 20:50:28-0500: Controller: kata-set-param maxVisits 100
2025-11-16 20:50:28-0500: = 
2025-11-16 20:50:28-0500: Controller: kata-genmove_analyze b
2025-11-16 20:50:28-0500: =
2025-11-16 20:50:28-0500: MoveNum: 0 HASH: 2AC48FEDA2836BF9D86FF1ECBFDBF3FA
   A B C D E F G H J K L M N O P Q R S T
19 . . . . . . . . . . . . . . X . . X .
18 X X X X . . . . . . . . . . . X X . X
17 . . . X . . . . . . X . . . . X . X .
16 . . . X X . . . . X X . . . . X X . .
15 . . . X . . . . . . . . . . . X . . .
14 . . . . . . . . . . . . . . . X . . .
13 . . . . . . . . . . . . . . . . . . .
12 . . . . . . . . . X . . . . . . . . .
11 . . X X . . . . . X . . . . . . . . .
10 . . X . . . . . . X . . . . . X X X .
 9 . . . . . . . . . . . . . . . X . X X
 8 . . . . . . . . . . . . . . X . X . .
 7 . . . . . . . . . X . . . . . X X X X
 6 . . . X . . . X X X . . . . . X . . .
 5 . . . X . . . X . X . . . . . X . . X
 4 . . . X . . . . X X X . . . . X X . .
 3 . X X X X X . X X . X X . . . X X X X
 2 . X . . X . X . X X X . X . . X . X .
 1 X X . . . X X X . . . X . . . . X . .

koPOSITIONALscoreAREAtaxNONEsui1komi7.5
Time taken: 0.00174818
Root visits: 43
New playouts: 43
NN rows: 0
NN batches: 0
NN avg batch size: -nan
PlayoutDoublingAdvantage: -2.75
PV: pass G18
Tree:
: T  93.20c W 100.00c S  -6.66c (+308.1 L +310.7) N      43  --  pass G18
---Black(^)---
pss : T 117.52c W 100.00c S  14.75c (+339.3 L +339.7) LCB   17.60c P 14.19% WF  18.1 PSV      17 N       3  --  pass G18
G4  : T  88.42c W 100.00c S -11.58c (+302.5 L +305.8) LCB -261.72c P  4.60% WF   3.6 PSV       0 N       1  --  G4
S5  : T  88.48c W 100.00c S -11.52c (+302.7 L +306.1) LCB -261.67c P  4.46% WF   3.5 PSV       0 N       1  --  S5
G3  : T  88.19c W 100.00c S -11.81c (+301.6 L +304.7) LCB -261.81c P  4.44% WF   3.5 PSV       0 N       1  --  G3
N3  : T  88.06c W 100.00c S -11.94c (+301.3 L +304.3) LCB -261.94c P  4.12% WF   3.6 PSV       0 N       1  --  N3
T6  : T  88.15c W 100.00c S -11.85c (+301.5 L +304.7) LCB -261.85c P  3.23% WF   3.5 PSV       0 N       1  --  T6
Q19 : T  88.12c W 100.00c S -11.88c (+301.4 L +304.3) LCB -261.88c P  3.16% WF   3.6 PSV       0 N       1  --  Q19
P18 : T  88.30c W 100.00c S -11.70c (+301.9 L +305.1) LCB -261.70c P  2.97% WF   3.6 PSV       0 N       1  --  P18
T4  : T  87.99c W 100.00c S -12.01c (+300.8 L +304.0) LCB -262.01c P  2.85% WF   3.6 PSV       0 N       1  --  T4
P7  : T  88.05c W 100.00c S -11.95c (+301.2 L +304.2) LCB -261.95c P  1.98% WF   3.6 PSV       0 N       1  --  P7

2025-11-16 20:50:28-0500: play pass
2025-11-16 20:50:28-0500: Controller: kata-set-param maxVisits 300
2025-11-16 20:50:28-0500: = 
2025-11-16 20:50:28-0500: Controller: kata-genmove_analyze b
2025-11-16 20:50:28-0500: =
2025-11-16 20:50:28-0500: MoveNum: 0 HASH: 2AC48FEDA2836BF9D86FF1ECBFDBF3FA
   A B C D E F G H J K L M N O P Q R S T
19 . . . . . . . . . . . . . . X . . X .
18 X X X X . . . . . . . . . . . X X . X
17 . . . X . . . . . . X . . . . X . X .
16 . . . X X . . . . X X . . . . X X . .
15 . . . X . . . . . . . . . . . X . . .
14 . . . . . . . . . . . . . . . X . . .
13 . . . . . . . . . . . . . . . . . . .
12 . . . . . . . . . X . . . . . . . . .
11 . . X X . . . . . X . . . . . . . . .
10 . . X . . . . . . X . . . . . X X X .
 9 . . . . . . . . . . . . . . . X . X X
 8 . . . . . . . . . . . . . . X . X . .
 7 . . . . . . . . . X . . . . . X X X X
 6 . . . X . . . X X X . . . . . X . . .
 5 . . . X . . . X . X . . . . . X . . X
 4 . . . X . . . . X X X . . . . X X . .
 3 . X X X X X . X X . X X . . . X X X X
 2 . X . . X . X . X X X . X . . X . X .
 1 X X . . . X X X . . . X . . . . X . .

koPOSITIONALscoreAREAtaxNONEsui1komi7.5
Time taken: 0.00250989
Root visits: 126
New playouts: 126
NN rows: 0
NN batches: 0
NN avg batch size: -nan
PlayoutDoublingAdvantage: -2.75
PV: pass D1
Tree:
: T 108.01c W 100.00c S   6.04c (+326.8 L +327.4) N     126  --  pass D1
---Black(^)---
pss : T 120.66c W 100.00c S  20.28c (+342.8 L +341.8) LCB  118.12c P 14.19% WF 323.8 PSV     303 N      60  --  pass D1
G4  : T  88.42c W 100.00c S -11.58c (+302.5 L +305.8) LCB -261.72c P  4.60% WF   3.3 PSV       2 N       1  --  G4
S5  : T  88.48c W 100.00c S -11.52c (+302.7 L +306.1) LCB -261.67c P  4.46% WF   3.2 PSV       2 N       1  --  S5
G3  : T  88.19c W 100.00c S -11.81c (+301.6 L +304.7) LCB -261.81c P  4.44% WF   3.2 PSV       2 N       1  --  G3
N3  : T  88.06c W 100.00c S -11.94c (+301.3 L +304.3) LCB -261.94c P  4.12% WF   3.3 PSV       1 N       1  --  N3
T6  : T  88.15c W 100.00c S -11.85c (+301.5 L +304.7) LCB -261.85c P  3.23% WF   3.3 PSV       1 N       1  --  T6
Q19 : T  88.12c W 100.00c S -11.88c (+301.4 L +304.3) LCB -261.88c P  3.16% WF   3.3 PSV       1 N       1  --  Q19
P18 : T  88.30c W 100.00c S -11.70c (+301.9 L +305.1) LCB -261.70c P  2.97% WF   3.3 PSV       1 N       1  --  P18
T4  : T  87.99c W 100.00c S -12.01c (+300.8 L +304.0) LCB -262.01c P  2.85% WF   3.3 PSV       1 N       1  --  T4
P7  : T  88.05c W 100.00c S -11.95c (+301.2 L +304.2) LCB -261.95c P  1.98% WF   3.3 PSV       0 N       1  --  P7

2025-11-16 20:50:28-0500: play pass
2025-11-16 20:50:28-0500: Controller: kata-set-param maxVisits 100
2025-11-16 20:50:28-0500: = 
2025-11-16 20:50:28-0500: Controller: kata-genmove_analyze b
2025-11-16 20:50:28-0500: =
2025-11-16 20:50:28-0500: MoveNum: 0 HASH: 2AC48FEDA2836BF9D86FF1ECBFDBF3FA
   A B C D E F G H J K L M N O P Q R S T
19 . . . . . . . . . . . . . . X . . X .
18 X X X X . . . . . . . . . . . X X . X
17 . . . X . . . . . . X . . . . X . X .
16 . . . X X . . . . X X . . . . X X . .
15 . . . X . . . . . . . . . . . X . . .
14 . . . . . . . . . . . . . . . X . . .
13 . . . . . . . . . . . . . . . . . . .
12 . . . . . . . . . X . . . . . . . . .
11 . . X X . . . . . X . . . . . . . . .
10 . . X . . . . . . X . . . . . X X X .
 9 . . . . . . . . . . . . . . . X . X X
 8 . . . . . . . . . . . . . . X . X . .
 7 . . . . . . . . . X . . . . . X X X X
 6 . . . X . . . X X X . . . . . X . . .
 5 . . . X . . . X . X . . . . . X . . X
 4 . . . X . . . . X X X . . . . X X . .
 3 . X X X X X . X X . X X . . . X X X X
 2 . X . . X . X . X X X . X . . X . X .
 1 X X . . . X X X . . . X . . . . X . .

koPOSITIONALscoreAREAtaxNONEsui1komi7.5
Time taken: 0.00182448
Root visits: 42
New playouts: 42
NN rows: 0
NN batches: 0
NN avg batch size: -nan
PlayoutDoublingAdvantage: -2.75
PV: pass pass
Tree:
: T  92.04c W 100.00c S  -7.80c (+306.7 L +309.3) N      42  --  pass pass
---Black(^)---
pss : T 115.89c W 100.00c S  13.08c (+337.4 L +338.4) LCB  -76.51c P 14.19% WF  12.6 PSV      12 N       2  --  pass pass
G4  : T  88.42c W 100.00c S -11.58c (+302.5 L +305.8) LCB -261.72c P  4.60% WF   3.6 PSV       0 N       1  --  G4
S5  : T  88.48c W 100.00c S -11.52c (+302.7 L +306.1) LCB -261.67c P  4.46% WF   3.5 PSV       0 N       1  --  S5
G3  : T  88.19c W 100.00c S -11.81c (+301.6 L +304.7) LCB -261.81c P  4.44% WF   3.5 PSV       0 N       1  --  G3
N3  : T  88.06c W 100.00c S -11.94c (+301.3 L +304.3) LCB -261.94c P  4.12% WF   3.6 PSV       0 N       1  --  N3
T6  : T  88.15c W 100.00c S -11.85c (+301.5 L +304.7) LCB -261.85c P  3.23% WF   3.6 PSV       0 N       1  --  T6
Q19 : T  88.12c W 100.00c S -11.88c (+301.4 L +304.3) LCB -261.88c P  3.16% WF   3.6 PSV       0 N       1  --  Q19
P18 : T  88.30c W 100.00c S -11.70c (+301.9 L +305.1) LCB -261.70c P  2.97% WF   3.6 PSV       0 N       1  --  P18
T4  : T  87.99c W 100.00c S -12.01c (+300.8 L +304.0) LCB -262.01c P  2.85% WF   3.6 PSV       0 N       1  --  T4
P7  : T  88.05c W 100.00c S -11.95c (+301.2 L +304.2) LCB -261.95c P  1.98% WF   3.6 PSV       0 N       1  --  P7

2025-11-16 20:50:28-0500: play pass
2025-11-16 20:50:28-0500: Controller: kata-set-param maxVisits 300
2025-11-16 20:50:28-0500: = 
2025-11-16 20:50:28-0500: Controller: kata-genmove_analyze b
2025-11-16 20:50:28-0500: =
2025-11-16 20:50:28-0500: MoveNum: 0 HASH: 2AC48FEDA2836BF9D86FF1ECBFDBF3FA
   A B C D E F G H J K L M N O P Q R S T
19 . . . . . . . . . . . . . . X . . X .
18 X X X X . . . . . . . . . . . X X . X
17 . . . X . . . . . . X . . . . X . X .
16 . . . X X . . . . X X . . . . X X . .
15 . . . X . . . . . . . . . . . X . . .
14 . . . . . . . . . . . . . . . X . . .
13 . . . . . . . . . . . . . . . . . . .
12 . . . . . . . . . X . . . . . . . . .
11 . . X X . . . . . X . . . . . . . . .
10 . . X . . . . . . X . . . . . X X X .
 9 . . . . . . . . . . . . . . . X . X X
 8 . . . . . . . . . . . . . . X . X . .
 7 . . . . . . . . . X . . . . . X X X X
 6 . . . X . . . X X X . . . . . X . . .
 5 . . . X . . . X . X . . . . . X . . X
 4 . . . X . . . . X X X . . . . X X . .
 3 . X X X X X . X X . X X . . . X X X X
 2 . X . . X . X . X X X . X . . X . X .
 1 X X . . . X X X . . . X . . . . X . .

koPOSITIONALscoreAREAtaxNONEsui1komi7.5
Time taken: 0.00266285
Root visits: 127
New playouts: 127
NN rows: 0
NN batches: 0
NN avg batch size: -nan
PlayoutDoublingAdvantage: -2.75
PV: pass D1
Tree:
: T 107.89c W 100.00c S   5.94c (+326.7 L +327.3) N     127  --  pass D1
---Black(^)---
pss : T 120.66c W 100.00c S  20.28c (+342.8 L +341.8) LCB  118.12c P 14.19% WF 324.0 PSV     303 N      60  --  pass D1
G4  : T  88.42c W 100.00c S -11.58c (+302.5 L +305.8) LCB -261.72c P  4.60% WF   3.3 PSV       2 N       1  --  G4
S5  : T  88.48c W 100.00c S -11.52c (+302.7 L +306.1) LCB -261.67c P  4.46% WF   3.2 PSV       2 N       1  --  S5
G3  : T  88.19c W 100.00c S -11.81c (+301.6 L +304.7) LCB -261.81c P  4.44% WF   3.2 PSV       2 N       1  --  G3
N3  : T  88.06c W 100.00c S -11.94c (+301.3 L +304.3) LCB -261.94c P  4.12% WF   3.3 PSV       1 N       1  --  N3
T6  : T  88.15c W 100.00c S -11.85c (+301.5 L +304.7) LCB -261.85c P  3.23% WF   3.3 PSV       1 N       1  --  T6
Q19 : T  88.12c W 100.00c S -11.88c (+301.4 L +304.3) LCB -261.88c P  3.16% WF   3.3 PSV       1 N       1  --  Q19
P18 : T  88.30c W 100.00c S -11.70c (+301.9 L +305.1) LCB -261.70c P  2.97% WF   3.3 PSV       1 N       1  --  P18
T4  : T  87.99c W 100.00c S -12.01c (+300.8 L +304.0) LCB -262.01c P  2.85% WF   3.3 PSV       1 N       1  --  T4
P7  : T  88.05c W 100.00c S -11.95c (+301.2 L +304.2) LCB -261.95c P  1.98% WF   3.3 PSV       0 N       1  --  P7

2025-11-16 20:50:28-0500: play pass
2025-11-16 20:50:28-0500: Controller: kata-set-param maxVisits 300
2025-11-16 20:50:28-0500: = 
2025-11-16 20:50:28-0500: Controller: kata-genmove_analyze b
2025-11-16 20:50:28-0500: =
2025-11-16 20:50:28-0500: MoveNum: 0 HASH: 2AC48FEDA2836BF9D86FF1ECBFDBF3FA
   A B C D E F G H J K L M N O P Q R S T
19 . . . . . . . . . . . . . . X . . X .
18 X X X X . . . . . . . . . . . X X . X
17 . . . X . . . . . . X . . . . X . X .
16 . . . X X . . . . X X . . . . X X . .
15 . . . X . . . . . . . . . . . X . . .
14 . . . . . . . . . . . . . . . X . . .
13 . . . . . . . . . . . . . . . . . . .
12 . . . . . . . . . X . . . . . . . . .
11 . . X X . . . . . X . . . . . . . . .
10 . . X . . . . . . X . . . . . X X X .
 9 . . . . . . . . . . . . . . . X . X X
 8 . . . . . . . . . . . . . . X . X . .
 7 . . . . . . . . . X . . . . . X X X X
 6 . . . X . . . X X X . . . . . X . . .
 5 . . . X . . . X . X . . . . . X . . X
 4 . . . X . . . . X X X . . . . X X . .
 3 . X X X X X . X X . X X . . . X X X X
 2 . X . . X . X . X X X . X . . X . X .
 1 X X . . . X X X . . . X . . . . X . .

koPOSITIONALscoreAREAtaxNONEsui1komi7.5
Time taken: 0.00265312
Root visits: 126
New playouts: 126
NN rows: 0
NN batches: 0
NN avg batch size: -nan
PlayoutDoublingAdvantage: -2.75
PV: pass D1
Tree:
: T 106.25c W 100.00c S   4.56c (+324.6 L +325.4) N     126  --  pass D1
---Black(^)---
pss : T 120.59c W 100.00c S  20.17c (+342.8 L +341.7) LCB  117.72c P 14.19% WF 288.9 PSV     268 N      53  --  pass D1
G4  : T  88.42c W 100.00c S -11.58c (+302.5 L +305.8) LCB -261.72c P  4.60% WF   3.3 PSV       2 N       1  --  G4
S5  : T  88.48c W 100.00c S -11.52c (+302.7 L +306.1) LCB -261.67c P  4.46% WF   3.2 PSV       2 N       1  --  S5
G3  : T  88.19c W 100.00c S -11.81c (+301.6 L +304.7) LCB -261.81c P  4.44% WF   3.2 PSV       2 N       1  --  G3
N3  : T  88.06c W 100.00c S -11.94c (+301.3 L +304.3) LCB -261.94c P  4.12% WF   3.3 PSV       1 N       1  --  N3
T6  : T  88.15c W 100.00c S -11.85c (+301.5 L +304.7) LCB -261.85c P  3.23% WF   3.3 PSV       1 N       1  --  T6
Q19 : T  88.12c W 100.00c S -11.88c (+301.4 L +304.3) LCB -261.88c P  3.16% WF   3.3 PSV       1 N       1  --  Q19
P18 : T  88.30c W 100.00c S -11.70c (+301.9 L +305.1) LCB -261.70c P  2.97% WF   3.3 PSV       1 N       1  --  P18
T4  : T  87.99c W 100.00c S -12.01c (+300.8 L +304.0) LCB -262.01c P  2.85% WF   3.3 PSV       1 N       1  --  T4
P7  : T  88.05c W 100.00c S -11.95c (+301.2 L +304.2) LCB -261.95c P  1.98% WF   3.3 PSV       0 N       1  --  P7

2025-11-16 20:50:28-0500: play pass
2025-11-16 20:50:28-0500: Controller: kata-set-param maxVisits 100
2025-11-16 20:50:28-0500: = 
2025-11-16 20:50:28-0500: Controller: kata-genmove_analyze b
2025-11-16 20:50:28-0500: =
2025-11-16 20:50:28-0500: MoveNum: 0 HASH: 2AC48FEDA2836BF9D86FF1ECBFDBF3FA
   A B C D E F G H J K L M N O P Q R S T
19 . . . . . . . . . . . . . . X . . X .
18 X X X X . . . . . . . . . . . X X . X
17 . . . X . . . . . . X . . . . X . X .
16 . . . X X . . . . X X . . . . X X . .
15 . . . X . . . . . . . . . . . X . . .
14 . . . . . . . . . . . . . . . X . . .
13 . . . . . . . . . . . . . . . . . . .
12 . . . . . . . . . X . . . . . . . . .
11 . . X X . . . . . X . . . . . . . . .
10 . . X . . . . . . X . . . . . X X X .
 9 . . . . . . . . . . . . . . . X . X X
 8 . . . . . . . . . . . . . . X . X . .
 7 . . . . . . . . . X . . . . . X X X X
 6 . . . X . . . X X X . . . . . X . . .
 5 . . . X . . . X . X . . . . . X . . X
 4 . . . X . . . . X X X . . . . X X . .
 3 . X X X X X . X X . X X . . . X X X X
 2 . X . . X . X . X X X . X . . X . X .
 1 X X . . . X X X . . . X . . . . X . .

koPOSITIONALscoreAREAtaxNONEsui1komi7.5
Time taken: 0.00135872
Root visits: 42
New playouts: 42
NN rows: 0
NN batches: 0
NN avg batch size: -nan
PlayoutDoublingAdvantage: -2.75
PV: pass S5
Tree:
: T  94.50c W 100.00c S  -5.46c (+309.8 L +312.0) N      42  --  pass S5
---Black(^)---
pss : T 117.65c W 100.00c S  15.21c (+339.3 L +338.8) LCB   57.34c P 14.19% WF  24.2 PSV      22 N       4  --  pass S5
G4  : T  88.42c W 100.00c S -11.58c (+302.5 L +305.8) LCB -261.72c P  4.60% WF   3.5 PSV       0 N       1  --  G4
S5  : T  88.48c W 100.00c S -11.52c (+302.7 L +306.1) LCB -261.67c P  4.46% WF   3.5 PSV       0 N       1  --  S5
G3  : T  88.19c W 100.00c S -11.81c (+301.6 L +304.7) LCB -261.81c P  4.44% WF   3.5 PSV       0 N       1  --  G3
N3  : T  88.06c W 100.00c S -11.94c (+301.3 L +304.3) LCB -261.94c P  4.12% WF   3.6 PSV       0 N       1  --  N3
T6  : T  88.15c W 100.00c S -11.85c (+301.5 L +304.7) LCB -261.85c P  3.23% WF   3.5 PSV       0 N       1  --  T6
Q19 : T  88.12c W 100.00c S -11.88c (+301.4 L +304.3) LCB -261.88c P  3.16% WF   3.6 PSV       0 N       1  --  Q19
P18 : T  88.30c W 100.00c S -11.70c (+301.9 L +305.1) LCB -261.70c P  2.97% WF   3.5 PSV       0 N       1  --  P18
T4  : T  87.99c W 100.00c S -12.01c (+300.8 L +304.0) LCB -262.01c P  2.85% WF   3.6 PSV       0 N       1  --  T4
P7  : T  88.05c W 100.00c S -11.95c (+301.2 L +304.2) LCB -261.95c P  1.98% WF   3.6 PSV       0 N       1  --  P7

2025-11-16 20:50:28-0500: play pass
2025-11-16 20:50:28-0500: Controller: kata-set-param maxVisits 100
2025-11-16 20:50:28-0500: = 
2025-11-16 20:50:28-0500: Controller: kata-genmove_analyze b
2025-11-16 20:50:28-0500: =
2025-11-16 20:50:28-0500: MoveNum: 0 HASH: 2AC48FEDA2836BF9D86FF1ECBFDBF3FA
   A B C D E F G H J K L M N O P Q R S T
19 . . . . . . . . . . . . . . X . . X .
18 X X X X . . . . . . . . . . . X X . X
17 . . . X . . . . . . X . . . . X . X .
16 . . . X X . . . . X X . . . . X X . .
15 . . . X . . . . . . . . . . . X . . .
14 . . . . . . . . . . . . . . . X . . .
13 . . . . . . . . . . . . . . . . . . .
12 . . . . . . . . . X . . . . . . . . .
11 . . X X . . . . . X . . . . . . . . .
10 . . X . . . . . . X . . . . . X X X .
 9 . . . . . . . . . . . . . . . X . X X
 8 . . . . . . . . . . . . . . X . X . .
 7 . . . . . . . . . X . . . . . X X X X
 6 . . . X . . . X X X . . . . . X . . .
 5 . . . X . . . X . X . . . . . X . . X
 4 . . . X . . . . X X X . . . . X X . .
 3 . X X X X X . X X . X X . . . X X X X
 2 . X . . X . X . X X X . X . . X . X .
 1 X X . . . X X X . . . X . . . . X . .

koPOSITIONALscoreAREAtaxNONEsui1komi7.5
Time taken: 0.00128766
Root visits: 42
New playouts: 42
NN rows: 0
NN batches: 0
NN avg batch size: -nan
PlayoutDoublingAdvantage: -2.75
PV: pass pass
Tree:
: T  92.04c W 100.00c S  -7.80c (+306.7 L +309.3) N      42  --  pass pass
---Black(^)---
pss : T 115.89c W 100.00c S  13.08c (+337.4 L +338.4) LCB  -76.51c P 14.19% WF  12.6 PSV      12 N       2  --  pass pass
G4  : T  88.42c W 100.00c S -11.58c (+302.5 L +305.8) LCB -261.72c P  4.60% WF   3.6 PSV       0 N       1  --  G4
S5  : T  88.48c W 100.00c S -11.52c (+302.7 L +306.1) LCB -261.67c P  4.46% WF   3.5 PSV       0 N       1  --  S5
G3  : T  88.19c W 100.00c S -11.81c (+301.6 L +304.7) LCB -261.81c P  4.44% WF   3.5 PSV       0 N       1  --  G3
N3  : T  88.06c W 100.00c S -11.94c (+301.3 L +304.3) LCB -261.94c P  4.12% WF   3.6 PSV       0 N       1  --  N3
T6  : T  88.15c W 100.00c S -11.85c (+301.5 L +304.7) LCB -261.85c P  3.23% WF   3.6 PSV       0 N       1  --  T6
Q19 : T  88.12c W 100.00c S -11.88c (+301.4 L +304.3) LCB -261.88c P  3.16% WF   3.6 PSV       0 N       1  --  Q19
P18 : T  88.30c W 100.00c S -11.70c (+301.9 L +305.1) LCB -261.70c P  2.97% WF   3.6 PSV       0 N       1  --  P18
T4  : T  87.99c W 100.00c S -12.01c (+300.8 L +304.0) LCB -262.01c P  2.85% WF   3.6 PSV       0 N       1  --  T4
P7  : T  88.05c W 100.00c S -11.95c (+301.2 L +304.2) LCB -261.95c P  1.98% WF   3.6 PSV       0 N       1  --  P7

2025-11-16 20:50:28-0500: play pass
2025-11-16 20:50:28-0500: Controller: kata-set-param maxVisits 100
2025-11-16 20:50:28-0500: = 
2025-11-16 20:50:28-0500: Controller: kata-genmove_analyze b
2025-11-16 20:50:28-0500: =
2025-11-16 20:50:28-0500: MoveNum: 0 HASH: 2AC48FEDA2836BF9D86FF1ECBFDBF3FA
   A B C D E F G H J K L M N O P Q R S T
19 . . . . . . . . . . . . . . X . . X .
18 X X X X . . . . . . . . . . . X X . X
17 . . . X . . . . . . X . . . . X . X .
16 . . . X X . . . . X X . . . . X X . .
15 . . . X . . . . . . . . . . . X . . .
14 . . . . . . . . . . . . . . . X . . .
13 . . . . . . . . . . . . . . . . . . .
12 . . . . . . . . . X . . . . . . . . .
11 . . X X . . . . . X . . . . . . . . .
10 . . X . . . . . . X . . . . . X X X .
 9 . . . . . . . . . . . . . . . X . X X
 8 . . . . . . . . . . . . . . X . X . .
 7 . . . . . . . . . X . . . . . X X X X
 6 . . . X . . . X X X . . . . . X . . .
 5 . . . X . . . X . X . . . . . X . . X
 4 . . . X . . . . X X X . . . . X X . .
 3 . X X X X X . X X . X X . . . X X X X
 2 . X . . X . X . X X X . X . . X . X .
 1 X X . . . X X X . . . X . . . . X . .

koPOSITIONALscoreAREAtaxNONEsui1komi7.5
Time taken: 0.00130184
Root visits: 41
New playouts: 41
NN rows: 0
NN batches: 0
NN avg batch size: -nan
PlayoutDoublingAdvantage: -2.75
PV: pass pass
Tree:
: T  92.12c W 100.00c S  -7.71c (+306.8 L +309.4) N      41  --  pass pass
---Black(^)---
pss : T 115.89c W 100.00c S  13.08c (+337.4 L +338.4) LCB  -76.51c P 14.19% WF  12.6 PSV      12 N       2  --  pass pass
G4  : T  88.42c W 100.00c S -11.58c (+302.5 L +305.8) LCB -261.72c P  4.60% WF   3.6 PSV       0 N       1  --  G4
S5  : T  88.48c W 100.00c S -11.52c (+302.7 L +306.1) LCB -261.67c P  4.46% WF   3.5 PSV       0 N       1  --  S5
G3  : T  88.19c W 100.00c S -11.81c (+301.6 L +304.7) LCB -261.81c P  4.44% WF   3.5 PSV       0 N       1  --  G3
N3  : T  88.06c W 100.00c S -11.94c (+301.3 L +304.3) LCB -261.94c P  4.12% WF   3.6 PSV       0 N       1  --  N3
T6  : T  88.15c W 100.00c S -11.85c (+301.5 L +304.7) LCB -261.85c P  3.23% WF   3.6 PSV       0 N       1  --  T6
Q19 : T  88.12c W 100.00c S -11.88c (+301.4 L +304.3) LCB -261.88c P  3.16% WF   3.6 PSV       0 N       1  --  Q19
P18 : T  88.30c W 100.00c S -11.70c (+301.9 L +305.1) LCB -261.70c P  2.97% WF   3.6 PSV       0 N       1  --  P18
T4  : T  87.99c W 100.00c S -12.01c (+300.8 L +304.0) LCB -262.01c P  2.85% WF   3.6 PSV       0 N       1  --  T4
P7  : T  88.05c W 100.00c S -11.95c (+301.2 L +304.2) LCB -261.95c P  1.98% WF   3.6 PSV       0 N       1  --  P7

2025-11-16 20:50:28-0500: play pass
2025-11-16 20:50:28-0500: Controller: kata-set-param maxVisits 300
2025-11-16 20:50:28-0500: = 
2025-11-16 20:50:28-0500: Controller: kata-genmove_analyze b
2025-11-16 20:50:28-0500: =
2025-11-16 20:50:28-0500: MoveNum: 0 HASH: 2AC48FEDA2836BF9D86FF1ECBFDBF3FA
   A B C D E F G H J K L M N O P Q R S T
19 . . . . . . . . . . . . . . X . . X .
18 X X X X . . . . . . . . . . . X X . X
17 . . . X . . . . . . X . . . . X . X .
16 . . . X X . . . . X X . . . . X X . .
15 . . . X . . . . . . . . . . . X . . .
14 . . . . . . . . . . . . . . . X . . .
13 . . . . . . . . . . . . . . . . . . .
12 . . . . . . . . . X . . . . . . . . .
11 . . X X . . . . . X . . . . . . . . .
10 . . X . . . . . . X . . . . . X X X .
 9 . . . . . . . . . . . . . . . X . X X
 8 . . . . . . . . . . . . . . X . X . .
 7 . . . . . . . . . X . . . . . X X X X
 6 . . . X . . . X X X . . . . . X . . .
 5 . . . X . . . X . X . . . . . X . . X
 4 . . . X . . . . X X X . . . . X X . .
 3 . X X X X X . X X . X X . . . X X X X
 2 . X . . X . X . X X X . X . . X . X .
 1 X X . . . X X X . . . X . . . . X . .

koPOSITIONALscoreAREAtaxNONEsui1komi7.5
Time taken: 0.00273462
Root visits: 125
New playouts: 125
NN rows: 0
NN batches: 0
NN avg batch size: -nan
PlayoutDoublingAdvantage: -2.75
PV: pass D1
Tree:
: T 106.88c W 100.00c S   5.09c (+325.4 L +326.1) N     125  --  pass D1
---Black(^)---
pss : T 120.64c W 100.00c S  20.23c (+342.8 L +341.8) LCB  117.87c P 14.19% WF 298.9 PSV     278 N      55  --  pass D1
G4  : T  88.42c W 100.00c S -11.58c (+302.5 L +305.8) LCB -261.72c P  4.60% WF   3.3 PSV       2 N       1  --  G4
S5  : T  88.48c W 100.00c S -11.52c (+302.7 L +306.1) LCB -261.67c P  4.46% WF   3.2 PSV       2 N       1  --  S5
G3  : T  88.19c W 100.00c S -11.81c (+301.6 L +304.7) LCB -261.81c P  4.44% WF   3.2 PSV       2 N       1  --  G3
N3  : T  88.06c W 100.00c S -11.94c (+301.3 L +304.3) LCB -261.94c P  4.12% WF   3.3 PSV       1 N       1  --  N3
T6  : T  88.15c W 100.00c S -11.85c (+301.5 L +304.7) LCB -261.85c P  3.23% WF   3.3 PSV       1 N       1  --  T6
Q19 : T  88.12c W 100.00c S -11.88c (+301.4 L +304.3) LCB -261.88c P  3.16% WF   3.3 PSV       1 N       1  --  Q19
P18 : T  88.30c W 100.00c S -11.70c (+301.9 L +305.1) LCB -261.70c P  2.97% WF   3.3 PSV       1 N       1  --  P18
T4  : T  87.99c W 100.00c S -12.01c (+300.8 L +304.0) LCB -262.01c P  2.85% WF   3.3 PSV       1 N       1  --  T4
P7  : T  88.05c W 100.00c S -11.95c (+301.2 L +304.2) LCB -261.95c P  1.98% WF   3.3 PSV       0 N       1  --  P7

2025-11-16 20:50:28-0500: play pass
2025-11-16 20:50:28-0500: Controller: kata-set-param maxVisits 100
2025-11-16 20:50:28-0500: = 
2025-11-16 20:50:28-0500: Controller: kata-genmove_analyze b
2025-11-16 20:50:28-0500: =
2025-11-16 20:50:28-0500: MoveNum: 0 HASH: 2AC48FEDA2836BF9D86FF1ECBFDBF3FA
   A B C D E F G H J K L M N O P Q R S T
19 . . . . . . . . . . . . . . X . . X .
18 X X X X . . . . . . . . . . . X X . X
17 . . . X . . . . . . X . . . . X . X .
16 . . . X X . . . . X X . . . . X X . .
15 . . . X . . . . . . . . . . . X . . .
14 . . . . . . . . . . . . . . . X . . .
13 . . . . . . . . . . . . . . . . . . .
12 . . . . . . . . . X . . . . . . . . .
11 . . X X . . . . . X . . . . . . . . .
10 . . X . . . . . . X . . . . . X X X .
 9 . . . . . . . . . . . . . . . X . X X
 8 . . . . . . . . . . . . . . X . X . .
 7 . . . . . . . . . X . . . . . X X X X
 6 . . . X . . . X X X . . . . . X . . .
 5 . . . X . . . X . X . . . . . X . . X
 4 . . . X . . . . X X X . . . . X X . .
 3 . X X X X X . X X . X X . . . X X X X
 2 . X . . X . X . X X X . X . . X . X .
 1 X X . . . X X X . . . X . . . . X . .

koPOSITIONALscoreAREAtaxNONEsui1komi7.5
Time taken: 0.00154303
Root visits: 43
New playouts: 43
NN rows: 0
NN batches: 0
NN avg batch size: -nan
PlayoutDoublingAdvantage: -2.75
PV: pass G18
Tree:
: T  93.20c W 100.00c S  -6.66c (+308.1 L +310.7) N      43  --  pass G18
---Black(^)---
pss : T 117.52c W 100.00c S  14.75c (+339.3 L +339.7) LCB   17.60c P 14.19% WF  18.1 PSV      17 N       3  --  pass G18
G4  : T  88.42c W 100.00c S -11.58c (+302.5 L +305.8) LCB -261.72c P  4.60% WF   3.6 PSV       0 N       1  --  G4
S5  : T  88.48c W 100.00c S -11.52c (+302.7 L +306.1) LCB -261.67c P  4.46% WF   3.5 PSV       0 N       1  --  S5
G3  : T  88.19c W 100.00c S -11.81c (+301.6 L +304.7) LCB -261.81c P  4.44% WF   3.5 PSV       0 N       1  --  G3
N3  : T  88.06c W 100.00c S -11.94c (+301.3 L +304.3) LCB -261.94c P  4.12% WF   3.6 PSV       0 N       1  --  N3
T6  : T  88.15c W 100.00c S -11.85c (+301.5 L +304.7) LCB -261.85c P  3.23% WF   3.5 PSV       0 N       1  --  T6
Q19 : T  88.12c W 100.00c S -11.88c (+301.4 L +304.3) LCB -261.88c P  3.16% WF   3.6 PSV       0 N       1  --  Q19
P18 : T  88.30c W 100.00c S -11.70c (+301.9 L +305.1) LCB -261.70c P  2.97% WF   3.6 PSV       0 N       1  --  P18
T4  : T  87.99c W 100.00c S -12.01c (+300.8 L +304.0) LCB -262.01c P  2.85% WF   3.6 PSV       0 N       1  --  T4
P7  : T  88.05c W 100.00c S -11.95c (+301.2 L +304.2) LCB -261.95c P  1.98% WF   3.6 PSV       0 N       1  --  P7

2025-11-16 20:50:28-0500: play pass
2025-11-16 20:50:28-0500: Controller: kata-set-param maxVisits 100
2025-11-16 20:50:28-0500: = 
2025-11-16 20:50:28-0500: Controller: kata-genmove_analyze b
2025-11-16 20:50:28-0500: =
2025-11-16 20:50:28-0500: MoveNum: 0 HASH: 2AC48FEDA2836BF9D86FF1ECBFDBF3FA
   A B C D E F G H J K L M N O P Q R S T
19 . . . . . . . . . . . . . . X . . X .
18 X X X X . . . . . . . . . . . X X . X
17 . . . X . . . . . . X . . . . X . X .
16 . . . X X . . . . X X . . . . X X . .
15 . . . X . . . . . . . . . . . X . . .
14 . . . . . . . . . . . . . . . X . . .
13 . . . . . . . . . . . . . . . . . . .
12 . . . . . . . . . X . . . . . . . . .
11 . . X X . . . . . X . . . . . . . . .
10 . . X . . . . . . X . . . . . X X X .
 9 . . . . . . . . . . . . . . . X . X X
 8 . . . . . . . . . . . . . . X . X . .
 7 . . . . . . . . . X . . . . . X X X X
 6 . . . X . . . X X X . . . . . X . . .
 5 . . . X . . . X . X . . . . . X . . X
 4 . . . X . . . . X X X . . . . X X . .
 3 . X X X X X . X X . X X . . . X X X X
 2 . X . . X . X . X X X . X . . X . X .
 1 X X . . . X X X . . . X . . . . X . .

koPOSITIONALscoreAREAtaxNONEsui1komi7.5
Time taken: 0.00171589
Root visits: 42
New playouts: 42
NN rows: 0
NN batches: 0
NN avg batch size: -nan
PlayoutDoublingAdvantage: -2.75
PV: pass pass
Tree:
: T  92.04c W 100.00c S  -7.80c (+306.7 L +309.3) N      42  --  pass pass
---Black(^)---
pss : T 115.89c W 100.00c S  13.08c (+337.4 L +338.4) LCB  -76.51c P 14.19% WF  12.6 PSV      12 N       2  --  pass pass
G4  : T  88.42c W 100.00c S -11.58c (+302.5 L +305.8) LCB -261.72c P  4.60% WF   3.6 PSV       0 N       1  --  G4
S5  : T  88.48c W 100.00c S -11.52c (+302.7 L +306.1) LCB -261.67c P  4.46% WF   3.5 PSV       0 N       1  --  S5
G3  : T  88.19c W 100.00c S -11.81c (+301.6 L +304.7) LCB -261.81c P  4.44% WF   3.5 PSV       0 N       1  --  G3
N3  : T  88.06c W 100.00c S -11.94c (+301.3 L +304.3) LCB -261.94c P  4.12% WF   3.6 PSV       0 N       1  --  N3
T6  : T  88.15c W 100.00c S -11.85c (+301.5 L +304.7) LCB -261.85c P  3.23% WF   3.6 PSV       0 N       1  --  T6
Q19 : T  88.12c W 100.00c S -11.88c (+301.4 L +304.3) LCB -261.88c P  3.16% WF   3.6 PSV       0 N       1  --  Q19
P18 : T  88.30c W 100.00c S -11.70c (+301.9 L +305.1) LCB -261.70c P  2.97% WF   3.6 PSV       0 N       1  --  P18
T4  : T  87.99c W 100.00c S -12.01c (+300.8 L +304.0) LCB -262.01c P  2.85% WF   3.6 PSV       0 N       1  --  T4
P7  : T  88.05c W 100.00c S -11.95c (+301.2 L +304.2) LCB -261.95c P  1.98% WF   3.6 PSV       0 N       1  --  P7

2025-11-16 20:50:28-0500: play pass
2025-11-16 20:50:28-0500: Controller: kata-set-param maxVisits 300
2025-11-16 20:50:28-0500: = 
2025-11-16 20:50:28-0500: Controller: kata-genmove_analyze b
2025-11-16 20:50:28-0500: =
2025-11-16 20:50:28-0500: MoveNum: 0 HASH: 2AC48FEDA2836BF9D86FF1ECBFDBF3FA
   A B C D E F G H J K L M N O P Q R S T
19 . . . . . . . . . . . . . . X . . X .
18 X X X X . . . . . . . . . . . X X . X
17 . . . X . . . . . . X . . . . X . X .
16 . . . X X . . . . X X . . . . X X . .
15 . . . X . . . . . . . . . . . X . . .
14 . . . . . . . . . . . . . . . X . . .
13 . . . . . . . . . . . . . . . . . . .
12 . . . . . . . . . X . . . . . . . . .
11 . . X X . . . . . X . . . . . . . . .
10 . . X . . . . . . X . . . . . X X X .
 9 . . . . . . . . . . . . . . . X . X X
 8 . . . . . . . . . . . . . . X . X . .
 7 . . . . . . . . . X . . . . . X X X X
 6 . . . X . . . X X X . . . . . X . . .
 5 . . . X . . . X . X . . . . . X . . X
 4 . . . X . . . . X X X . . . . X X . .
 3 . X X X X X . X X . X X . . . X X X X
 2 . X . . X . X . X X X . X . . X . X .
 1 X X . . . X X X . . . X . . . . X . .

koPOSITIONALscoreAREAtaxNONEsui1komi7.5
Time taken: 0.00269298
Root visits: 125
New playouts: 125
NN rows: 0
NN batches: 0
NN avg batch size: -nan
PlayoutDoublingAdvantage: -2.75
PV: pass D1
Tree:
: T 106.88c W 100.00c S   5.09c (+325.4 L +326.1) N     125  --  pass D1
---Black(^)---
pss : T 120.64c W 100.00c S  20.23c (+342.8 L +341.8) LCB  117.87c P 14.19% WF 298.9 PSV     278 N      55  --  pass D1
G4  : T  88.42c W 100.00c S -11.58c (+302.5 L +305.8) LCB -261.72c P  4.60% WF   3.3 PSV       2 N       1  --  G4
S5  : T  88.48c W 100.00c S -11.52c (+302.7 L +306.1) LCB -261.67c P  4.46% WF   3.2 PSV       2 N       1  --  S5
G3  : T  88.19c W 100.00c S -11.81c (+301.6 L +304.7) LCB -261.81c P  4.44% WF   3.2 PSV       2 N       1  --  G3
N3  : T  88.06c W 100.00c S -11.94c (+301.3 L +304.3) LCB -261.94c P  4.12% WF   3.3 PSV       1 N       1  --  N3
T6  : T  88.15c W 100.00c S -11.85c (+301.5 L +304.7) LCB -261.85c P  3.23% WF   3.3 PSV       1 N       1  --  T6
Q19 : T  88.12c W 100.00c S -11.88c (+301.4 L +304.3) LCB -261.88c P  3.16% WF   3.3 PSV       1 N       1  --  Q19
P18 : T  88.30c W 100.00c S -11.70c (+301.9 L +305.1) LCB -261.70c P  2.97% WF   3.3 PSV       1 N       1  --  P18
T4  : T  87.99c W 100.00c S -12.01c (+300.8 L +304.0) LCB -262.01c P  2.85% WF   3.3 PSV       1 N       1  --  T4
P7  : T  88.05c W 100.00c S -11.95c (+301.2 L +304.2) LCB -261.95c P  1.98% WF   3.3 PSV       0 N       1  --  P7

2025-11-16 20:50:28-0500: play pass
2025-11-16 20:50:28-0500: Controller: kata-set-param maxVisits 100
2025-11-16 20:50:28-0500: = 
2025-11-16 20:50:28-0500: Controller: kata-genmove_analyze b
2025-11-16 20:50:28-0500: =
2025-11-16 20:50:28-0500: MoveNum: 0 HASH: 2AC48FEDA2836BF9D86FF1ECBFDBF3FA
   A B C D E F G H J K L M N O P Q R S T
19 . . . . . . . . . . . . . . X . . X .
18 X X X X . . . . . . . . . . . X X . X
17 . . . X . . . . . . X . . . . X . X .
16 . . . X X . . . . X X . . . . X X . .
15 . . . X . . . . . . . . . . . X . . .
14 . . . . . . . . . . . . . . . X . . .
13 . . . . . . . . . . . . . . . . . . .
12 . . . . . . . . . X . . . . . . . . .
11 . . X X . . . . . X . . . . . . . . .
10 . . X . . . . . . X . . . . . X X X .
 9 . . . . . . . . . . . . . . . X . X X
 8 . . . . . . . . . . . . . . X . X . .
 7 . . . . . . . . . X . . . . . X X X X
 6 . . . X . . . X X X . . . . . X . . .
 5 . . . X . . . X . X . . . . . X . . X
 4 . . . X . . . . X X X . . . . X X . .
 3 . X X X X X . X X . X X . . . X X X X
 2 . X . . X . X . X X X . X . . X . X .
 1 X X . . . X X X . . . X . . . . X . .

koPOSITIONALscoreAREAtaxNONEsui1komi7.5
Time taken: 0.00180766
Root visits: 43
New playouts: 43
NN rows: 0
NN batches: 0
NN avg batch size: -nan
PlayoutDoublingAdvantage: -2.75
PV: pass G18
Tree:
: T  93.20c W 100.00c S  -6.66c (+308.1 L +310.7) N      43  --  pass G18
---Black(^)---
pss : T 117.52c W 100.00c S  14.75c (+339.3 L +339.7) LCB   17.60c P 14.19% WF  18.1 PSV      17 N       3  --  pass G18
G4  : T  88.42c W 100.00c S -11.58c (+302.5 L +305.8) LCB -261.72c P  4.60% WF   3.6 PSV       0 N       1  --  G4
S5  : T  88.48c W 100.00c S -11.52c (+302.7 L +306.1) LCB -261.67c P  4.46% WF   3.5 PSV       0 N       1  --  S5
G3  : T  88.19c W 100.00c S -11.81c (+301.6 L +304.7) LCB -261.81c P  4.44% WF   3.5 PSV       0 N       1  --  G3
N3  : T  88.06c W 100.00c S -11.94c (+301.3 L +304.3) LCB -261.94c P  4.12% WF   3.6 PSV       0 N       1  --  N3
T6  : T  88.15c W 100.00c S -11.85c (+301.5 L +304.7) LCB -261.85c P  3.23% WF   3.5 PSV       0 N       1  --  T6
Q19 : T  88.12c W 100.00c S -11.88c (+301.4 L +304.3) LCB -261.88c P  3.16% WF   3.6 PSV       0 N       1  --  Q19
P18 : T  88.30c W 100.00c S -11.70c (+301.9 L +305.1) LCB -261.70c P  2.97% WF   3.6 PSV       0 N       1  --  P18
T4  : T  87.99c W 100.00c S -12.01c (+300.8 L +304.0) LCB -262.01c P  2.85% WF   3.6 PSV       0 N       1  --  T4
P7  : T  88.05c W 100.00c S -11.95c (+301.2 L +304.2) LCB -261.95c P  1.98% WF   3.6 PSV       0 N       1  --  P7

2025-11-16 20:50:28-0500: play pass
2025-11-16 20:50:28-0500: Controller: kata-set-param maxVisits 100
2025-11-16 20:50:28-0500: = 
2025-11-16 20:50:28-0500: Controller: kata-genmove_analyze b
2025-11-16 20:50:28-0500: =
2025-11-16 20:50:28-0500: MoveNum: 0 HASH: 2AC48FEDA2836BF9D86FF1ECBFDBF3FA
   A B C D E F G H J K L M N O P Q R S T
19 . . . . . . . . . . . . . . X . . X .
18 X X X X . . . . . . . . . . . X X . X
17 . . . X . . . . . . X . . . . X . X .
16 . . . X X . . . . X X . . . . X X . .
15 . . . X . . . . . . . . . . . X . . .
14 . . . . . . . . . . . . . . . X . . .
13 . . . . . . . . . . . . . . . . . . .
12 . . . . . . . . . X . . . . . . . . .
11 . . X X . . . . . X . . . . . . . . .
10 . . X . . . . . . X . . . . . X X X .
 9 . . . . . . . . . . . . . . . X . X X
 8 . . . . . . . . . . . . . . X . X . .
 7 . . . . . . . . . X . . . . . X X X X
 6 . . . X . . . X X X . . . . . X . . .
 5 . . . X . . . X . X . . . . . X . . X
 4 . . . X . . . . X X X . . . . X X . .
 3 . X X X X X . X X . X X . . . X X X X
 2 . X . . X . X . X X X . X . . X . X .
 1 X X . . . X X X . . . X . . . . X . .

koPOSITIONALscoreAREAtaxNONEsui1komi7.5
Time taken: 0.00171779
Root visits: 43
New playouts: 43
NN rows: 0
NN batches: 0
NN avg batch size: -nan
PlayoutDoublingAdvantage: -2.75
PV: pass G18
Tree:
: T  93.20c W 100.00c S  -6.66c (+308.1 L +310.7) N      43  --  pass G18
---Black(^)---
pss : T 117.52c W 100.00c S  14.75c (+339.3 L +339.7) LCB   17.60c P 14.19% WF  18.1 PSV      17 N       3  --  pass G18
G4  : T  88.42c W 100.00c S -11.58c (+302.5 L +305.8) LCB -261.72c P  4.60% WF   3.6 PSV       0 N       1  --  G4
S5  : T  88.48c W 100.00c S -11.52c (+302.7 L +306.1) LCB -261.67c P  4.46% WF   3.5 PSV       0 N       1  --  S5
G3  : T  88.19c W 100.00c S -11.81c (+301.6 L +304.7) LCB -261.81c P  4.44% WF   3.5 PSV       0 N       1  --  G3
N3  : T  88.06c W 100.00c S -11.94c (+301.3 L +304.3) LCB -261.94c P  4.12% WF   3.6 PSV       0 N       1  --  N3
T6  : T  88.15c W 100.00c S -11.85c (+301.5 L +304.7) LCB -261.85c P  3.23% WF   3.5 PSV       0 N       1  --  T6
Q19 : T  88.12c W 100.00c S -11.88c (+301.4 L +304.3) LCB -261.88c P  3.16% WF   3.6 PSV       0 N       1  --  Q19
P18 : T  88.30c W 100.00c S -11.70c (+301.9 L +305.1) LCB -261.70c P  2.97% WF   3.6 PSV       0 N       1  --  P18
T4  : T  87.99c W 100.00c S -12.01c (+300.8 L +304.0) LCB -262.01c P  2.85% WF   3.6 PSV       0 N       1  --  T4
P7  : T  88.05c W 100.00c S -11.95c (+301.2 L +304.2) LCB -261.95c P  1.98% WF   3.6 PSV       0 N       1  --  P7

2025-11-16 20:50:28-0500: play pass
2025-11-16 20:50:29-0500: Controller: kata-set-param maxVisits 300
2025-11-16 20:50:29-0500: = 
2025-11-16 20:50:29-0500: Controller: kata-genmove_analyze b
2025-11-16 20:50:29-0500: =
2025-11-16 20:50:29-0500: MoveNum: 0 HASH: 2AC48FEDA2836BF9D86FF1ECBFDBF3FA
   A B C D E F G H J K L M N O P Q R S T
19 . . . . . . . . . . . . . . X . . X .
18 X X X X . . . . . . . . . . . X X . X
17 . . . X . . . . . . X . . . . X . X .
16 . . . X X . . . . X X . . . . X X . .
15 . . . X . . . . . . . . . . . X . . .
14 . . . . . . . . . . . . . . . X . . .
13 . . . . . . . . . . . . . . . . . . .
12 . . . . . . . . . X . . . . . . . . .
11 . . X X . . . . . X . . . . . . . . .
10 . . X . . . . . . X . . . . . X X X .
 9 . . . . . . . . . . . . . . . X . X X
 8 . . . . . . . . . . . . . . X . X . .
 7 . . . . . . . . . X . . . . . X X X X
 6 . . . X . . . X X X . . . . . X . . .
 5 . . . X . . . X . X . . . . . X . . X
 4 . . . X . . . . X X X . . . . X X . .
 3 . X X X X X . X X . X X . . . X X X X
 2 . X . . X . X . X X X . X . . X . X .
 1 X X . . . X X X . . . X . . . . X . .

koPOSITIONALscoreAREAtaxNONEsui1komi7.5
Time taken: 0.00213614
Root visits: 124
New playouts: 124
NN rows: 0
NN batches: 0
NN avg batch size: -nan
PlayoutDoublingAdvantage: -2.75
PV: pass D1
Tree:
: T 107.24c W 100.00c S   5.39c (+325.9 L +326.5) N     124  --  pass D1
---Black(^)---
pss : T 120.65c W 100.00c S  20.25c (+342.8 L +341.8) LCB  117.92c P 14.19% WF 303.5 PSV     283 N      56  --  pass D1
G4  : T  88.42c W 100.00c S -11.58c (+302.5 L +305.8) LCB -261.72c P  4.60% WF   3.3 PSV       2 N       1  --  G4
S5  : T  88.48c W 100.00c S -11.52c (+302.7 L +306.1) LCB -261.67c P  4.46% WF   3.2 PSV       2 N       1  --  S5
G3  : T  88.19c W 100.00c S -11.81c (+301.6 L +304.7) LCB -261.81c P  4.44% WF   3.2 PSV       2 N       1  --  G3
N3  : T  88.06c W 100.00c S -11.94c (+301.3 L +304.3) LCB -261.94c P  4.12% WF   3.3 PSV       1 N       1  --  N3
T6  : T  88.15c W 100.00c S -11.85c (+301.5 L +304.7) LCB -261.85c P  3.23% WF   3.3 PSV       1 N       1  --  T6
Q19 : T  88.12c W 100.00c S -11.88c (+301.4 L +304.3) LCB -261.88c P  3.16% WF   3.3 PSV       1 N       1  --  Q19
P18 : T  88.30c W 100.00c S -11.70c (+301.9 L +305.1) LCB -261.70c P  2.97% WF   3.3 PSV       1 N       1  --  P18
T4  : T  87.99c W 100.00c S -12.01c (+300.8 L +304.0) LCB -262.01c P  2.85% WF   3.3 PSV       1 N       1  --  T4
P7  : T  88.05c W 100.00c S -11.95c (+301.2 L +304.2) LCB -261.95c P  1.98% WF   3.3 PSV       0 N       1  --  P7

2025-11-16 20:50:29-0500: play pass
2025-11-16 20:50:29-0500: Controller: kata-set-param maxVisits 300
2025-11-16 20:50:29-0500: = 
2025-11-16 20:50:29-0500: Controller: kata-genmove_analyze b
2025-11-16 20:50:29-0500: =
2025-11-16 20:50:29-0500: MoveNum: 0 HASH: 2AC48FEDA2836BF9D86FF1ECBFDBF3FA
   A B C D E F G H J K L M N O P Q R S T
19 . . . . . . . . . . . . . . X . . X .
18 X X X X . . . . . . . . . . . X X . X
17 . . . X . . . . . . X . . . . X . X .
16 . . . X X . . . . X X . . . . X X . .
15 . . . X . . . . . . . . . . . X . . .
14 . . . . . . . . . . . . . . . X . . .
13 . . . . . . . . . . . . . . . . . . .
12 . . . . . . . . . X . . . . . . . . .
11 . . X X . . . . . X . . . . . . . . .
10 . . X . . . . . . X . . . . . X X X .
 9 . . . . . . . . . . . . . . . X . X X
 8 . . . . . . . . . . . . . . X . X . .
 7 . . . . . . . . . X . . . . . X X X X
 6 . . . X . . . X X X . . . . . X . . .
 5 . . . X . . . X . X . . . . . X . . X
 4 . . . X . . . . X X X . . . . X X . .
 3 . X X X X X . X X . X X . . . X X X X
 2 . X . . X . X . X X X . X . . X . X .
 1 X X . . . X X X . . . X . . . . X . .

koPOSITIONALscoreAREAtaxNONEsui1komi7.5
Time taken: 0.00249336
Root visits: 126
New playouts: 126
NN rows: 0
NN batches: 0
NN avg batch size: -nan
PlayoutDoublingAdvantage: -2.75
PV: pass D1
Tree:
: T 106.25c W 100.00c S   4.56c (+324.6 L +325.4) N     126  --  pass D1
---Black(^)---
pss : T 120.59c W 100.00c S  20.17c (+342.8 L +341.7) LCB  117.72c P 14.19% WF 288.9 PSV     268 N      53  --  pass D1
G4  : T  88.42c W 100.00c S -11.58c (+302.5 L +305.8) LCB -261.72c P  4.60% WF   3.3 PSV       2 N       1  --  G4
S5  : T  88.48c W 100.00c S -11.52c (+302.7 L +306.1) LCB -261.67c P  4.46% WF   3.2 PSV       2 N       1  --  S5
G3  : T  88.19c W 100.00c S -11.81c (+301.6 L +304.7) LCB -261.81c P  4.44% WF   3.2 PSV       2 N       1  --  G3
N3  : T  88.06c W 100.00c S -11.94c (+301.3 L +304.3) LCB -261.94c P  4.12% WF   3.3 PSV       1 N       1  --  N3
T6  : T  88.15c W 100.00c S -11.85c (+301.5 L +304.7) LCB -261.85c P  3.23% WF   3.3 PSV       1 N       1  --  T6
Q19 : T  88.12c W 100.00c S -11.88c (+301.4 L +304.3) LCB -261.88c P  3.16% WF   3.3 PSV       1 N       1  --  Q19
P18 : T  88.30c W 100.00c S -11.70c (+301.9 L +305.1) LCB -261.70c P  2.97% WF   3.3 PSV       1 N       1  --  P18
T4  : T  87.99c W 100.00c S -12.01c (+300.8 L +304.0) LCB -262.01c P  2.85% WF   3.3 PSV       1 N       1  --  T4
P7  : T  88.05c W 100.00c S -11.95c (+301.2 L +304.2) LCB -261.95c P  1.98% WF   3.3 PSV       0 N       1  --  P7

2025-11-16 20:50:29-0500: play pass
2025-11-16 20:50:29-0500: Controller: kata-set-param maxVisits 100
2025-11-16 20:50:29-0500: = 
2025-11-16 20:50:29-0500: Controller: kata-genmove_analyze b
2025-11-16 20:50:29-0500: =
2025-11-16 20:50:29-0500: MoveNum: 0 HASH: 2AC48FEDA2836BF9D86FF1ECBFDBF3FA
   A B C D E F G H J K L M N O P Q R S T
19 . . . . . . . . . . . . . . X . . X .
18 X X X X . . . . . . . . . . . X X . X
17 . . . X . . . . . . X . . . . X . X .
16 . . . X X . . . . X X . . . . X X . .
15 . . . X . . . . . . . . . . . X . . .
14 . . . . . . . . . . . . . . . X . . .
13 . . . . . . . . . . . . . . . . . . .
12 . . . . . . . . . X . . . . . . . . .
11 . . X X . . . . . X . . . . . . . . .
10 . . X . . . . . . X . . . . . X X X .
 9 . . . . . . . . . . . . . . . X . X X
 8 . . . . . . . . . . . . . . X . X . .
 7 . . . . . . . . . X . . . . . X X X X
 6 . . . X . . . X X X . . . . . X . . .
 5 . . . X . . . X . X . . . . . X . . X
 4 . . . X . . . . X X X . . . . X X . .
 3 . X X X X X . X X . X X . . . X X X X
 2 . X . . X . X . X X X . X . . X . X .
 1 X X . . . X X X . . . X . . . . X . .

koPOSITIONALscoreAREAtaxNONEsui1komi7.5
Time taken: 0.00140614
Root visits: 43
New playouts: 43
NN rows: 0
NN batches: 0
NN avg batch size: -nan
PlayoutDoublingAdvantage: -2.75
PV: pass S5
Tree:
: T  94.37c W 100.00c S  -5.59c (+309.6 L +311.9) N      43  --  pass S5
---Black(^)---
pss : T 117.65c W 100.00c S  15.21c (+339.3 L +338.8) LCB   57.34c P 14.19% WF  24.2 PSV      22 N       4  --  pass S5
G4  : T  88.42c W 100.00c S -11.58c (+302.5 L +305.8) LCB -261.72c P  4.60% WF   3.5 PSV       0 N       1  --  G4
S5  : T  88.48c W 100.00c S -11.52c (+302.7 L +306.1) LCB -261.67c P  4.46% WF   3.5 PSV       0 N       1  --  S5
G3  : T  88.19c W 100.00c S -11.81c (+301.6 L +304.7) LCB -261.81c P  4.44% WF   3.5 PSV       0 N       1  --  G3
N3  : T  88.06c W 100.00c S -11.94c (+301.3 L +304.3) LCB -261.94c P  4.12% WF   3.6 PSV       0 N       1  --  N3
T6  : T  88.15c W 100.00c S -11.85c (+301.5 L +304.7) LCB -261.85c P  3.23% WF   3.5 PSV       0 N       1  --  T6
Q19 : T  88.12c W 100.00c S -11.88c (+301.4 L +304.3) LCB -261.88c P  3.16% WF   3.6 PSV       0 N       1  --  Q19
P18 : T  88.30c W 100.00c S -11.70c (+301.9 L +305.1) LCB -261.70c P  2.97% WF   3.5 PSV       0 N       1  --  P18
T4  : T  87.99c W 100.00c S -12.01c (+300.8 L +304.0) LCB -262.01c P  2.85% WF   3.6 PSV       0 N       1  --  T4
P7  : T  88.05c W 100.00c S -11.95c (+301.2 L +304.2) LCB -261.95c P  1.98% WF   3.6 PSV       0 N       1  --  P7

2025-11-16 20:50:29-0500: play pass
2025-11-16 20:50:29-0500: Controller: kata-set-param maxVisits 100
2025-11-16 20:50:29-0500: = 
2025-11-16 20:50:29-0500: Controller: kata-genmove_analyze b
2025-11-16 20:50:29-0500: =
2025-11-16 20:50:29-0500: MoveNum: 0 HASH: 2AC48FEDA2836BF9D86FF1ECBFDBF3FA
   A B C D E F G H J K L M N O P Q R S T
19 . . . . . . . . . . . . . . X . . X .
18 X X X X . . . . . . . . . . . X X . X
17 . . . X . . . . . . X . . . . X . X .
16 . . . X X . . . . X X . . . . X X . .
15 . . . X . . . . . . . . . . . X . . .
14 . . . . . . . . . . . . . . . X . . .
13 . . . . . . . . . . . . . . . . . . .
12 . . . . . . . . . X . . . . . . . . .
11 . . X X . . . . . X . . . . . . . . .
10 . . X . . . . . . X . . . . . X X X .
 9 . . . . . . . . . . . . . . . X . X X
 8 . . . . . . . . . . . . . . X . X . .
 7 . . . . . . . . . X . . . . . X X X X
 6 . . . X . . . X X X . . . . . X . . .
 5 . . . X . . . X . X . . . . . X . . X
 4 . . . X . . . . X X X . . . . X X . .
 3 . X X X X X . X X . X X . . . X X X X
 2 . X . . X . X . X X X . X . . X . X .
 1 X X . . . X X X . . . X . . . . X . .

koPOSITIONALscoreAREAtaxNONEsui1komi7.5
Time taken: 0.00129055
Root visits: 43
New playouts: 43
NN rows: 0
NN batches: 0
NN avg batch size: -nan
PlayoutDoublingAdvantage: -2.75
PV: pass G18
Tree:
: T  93.20c W 100.00c S  -6.66c (+308.1 L +310.7) N      43  --  pass G18
---Black(^)---
pss : T 117.52c W 100.00c S  14.75c (+339.3 L +339.7) LCB   17.60c P 14.19% WF  18.1 PSV      17 N       3  --  pass G18
G4  : T  88.42c W 100.00c S -11.58c (+302.5 L +305.8) LCB -261.72c P  4.60% WF   3.6 PSV       0 N       1  --  G4
S5  : T  88.48c W 100.00c S -11.52c (+302.7 L +306.1) LCB -261.67c P  4.46% WF   3.5 PSV       0 N       1  --  S5
G3  : T  88.19c W 100.00c S -11.81c (+301.6 L +304.7) LCB -261.81c P  4.44% WF   3.5 PSV       0 N       1  --  G3
N3  : T  88.06c W 100.00c S -11.94c (+301.3 L +304.3) LCB -261.94c P  4.12% WF   3.6 PSV       0 N       1  --  N3
T6  : T  88.15c W 100.00c S -11.85c (+301.5 L +304.7) LCB -261.85c P  3.23% WF   3.5 PSV       0 N       1  --  T6
Q19 : T  88.12c W 100.00c S -11.88c (+301.4 L +304.3) LCB -261.88c P  3.16% WF   3.6 PSV       0 N       1  --  Q19
P18 : T  88.30c W 100.00c S -11.70c (+301.9 L +305.1) LCB -261.70c P  2.97% WF   3.6 PSV       0 N       1  --  P18
T4  : T  87.99c W 100.00c S -12.01c (+300.8 L +304.0) LCB -262.01c P  2.85% WF   3.6 PSV       0 N       1  --  T4
P7  : T  88.05c W 100.00c S -11.95c (+301.2 L +304.2) LCB -261.95c P  1.98% WF   3.6 PSV       0 N       1  --  P7

2025-11-16 20:50:29-0500: play pass
2025-11-16 20:50:29-0500: Controller: kata-set-param maxVisits 100
2025-11-16 20:50:29-0500: = 
2025-11-16 20:50:29-0500: Controller: kata-genmove_analyze b
2025-11-16 20:50:29-0500: =
2025-11-16 20:50:29-0500: MoveNum: 0 HASH: 2AC48FEDA2836BF9D86FF1ECBFDBF3FA
   A B C D E F G H J K L M N O P Q R S T
19 . . . . . . . . . . . . . . X . . X .
18 X X X X . . . . . . . . . . . X X . X
17 . . . X . . . . . . X . . . . X . X .
16 . . . X X . . . . X X . . . . X X . .
15 . . . X . . . . . . . . . . . X . . .
14 . . . . . . . . . . . . . . . X . . .
13 . . . . . . . . . . . . . . . . . . .
12 . . . . . . . . . X . . . . . . . . .
11 . . X X . . . . . X . . . . . . . . .
10 . . X . . . . . . X . . . . . X X X .
 9 . . . . . . . . . . . . . . . X . X X
 8 . . . . . . . . . . . . . . X . X . .
 7 . . . . . . . . . X . . . . . X X X X
 6 . . . X . . . X X X . . . . . X . . .
 5 . . . X . . . X . X . . . . . X . . X
 4 . . . X . . . . X X X . . . . X X . .
 3 . X X X X X . X X . X X . . . X X X X
 2 . X . . X . X . X X X . X . . X . X .
 1 X X . . . X X X . . . X . . . . X . .

koPOSITIONALscoreAREAtaxNONEsui1komi7.5
Time taken: 0.00142005
Root visits: 44
New playouts: 44
NN rows: 0
NN batches: 0
NN avg batch size: -nan
PlayoutDoublingAdvantage: -2.75
PV: pass S5
Tree:
: T  94.25c W 100.00c S  -5.71c (+309.5 L +311.8) N      44  --  pass S5
---Black(^)---
pss : T 117.65c W 100.00c S  15.21c (+339.3 L +338.8) LCB   57.34c P 14.19% WF  24.2 PSV      22 N       4  --  pass S5
G4  : T  88.42c W 100.00c S -11.58c (+302.5 L +305.8) LCB -261.72c P  4.60% WF   3.5 PSV       0 N       1  --  G4
S5  : T  88.48c W 100.00c S -11.52c (+302.7 L +306.1) LCB -261.67c P  4.46% WF   3.5 PSV       0 N       1  --  S5
G3  : T  88.19c W 100.00c S -11.81c (+301.6 L +304.7) LCB -261.81c P  4.44% WF   3.5 PSV       0 N       1  --  G3
N3  : T  88.06c W 100.00c S -11.94c (+301.3 L +304.3) LCB -261.94c P  4.12% WF   3.6 PSV       0 N       1  --  N3
T6  : T  88.15c W 100.00c S -11.85c (+301.5 L +304.7) LCB -261.85c P  3.23% WF   3.5 PSV       0 N       1  --  T6
Q19 : T  88.12c W 100.00c S -11.88c (+301.4 L +304.3) LCB -261.88c P  3.16% WF   3.6 PSV       0 N       1  --  Q19
P18 : T  88.30c W 100.00c S -11.70c (+301.9 L +305.1) LCB -261.70c P  2.97% WF   3.5 PSV       0 N       1  --  P18
T4  : T  87.99c W 100.00c S -12.01c (+300.8 L +304.0) LCB -262.01c P  2.85% WF   3.6 PSV       0 N       1  --  T4
P7  : T  88.05c W 100.00c S -11.95c (+301.2 L +304.2) LCB -261.95c P  1.98% WF   3.6 PSV       0 N       1  --  P7

2025-11-16 20:50:29-0500: play pass
2025-11-16 20:50:29-0500: Controller: kata-set-param maxVisits 100
2025-11-16 20:50:29-0500: = 
2025-11-16 20:50:29-0500: Controller: kata-genmove_analyze b
2025-11-16 20:50:29-0500: =
2025-11-16 20:50:29-0500: MoveNum: 0 HASH: 2AC48FEDA2836BF9D86FF1ECBFDBF3FA
   A B C D E F G H J K L M N O P Q R S T
19 . . . . . . . . . . . . . . X . . X .
18 X X X X . . . . . . . . . . . X X . X
17 . . . X . . . . . . X . . . . X . X .
16 . . . X X . . . . X X . . . . X X . .
15 . . . X . . . . . . . . . . . X . . .
14 . . . . . . . . . . . . . . . X . . .
13 . . . . . . . . . . . . . . . . . . .
12 . . . . . . . . . X . . . . . . . . .
11 . . X X . . . . . X . . . . . . . . .
10 . . X . . . . . . X . . . . . X X X .
 9 . . . . . . . . . . . . . . . X . X X
 8 . . . . . . . . . . . . . . X . X . .
 7 . . . . . . . . . X . . . . . X X X X
 6 . . . X . . . X X X . . . . . X . . .
 5 . . . X . . . X . X . . . . . X . . X
 4 . . . X . . . . X X X . . . . X X . .
 3 . X X X X X . X X . X X . . . X X X X
 2 . X . . X . X . X X X . X . . X . X .
 1 X X . . . X X X . . . X . . . . X . .

koPOSITIONALscoreAREAtaxNONEsui1komi7.5
Time taken: 0.00153452
Root visits: 42
New playouts: 42
NN rows: 0
NN batches: 0
NN avg batch size: -nan
PlayoutDoublingAdvantage: -2.75
PV: pass G18
Tree:
: T  93.30c W 100.00c S  -6.55c (+308.3 L +310.8) N      42  --  pass G18
---Black(^)---
pss : T 117.52c W 100.00c S  14.75c (+339.3 L +339.7) LCB   17.60c P 14.19% WF  18.1 PSV      17 N       3  --  pass G18
G4  : T  88.42c W 100.00c S -11.58c (+302.5 L +305.8) LCB -261.72c P  4.60% WF   3.6 PSV       0 N       1  --  G4
S5  : T  88.48c W 100.00c S -11.52c (+302.7 L +306.1) LCB -261.67c P  4.46% WF   3.5 PSV       0 N       1  --  S5
G3  : T  88.19c W 100.00c S -11.81c (+301.6 L +304.7) LCB -261.81c P  4.44% WF   3.5 PSV       0 N       1  --  G3
N3  : T  88.06c W 100.00c S -11.94c (+301.3 L +304.3) LCB -261.94c P  4.12% WF   3.6 PSV       0 N       1  --  N3
T6  : T  88.15c W 100.00c S -11.85c (+301.5 L +304.7) LCB -261.85c P  3.23% WF   3.5 PSV       0 N       1  --  T6
Q19 : T  88.12c W 100.00c S -11.88c (+301.4 L +304.3) LCB -261.88c P  3.16% WF   3.6 PSV       0 N       1  --  Q19
P18 : T  88.30c W 100.00c S -11.70c (+301.9 L +305.1) LCB -261.70c P  2.97% WF   3.6 PSV       0 N       1  --  P18
T4  : T  87.99c W 100.00c S -12.01c (+300.8 L +304.0) LCB -262.01c P  2.85% WF   3.6 PSV       0 N       1  --  T4
P7  : T  88.05c W 100.00c S -11.95c (+301.2 L +304.2) LCB -261.95c P  1.98% WF   3.6 PSV       0 N       1  --  P7

2025-11-16 20:50:29-0500: play pass
2025-11-16 20:50:29-0500: Controller: kata-set-param maxVisits 300
2025-11-16 20:50:29-0500: = 
2025-11-16 20:50:29-0500: Controller: kata-genmove_analyze b
2025-11-16 20:50:29-0500: =
2025-11-16 20:50:29-0500: MoveNum: 0 HASH: 2AC48FEDA2836BF9D86FF1ECBFDBF3FA
   A B C D E F G H J K L M N O P Q R S T
19 . . . . . . . . . . . . . . X . . X .
18 X X X X . . . . . . . . . . . X X . X
17 . . . X . . . . . . X . . . . X . X .
16 . . . X X . . . . X X . . . . X X . .
15 . . . X . . . . . . . . . . . X . . .
14 . . . . . . . . . . . . . . . X . . .
13 . . . . . . . . . . . . . . . . . . .
12 . . . . . . . . . X . . . . . . . . .
11 . . X X . . . . . X . . . . . . . . .
10 . . X . . . . . . X . . . . . X X X .
 9 . . . . . . . . . . . . . . . X . X X
 8 . . . . . . . . . . . . . . X . X . .
 7 . . . . . . . . . X . . . . . X X X X
 6 . . . X . . . X X X . . . . . X . . .
 5 . . . X . . . X . X . . . . . X . . X
 4 . . . X . . . . X X X . . . . X X . .
 3 . X X X X X . X X . X X . . . X X X X
 2 . X . . X . X . X X X . X . . X . X .
 1 X X . . . X X X . . . X . . . . X . .

koPOSITIONALscoreAREAtaxNONEsui1komi7.5
Time taken: 0.00285262
Root visits: 125
New playouts: 125
NN rows: 0
NN batches: 0
NN avg batch size: -nan
PlayoutDoublingAdvantage: -2.75
PV: pass D1
Tree:
: T 107.13c W 100.00c S   5.30c (+325.7 L +326.4) N     125  --  pass D1
---Black(^)---
pss : T 120.65c W 100.00c S  20.25c (+342.8 L +341.8) LCB  117.92c P 14.19% WF 303.7 PSV     283 N      56  --  pass D1
G4  : T  88.42c W 100.00c S -11.58c (+302.5 L +305.8) LCB -261.72c P  4.60% WF   3.3 PSV       2 N       1  --  G4
S5  : T  88.48c W 100.00c S -11.52c (+302.7 L +306.1) LCB -261.67c P  4.46% WF   3.2 PSV       2 N       1  --  S5
G3  : T  88.19c W 100.00c S -11.81c (+301.6 L +304.7) LCB -261.81c P  4.44% WF   3.2 PSV       2 N       1  --  G3
N3  : T  88.06c W 100.00c S -11.94c (+301.3 L +304.3) LCB -261.94c P  4.12% WF   3.3 PSV       1 N       1  --  N3
T6  : T  88.15c W 100.00c S -11.85c (+301.5 L +304.7) LCB -261.85c P  3.23% WF   3.3 PSV       1 N       1  --  T6
Q19 : T  88.12c W 100.00c S -11.88c (+301.4 L +304.3) LCB -261.88c P  3.16% WF   3.3 PSV       1 N       1  --  Q19
P18 : T  88.30c W 100.00c S -11.70c (+301.9 L +305.1) LCB -261.70c P  2.97% WF   3.3 PSV       1 N       1  --  P18
T4  : T  87.99c W 100.00c S -12.01c (+300.8 L +304.0) LCB -262.01c P  2.85% WF   3.3 PSV       1 N       1  --  T4
P7  : T  88.05c W 100.00c S -11.95c (+301.2 L +304.2) LCB -261.95c P  1.98% WF   3.3 PSV       0 N       1  --  P7

2025-11-16 20:50:29-0500: play pass
2025-11-16 20:50:29-0500: Controller: kata-set-param maxVisits 100
2025-11-16 20:50:29-0500: = 
2025-11-16 20:50:29-0500: Controller: kata-genmove_analyze b
2025-11-16 20:50:29-0500: =
2025-11-16 20:50:29-0500: MoveNum: 0 HASH: 2AC48FEDA2836BF9D86FF1ECBFDBF3FA
   A B C D E F G H J K L M N O P Q R S T
19 . . . . . . . . . . . . . . X . . X .
18 X X X X . . . . . . . . . . . X X . X
17 . . . X . . . . . . X . . . . X . X .
16 . . . X X . . . . X X . . . . X X . .
15 . . . X . . . . . . . . . . . X . . .
14 . . . . . . . . . . . . . . . X . . .
13 . . . . . . . . . . . . . . . . . . .
12 . . . . . . . . . X . . . . . . . . .
11 . . X X . . . . . X . . . . . . . . .
10 . . X . . . . . . X . . . . . X X X .
 9 . . . . . . . . . . . . . . . X . X X
 8 . . . . . . . . . . . . . . X . X . .
 7 . . . . . . . . . X . . . . . X X X X
 6 . . . X . . . X X X . . . . . X . . .
 5 . . . X . . . X . X . . . . . X . . X
 4 . . . X . . . . X X X . . . . X X . .
 3 . X X X X X . X X . X X . . . X X X X
 2 . X . . X . X . X X X . X . . X . X .
 1 X X . . . X X X . . . X . . . . X . .

koPOSITIONALscoreAREAtaxNONEsui1komi7.5
Time taken: 0.00147924
Root visits: 43
New playouts: 43
NN rows: 0
NN batches: 0
NN avg batch size: -nan
PlayoutDoublingAdvantage: -2.75
PV: pass S5
Tree:
: T  94.37c W 100.00c S  -5.59c (+309.6 L +311.9) N      43  --  pass S5
---Black(^)---
pss : T 117.65c W 100.00c S  15.21c (+339.3 L +338.8) LCB   57.34c P 14.19% WF  24.2 PSV      22 N       4  --  pass S5
G4  : T  88.42c W 100.00c S -11.58c (+302.5 L +305.8) LCB -261.72c P  4.60% WF   3.5 PSV       0 N       1  --  G4
S5  : T  88.48c W 100.00c S -11.52c (+302.7 L +306.1) LCB -261.67c P  4.46% WF   3.5 PSV       0 N       1  --  S5
G3  : T  88.19c W 100.00c S -11.81c (+301.6 L +304.7) LCB -261.81c P  4.44% WF   3.5 PSV       0 N       1  --  G3
N3  : T  88.06c W 100.00c S -11.94c (+301.3 L +304.3) LCB -261.94c P  4.12% WF   3.6 PSV       0 N       1  --  N3
T6  : T  88.15c W 100.00c S -11.85c (+301.5 L +304.7) LCB -261.85c P  3.23% WF   3.5 PSV       0 N       1  --  T6
Q19 : T  88.12c W 100.00c S -11.88c (+301.4 L +304.3) LCB -261.88c P  3.16% WF   3.6 PSV       0 N       1  --  Q19
P18 : T  88.30c W 100.00c S -11.70c (+301.9 L +305.1) LCB -261.70c P  2.97% WF   3.5 PSV       0 N       1  --  P18
T4  : T  87.99c W 100.00c S -12.01c (+300.8 L +304.0) LCB -262.01c P  2.85% WF   3.6 PSV       0 N       1  --  T4
P7  : T  88.05c W 100.00c S -11.95c (+301.2 L +304.2) LCB -261.95c P  1.98% WF   3.6 PSV       0 N       1  --  P7

2025-11-16 20:50:29-0500: play pass
2025-11-16 20:50:29-0500: Controller: kata-set-param maxVisits 100
2025-11-16 20:50:29-0500: = 
2025-11-16 20:50:29-0500: Controller: kata-genmove_analyze b
2025-11-16 20:50:29-0500: =
2025-11-16 20:50:29-0500: MoveNum: 0 HASH: 2AC48FEDA2836BF9D86FF1ECBFDBF3FA
   A B C D E F G H J K L M N O P Q R S T
19 . . . . . . . . . . . . . . X . . X .
18 X X X X . . . . . . . . . . . X X . X
17 . . . X . . . . . . X . . . . X . X .
16 . . . X X . . . . X X . . . . X X . .
15 . . . X . . . . . . . . . . . X . . .
14 . . . . . . . . . . . . . . . X . . .
13 . . . . . . . . . . . . . . . . . . .
12 . . . . . . . . . X . . . . . . . . .
11 . . X X . . . . . X . . . . . . . . .
10 . . X . . . . . . X . . . . . X X X .
 9 . . . . . . . . . . . . . . . X . X X
 8 . . . . . . . . . . . . . . X . X . .
 7 . . . . . . . . . X . . . . . X X X X
 6 . . . X . . . X X X . . . . . X . . .
 5 . . . X . . . X . X . . . . . X . . X
 4 . . . X . . . . X X X . . . . X X . .
 3 . X X X X X . X X . X X . . . X X X X
 2 . X . . X . X . X X X . X . . X . X .
 1 X X . . . X X X . . . X . . . . X . .

koPOSITIONALscoreAREAtaxNONEsui1komi7.5
Time taken: 0.0014373
Root visits: 43
New playouts: 43
NN rows: 0
NN batches: 0
NN avg batch size: -nan
PlayoutDoublingAdvantage: -2.75
PV: pass G18
Tree:
: T  93.20c W 100.00c S  -6.66c (+308.1 L +310.7) N      43  --  pass G18
---Black(^)---
pss : T 117.52c W 100.00c S  14.75c (+339.3 L +339.7) LCB   17.60c P 14.19% WF  18.1 PSV      17 N       3  --  pass G18
G4  : T  88.42c W 100.00c S -11.58c (+302.5 L +305.8) LCB -261.72c P  4.60% WF   3.6 PSV       0 N       1  --  G4
S5  : T  88.48c W 100.00c S -11.52c (+302.7 L +306.1) LCB -261.67c P  4.46% WF   3.5 PSV       0 N       1  --  S5
G3  : T  88.19c W 100.00c S -11.81c (+301.6 L +304.7) LCB -261.81c P  4.44% WF   3.5 PSV       0 N       1  --  G3
N3  : T  88.06c W 100.00c S -11.94c (+301.3 L +304.3) LCB -261.94c P  4.12% WF   3.6 PSV       0 N       1  --  N3
T6  : T  88.15c W 100.00c S -11.85c (+301.5 L +304.7) LCB -261.85c P  3.23% WF   3.5 PSV       0 N       1  --  T6
Q19 : T  88.12c W 100.00c S -11.88c (+301.4 L +304.3) LCB -261.88c P  3.16% WF   3.6 PSV       0 N       1  --  Q19
P18 : T  88.30c W 100.00c S -11.70c (+301.9 L +305.1) LCB -261.70c P  2.97% WF   3.6 PSV       0 N       1  --  P18
T4  : T  87.99c W 100.00c S -12.01c (+300.8 L +304.0) LCB -262.01c P  2.85% WF   3.6 PSV       0 N       1  --  T4
P7  : T  88.05c W 100.00c S -11.95c (+301.2 L +304.2) LCB -261.95c P  1.98% WF   3.6 PSV       0 N       1  --  P7

2025-11-16 20:50:29-0500: play pass
2025-11-16 20:50:29-0500: Controller: kata-set-param maxVisits 100
2025-11-16 20:50:29-0500: = 
2025-11-16 20:50:29-0500: Controller: kata-genmove_analyze b
2025-11-16 20:50:29-0500: =
2025-11-16 20:50:29-0500: MoveNum: 0 HASH: 2AC48FEDA2836BF9D86FF1ECBFDBF3FA
   A B C D E F G H J K L M N O P Q R S T
19 . . . . . . . . . . . . . . X . . X .
18 X X X X . . . . . . . . . . . X X . X
17 . . . X . . . . . . X . . . . X . X .
16 . . . X X . . . . X X . . . . X X . .
15 . . . X . . . . . . . . . . . X . . .
14 . . . . . . . . . . . . . . . X . . .
13 . . . . . . . . . . . . . . . . . . .
12 . . . . . . . . . X . . . . . . . . .
11 . . X X . . . . . X . . . . . . . . .
10 . . X . . . . . . X . . . . . X X X .
 9 . . . . . . . . . . . . . . . X . X X
 8 . . . . . . . . . . . . . . X . X . .
 7 . . . . . . . . . X . . . . . X X X X
 6 . . . X . . . X X X . . . . . X . . .
 5 . . . X . . . X . X . . . . . X . . X
 4 . . . X . . . . X X X . . . . X X . .
 3 . X X X X X . X X . X X . . . X X X X
 2 . X . . X . X . X X X . X . . X . X .
 1 X X . . . X X X . . . X . . . . X . .

koPOSITIONALscoreAREAtaxNONEsui1komi7.5
Time taken: 0.0012793
Root visits: 43
New playouts: 43
NN rows: 0
NN batches: 0
NN avg batch size: -nan
PlayoutDoublingAdvantage: -2.75
PV: pass S5
Tree:
: T  94.37c W 100.00c S  -5.59c (+309.6 L +311.9) N      43  --  pass S5
---Black(^)---
pss : T 117.65c W 100.00c S  15.21c (+339.3 L +338.8) LCB   57.34c P 14.19% WF  24.2 PSV      22 N       4  --  pass S5
G4  : T  88.42c W 100.00c S -11.58c (+302.5 L +305.8) LCB -261.72c P  4.60% WF   3.5 PSV       0 N       1  --  G4
S5  : T  88.48c W 100.00c S -11.52c (+302.7 L +306.1) LCB -261.67c P  4.46% WF   3.5 PSV       0 N       1  --  S5
G3  : T  88.19c W 100.00c S -11.81c (+301.6 L +304.7) LCB -261.81c P  4.44% WF   3.5 PSV       0 N       1  --  G3
N3  : T  88.06c W 100.00c S -11.94c (+301.3 L +304.3) LCB -261.94c P  4.12% WF   3.6 PSV       0 N       1  --  N3
T6  : T  88.15c W 100.00c S -11.85c (+301.5 L +304.7) LCB -261.85c P  3.23% WF   3.5 PSV       0 N       1  --  T6
Q19 : T  88.12c W 100.00c S -11.88c (+301.4 L +304.3) LCB -261.88c P  3.16% WF   3.6 PSV       0 N       1  --  Q19
P18 : T  88.30c W 100.00c S -11.70c (+301.9 L +305.1) LCB -261.70c P  2.97% WF   3.5 PSV       0 N       1  --  P18
T4  : T  87.99c W 100.00c S -12.01c (+300.8 L +304.0) LCB -262.01c P  2.85% WF   3.6 PSV       0 N       1  --  T4
P7  : T  88.05c W 100.00c S -11.95c (+301.2 L +304.2) LCB -261.95c P  1.98% WF   3.6 PSV       0 N       1  --  P7

2025-11-16 20:50:29-0500: play pass
2025-11-16 20:50:29-0500: Controller: kata-set-param maxVisits 300
2025-11-16 20:50:29-0500: = 
2025-11-16 20:50:29-0500: Controller: kata-genmove_analyze b
2025-11-16 20:50:29-0500: =
2025-11-16 20:50:29-0500: MoveNum: 0 HASH: 2AC48FEDA2836BF9D86FF1ECBFDBF3FA
   A B C D E F G H J K L M N O P Q R S T
19 . . . . . . . . . . . . . . X . . X .
18 X X X X . . . . . . . . . . . X X . X
17 . . . X . . . . . . X . . . . X . X .
16 . . . X X . . . . X X . . . . X X . .
15 . . . X . . . . . . . . . . . X . . .
14 . . . . . . . . . . . . . . . X . . .
13 . . . . . . . . . . . . . . . . . . .
12 . . . . . . . . . X . . . . . . . . .
11 . . X X . . . . . X . . . . . . . . .
10 . . X . . . . . . X . . . . . X X X .
 9 . . . . . . . . . . . . . . . X . X X
 8 . . . . . . . . . . . . . . X . X . .
 7 . . . . . . . . . X . . . . . X X X X
 6 . . . X . . . X X X . . . . . X . . .
 5 . . . X . . . X . X . . . . . X . . X
 4 . . . X . . . . X X X . . . . X X . .
 3 . X X X X X . X X . X X . . . X X X X
 2 . X . . X . X . X X X . X . . X . X .
 1 X X . . . X X X . . . X . . . . X . .

koPOSITIONALscoreAREAtaxNONEsui1komi7.5
Time taken: 0.00231421
Root visits: 125
New playouts: 125
NN rows: 0
NN batches: 0
NN avg batch size: -nan
PlayoutDoublingAdvantage: -2.75
PV: pass D1
Tree:
: T 106.63c W 100.00c S   4.88c (+325.1 L +325.8) N     125  --  pass D1
---Black(^)---
pss : T 120.64c W 100.00c S  20.22c (+342.8 L +341.8) LCB  117.81c P 14.19% WF 294.0 PSV     273 N      54  --  pass D1
G4  : T  88.42c W 100.00c S -11.58c (+302.5 L +305.8) LCB -261.72c P  4.60% WF   3.3 PSV       2 N       1  --  G4
S5  : T  88.48c W 100.00c S -11.52c (+302.7 L +306.1) LCB -261.67c P  4.46% WF   3.2 PSV       2 N       1  --  S5
G3  : T  88.19c W 100.00c S -11.81c (+301.6 L +304.7) LCB -261.81c P  4.44% WF   3.2 PSV       2 N       1  --  G3
N3  : T  88.06c W 100.00c S -11.94c (+301.3 L +304.3) LCB -261.94c P  4.12% WF   3.3 PSV       1 N       1  --  N3
T6  : T  88.15c W 100.00c S -11.85c (+301.5 L +304.7) LCB -261.85c P  3.23% WF   3.3 PSV       1 N       1  --  T6
Q19 : T  88.12c W 100.00c S -11.88c (+301.4 L +304.3) LCB -261.88c P  3.16% WF   3.3 PSV       1 N       1  --  Q19
P18 : T  88.30c W 100.00c S -11.70c (+301.9 L +305.1) LCB -261.70c P  2.97% WF   3.3 PSV       1 N       1  --  P18
T4  : T  87.99c W 100.00c S -12.01c (+300.8 L +304.0) LCB -262.01c P  2.85% WF   3.3 PSV       1 N       1  --  T4
P7  : T  88.05c W 100.00c S -11.95c (+301.2 L +304.2) LCB -261.95c P  1.98% WF   3.3 PSV       0 N       1  --  P7

2025-11-16 20:50:29-0500: play pass
2025-11-16 20:50:29-0500: Controller: kata-set-param maxVisits 100
2025-11-16 20:50:29-0500: = 
2025-11-16 20:50:29-0500: Controller: kata-genmove_analyze b
2025-11-16 20:50:29-0500: =
2025-11-16 20:50:29-0500: MoveNum: 0 HASH: 2AC48FEDA2836BF9D86FF1ECBFDBF3FA
   A B C D E F G H J K L M N O P Q R S T
19 . . . . . . . . . . . . . . X . . X .
18 X X X X . . . . . . . . . . . X X . X
17 . . . X . . . . . . X . . . . X . X .
16 . . . X X . . . . X X . . . . X X . .
15 . . . X . . . . . . . . . . . X . . .
14 . . . . . . . . . . . . . . . X . . .
13 . . . . . . . . . . . . . . . . . . .
12 . . . . . . . . . X . . . . . . . . .
11 . . X X . . . . . X . . . . . . . . .
10 . . X . . . . . . X . . . . . X X X .
 9 . . . . . . . . . . . . . . . X . X X
 8 . . . . . . . . . . . . . . X . X . .
 7 . . . . . . . . . X . . . . . X X X X
 6 . . . X . . . X X X . . . . . X . . .
 5 . . . X . . . X . X . . . . . X . . X
 4 . . . X . . . . X X X . . . . X X . .
 3 . X X X X X . X X . X X . . . X X X X
 2 . X . . X . X . X X X . X . . X . X .
 1 X X . . . X X X . . . X . . . . X . .

koPOSITIONALscoreAREAtaxNONEsui1komi7.5
Time taken: 0.00135166
Root visits: 43
New playouts: 43
NN rows: 0
NN batches: 0
NN avg batch size: -nan
PlayoutDoublingAdvantage: -2.75
PV: pass S5
Tree:
: T  94.37c W 100.00c S  -5.59c (+309.6 L +311.9) N      43  --  pass S5
---Black(^)---
pss : T 117.65c W 100.00c S  15.21c (+339.3 L +338.8) LCB   57.34c P 14.19% WF  24.2 PSV      22 N       4  --  pass S5
G4  : T  88.42c W 100.00c S -11.58c (+302.5 L +305.8) LCB -261.72c P  4.60% WF   3.5 PSV       0 N       1  --  G4
S5  : T  88.48c W 100.00c S -11.52c (+302.7 L +306.1) LCB -261.67c P  4.46% WF   3.5 PSV       0 N       1  --  S5
G3  : T  88.19c W 100.00c S -11.81c (+301.6 L +304.7) LCB -261.81c P  4.44% WF   3.5 PSV       0 N       1  --  G3
N3  : T  88.06c W 100.00c S -11.94c (+301.3 L +304.3) LCB -261.94c P  4.12% WF   3.6 PSV       0 N       1  --  N3
T6  : T  88.15c W 100.00c S -11.85c (+301.5 L +304.7) LCB -261.85c P  3.23% WF   3.5 PSV       0 N       1  --  T6
Q19 : T  88.12c W 100.00c S -11.88c (+301.4 L +304.3) LCB -261.88c P  3.16% WF   3.6 PSV       0 N       1  --  Q19
P18 : T  88.30c W 100.00c S -11.70c (+301.9 L +305.1) LCB -261.70c P  2.97% WF   3.5 PSV       0 N       1  --  P18
T4  : T  87.99c W 100.00c S -12.01c (+300.8 L +304.0) LCB -262.01c P  2.85% WF   3.6 PSV       0 N       1  --  T4
P7  : T  88.05c W 100.00c S -11.95c (+301.2 L +304.2) LCB -261.95c P  1.98% WF   3.6 PSV       0 N       1  --  P7

2025-11-16 20:50:29-0500: play pass
2025-11-16 20:50:29-0500: Controller: kata-set-param maxVisits 100
2025-11-16 20:50:29-0500: = 
2025-11-16 20:50:29-0500: Controller: kata-genmove_analyze b
2025-11-16 20:50:29-0500: =
2025-11-16 20:50:29-0500: MoveNum: 0 HASH: 2AC48FEDA2836BF9D86FF1ECBFDBF3FA
   A B C D E F G H J K L M N O P Q R S T
19 . . . . . . . . . . . . . . X . . X .
18 X X X X . . . . . . . . . . . X X . X
17 . . . X . . . . . . X . . . . X . X .
16 . . . X X . . . . X X . . . . X X . .
15 . . . X . . . . . . . . . . . X . . .
14 . . . . . . . . . . . . . . . X . . .
13 . . . . . . . . . . . . . . . . . . .
12 . . . . . . . . . X . . . . . . . . .
11 . . X X . . . . . X . . . . . . . . .
10 . . X . . . . . . X . . . . . X X X .
 9 . . . . . . . . . . . . . . . X . X X
 8 . . . . . . . . . . . . . . X . X . .
 7 . . . . . . . . . X . . . . . X X X X
 6 . . . X . . . X X X . . . . . X . . .
 5 . . . X . . . X . X . . . . . X . . X
 4 . . . X . . . . X X X . . . . X X . .
 3 . X X X X X . X X . X X . . . X X X X
 2 . X . . X . X . X X X . X . . X . X .
 1 X X . . . X X X . . . X . . . . X . .

koPOSITIONALscoreAREAtaxNONEsui1komi7.5
Time taken: 0.00124509
Root visits: 42
New playouts: 42
NN rows: 0
NN batches: 0
NN avg batch size: -nan
PlayoutDoublingAdvantage: -2.75
PV: pass pass
Tree:
: T  92.04c W 100.00c S  -7.80c (+306.7 L +309.3) N      42  --  pass pass
---Black(^)---
pss : T 115.89c W 100.00c S  13.08c (+337.4 L +338.4) LCB  -76.51c P 14.19% WF  12.6 PSV      12 N       2  --  pass pass
G4  : T  88.42c W 100.00c S -11.58c (+302.5 L +305.8) LCB -261.72c P  4.60% WF   3.6 PSV       0 N       1  --  G4
S5  : T  88.48c W 100.00c S -11.52c (+302.7 L +306.1) LCB -261.67c P  4.46% WF   3.5 PSV       0 N       1  --  S5
G3  : T  88.19c W 100.00c S -11.81c (+301.6 L +304.7) LCB -261.81c P  4.44% WF   3.5 PSV       0 N       1  --  G3
N3  : T  88.06c W 100.00c S -11.94c (+301.3 L +304.3) LCB -261.94c P  4.12% WF   3.6 PSV       0 N       1  --  N3
T6  : T  88.15c W 100.00c S -11.85c (+301.5 L +304.7) LCB -261.85c P  3.23% WF   3.6 PSV       0 N       1  --  T6
Q19 : T  88.12c W 100.00c S -11.88c (+301.4 L +304.3) LCB -261.88c P  3.16% WF   3.6 PSV       0 N       1  --  Q19
P18 : T  88.30c W 100.00c S -11.70c (+301.9 L +305.1) LCB -261.70c P  2.97% WF   3.6 PSV       0 N       1  --  P18
T4  : T  87.99c W 100.00c S -12.01c (+300.8 L +304.0) LCB -262.01c P  2.85% WF   3.6 PSV       0 N       1  --  T4
P7  : T  88.05c W 100.00c S -11.95c (+301.2 L +304.2) LCB -261.95c P  1.98% WF   3.6 PSV       0 N       1  --  P7

2025-11-16 20:50:29-0500: play pass
2025-11-16 20:50:29-0500: Controller: kata-set-param maxVisits 300
2025-11-16 20:50:29-0500: = 
2025-11-16 20:50:29-0500: Controller: kata-genmove_analyze b
2025-11-16 20:50:29-0500: =
2025-11-16 20:50:29-0500: MoveNum: 0 HASH: 2AC48FEDA2836BF9D86FF1ECBFDBF3FA
   A B C D E F G H J K L M N O P Q R S T
19 . . . . . . . . . . . . . . X . . X .
18 X X X X . . . . . . . . . . . X X . X
17 . . . X . . . . . . X . . . . X . X .
16 . . . X X . . . . X X . . . . X X . .
15 . . . X . . . . . . . . . . . X . . .
14 . . . . . . . . . . . . . . . X . . .
13 . . . . . . . . . . . . . . . . . . .
12 . . . . . . . . . X . . . . . . . . .
11 . . X X . . . . . X . . . . . . . . .
10 . . X . . . . . . X . . . . . X X X .
 9 . . . . . . . . . . . . . . . X . X X
 8 . . . . . . . . . . . . . . X . X . .
 7 . . . . . . . . . X . . . . . X X X X
 6 . . . X . . . X X X . . . . . X . . .
 5 . . . X . . . X . X . . . . . X . . X
 4 . . . X . . . . X X X . . . . X X . .
 3 . X X X X X . X X . X X . . . X X X X
 2 . X . . X . X . X X X . X . . X . X .
 1 X X . . . X X X . . . X . . . . X . .

koPOSITIONALscoreAREAtaxNONEsui1komi7.5
Time taken: 0.00218573
Root visits: 126
New playouts: 126
NN rows: 0
NN batches: 0
NN avg batch size: -nan
PlayoutDoublingAdvantage: -2.75
PV: pass D1
Tree:
: T 108.01c W 100.00c S   6.04c (+326.8 L +327.4) N     126  --  pass D1
---Black(^)---
pss : T 120.66c W 100.00c S  20.28c (+342.8 L +341.8) LCB  118.12c P 14.19% WF 323.8 PSV     303 N      60  --  pass D1
G4  : T  88.42c W 100.00c S -11.58c (+302.5 L +305.8) LCB -261.72c P  4.60% WF   3.3 PSV       2 N       1  --  G4
S5  : T  88.48c W 100.00c S -11.52c (+302.7 L +306.1) LCB -261.67c P  4.46% WF   3.2 PSV       2 N       1  --  S5
G3  : T  88.19c W 100.00c S -11.81c (+301.6 L +304.7) LCB -261.81c P  4.44% WF   3.2 PSV       2 N       1  --  G3
N3  : T  88.06c W 100.00c S -11.94c (+301.3 L +304.3) LCB -261.94c P  4.12% WF   3.3 PSV       1 N       1  --  N3
T6  : T  88.15c W 100.00c S -11.85c (+301.5 L +304.7) LCB -261.85c P  3.23% WF   3.3 PSV       1 N       1  --  T6
Q19 : T  88.12c W 100.00c S -11.88c (+301.4 L +304.3) LCB -261.88c P  3.16% WF   3.3 PSV       1 N       1  --  Q19
P18 : T  88.30c W 100.00c S -11.70c (+301.9 L +305.1) LCB -261.70c P  2.97% WF   3.3 PSV       1 N       1  --  P18
T4  : T  87.99c W 100.00c S -12.01c (+300.8 L +304.0) LCB -262.01c P  2.85% WF   3.3 PSV       1 N       1  --  T4
P7  : T  88.05c W 100.00c S -11.95c (+301.2 L +304.2) LCB -261.95c P  1.98% WF   3.3 PSV       0 N       1  --  P7

2025-11-16 20:50:29-0500: play pass
2025-11-16 20:50:29-0500: Controller: kata-set-param maxVisits 100
2025-11-16 20:50:29-0500: = 
2025-11-16 20:50:29-0500: Controller: kata-genmove_analyze b
2025-11-16 20:50:29-0500: =
2025-11-16 20:50:29-0500: MoveNum: 0 HASH: 2AC48FEDA2836BF9D86FF1ECBFDBF3FA
   A B C D E F G H J K L M N O P Q R S T
19 . . . . . . . . . . . . . . X . . X .
18 X X X X . . . . . . . . . . . X X . X
17 . . . X . . . . . . X . . . . X . X .
16 . . . X X . . . . X X . . . . X X . .
15 . . . X . . . . . . . . . . . X . . .
14 . . . . . . . . . . . . . . . X . . .
13 . . . . . . . . . . . . . . . . . . .
12 . . . . . . . . . X . . . . . . . . .
11 . . X X . . . . . X . . . . . . . . .
10 . . X . . . . . . X . . . . . X X X .
 9 . . . . . . . . . . . . . . . X . X X
 8 . . . . . . . . . . . . . . X . X . .
 7 . . . . . . . . . X . . . . . X X X X
 6 . . . X . . . X X X . . . . . X . . .
 5 . . . X . . . X . X . . . . . X . . X
 4 . . . X . . . . X X X . . . . X X . .
 3 . X X X X X . X X . X X . . . X X X X
 2 . X . . X . X . X X X . X . . X . X .
 1 X X . . . X X X . . . X . . . . X . .

koPOSITIONALscoreAREAtaxNONEsui1komi7.5
Time taken: 0.00133439
Root visits: 43
New playouts: 43
NN rows: 0
NN batches: 0
NN avg batch size: -nan
PlayoutDoublingAdvantage: -2.75
PV: pass S5
Tree:
: T  94.37c W 100.00c S  -5.59c (+309.6 L +311.9) N      43  --  pass S5
---Black(^)---
pss : T 117.65c W 100.00c S  15.21c (+339.3 L +338.8) LCB   57.34c P 14.19% WF  24.2 PSV      22 N       4  --  pass S5
G4  : T  88.42c W 100.00c S -11.58c (+302.5 L +305.8) LCB -261.72c P  4.60% WF   3.5 PSV       0 N       1  --  G4
S5  : T  88.48c W 100.00c S -11.52c (+302.7 L +306.1) LCB -261.67c P  4.46% WF   3.5 PSV       0 N       1  --  S5
G3  : T  88.19c W 100.00c S -11.81c (+301.6 L +304.7) LCB -261.81c P  4.44% WF   3.5 PSV       0 N       1  --  G3
N3  : T  88.06c W 100.00c S -11.94c (+301.3 L +304.3) LCB -261.94c P  4.12% WF   3.6 PSV       0 N       1  --  N3
T6  : T  88.15c W 100.00c S -11.85c (+301.5 L +304.7) LCB -261.85c P  3.23% WF   3.5 PSV       0 N       1  --  T6
Q19 : T  88.12c W 100.00c S -11.88c (+301.4 L +304.3) LCB -261.88c P  3.16% WF   3.6 PSV       0 N       1  --  Q19
P18 : T  88.30c W 100.00c S -11.70c (+301.9 L +305.1) LCB -261.70c P  2.97% WF   3.5 PSV       0 N       1  --  P18
T4  : T  87.99c W 100.00c S -12.01c (+300.8 L +304.0) LCB -262.01c P  2.85% WF   3.6 PSV       0 N       1  --  T4
P7  : T  88.05c W 100.00c S -11.95c (+301.2 L +304.2) LCB -261.95c P  1.98% WF   3.6 PSV       0 N       1  --  P7

2025-11-16 20:50:29-0500: play pass
2025-11-16 20:50:29-0500: Controller: genmove w
2025-11-16 20:50:33-0500: MoveNum: 1 HASH: 2AC48FEDA2836BF9D86FF1ECBFDBF3FA
   A B C D E F G H J K L M N O P Q R S T
19 . . . . . . . . . . . . . . X . . X .
18 X X X X . . . . . . . . . . . X X . X
17 . . . X . . . . . . X . . . . X . X .
16 . . . X X . . . . X X . . . . X X . .
15 . . . X . . . . . . . . . . . X . @ .
14 . . . . . . . . . . . . . . . X . . .
13 . . . . . . . . . . . . . . . . . . .
12 . . . . . . . . . X . . . . . . . . .
11 . . X X . . . . . X . . . . . . . . .
10 . . X . . . . . . X . . . . . X X X .
 9 . . . . . . . . . . . . . . . X . X X
 8 . . . . . . . . . . . . . . X . X . .
 7 . . . . . . . . . X . . . . . X X X X
 6 . . . X . . . X X X . . . . . X . . .
 5 . . . X . . . X . X . . . . . X . . X
 4 . . . X . . . . X X X . . . . X X . .
 3 . X X X X X . X X . X X . . . X X X X
 2 . X . . X . X . X X X . X . . X . X .
 1 X X . . . X X X . . . X . . . . X . .

koPOSITIONALscoreAREAtaxNONEsui1komi7.5
Time taken: 4.30765
Root visits: 55
New playouts: 55
NN rows: 24
NN batches: 24
NN avg batch size: 1
PlayoutDoublingAdvantage: 2.75
PV: S15 S14 S13
Tree:
: T -133.80c W -100.00c S -34.09c (-341.9 L -340.7) N      55  --  S15 S14 S13
---White(^)---
S15 : T -132.83c W -100.00c S -32.92c (-337.1 L -336.0) LCB -147.65c P  3.86% WF  46.7 PSV      55 N      10  --  S15 S14 S13
H18 : T -132.52c W -100.00c S -32.63c (-336.8 L -335.8) LCB -152.63c P  3.51% WF  38.5 PSV      39 N       9  --  H18 J18 K18
pss : T -135.46c W -100.00c S -35.46c (-357.6 L -354.5) LCB -284.45c P  6.31% WF  15.6 PSV      14 N       2  --  pass pass
G18 : T -127.93c W -100.00c S -32.80c (-335.9 L -335.7) LCB -362.58c P  3.40% WF   9.5 PSV      10 N       2  --  G18 F18
B9  : T -134.48c W -100.00c S -34.48c (-343.7 L -342.5) LCB -484.52c P  3.00% WF   7.5 PSV       8 N       1  --  B9
K18 : T -134.53c W -100.00c S -34.53c (-344.3 L -343.4) LCB -484.57c P  2.98% WF   7.5 PSV       8 N       1  --  K18
B12 : T -134.48c W -100.00c S -34.48c (-343.8 L -342.5) LCB -484.53c P  2.76% WF   7.5 PSV       8 N       1  --  B12
S5  : T -134.12c W -100.00c S -34.12c (-339.7 L -336.4) LCB -484.17c P  2.51% WF   7.7 PSV       8 N       1  --  S5
O18 : T -134.50c W -100.00c S -34.50c (-344.2 L -343.2) LCB -484.54c P  2.17% WF   7.5 PSV       7 N       1  --  O18
J17 : T -134.59c W -100.00c S -34.59c (-345.0 L -344.0) LCB -484.63c P  2.09% WF   7.5 PSV       6 N       1  --  J17

2025-11-16 20:50:33-0500: = S15
2025-11-16 20:50:33-0500: Controller: kata-set-param maxVisits 100
2025-11-16 20:50:33-0500: = 
2025-11-16 20:50:33-0500: Controller: kata-genmove_analyze b
2025-11-16 20:50:33-0500: =
2025-11-16 20:50:41-0500: MoveNum: 2 HASH: 0972628D7B76F4E2094D8D19CF5901C8
   A B C D E F G H J K L M N O P Q R S T
19 . . . . . . . . . . . . . . X . . X .
18 X X X X . . . . . . . . . . . X X . X
17 . . . X . . . . . . X . . . . X . X .
16 . . . X X . . . . X X . . . . X X . .
15 . . . X . . . . . . . . . . . X . O2.
14 . . . . . . . . . . . . . . . X . @ .
13 . . . . . . . . . . . . . . . . . . .
12 . . . . . . . . . X . . . . . . . . .
11 . . X X . . . . . X . . . . . . . . .
10 . . X . . . . . . X . . . . . X X X .
 9 . . . . . . . . . . . . . . . X . X X
 8 . . . . . . . . . . . . . . X . X . .
 7 . . . . . . . . . X . . . . . X X X X
 6 . . . X . . . X X X . . . . . X . . .
 5 . . . X . . . X . X . . . . . X . . X
 4 . . . X . . . . X X X . . . . X X . .
 3 . X X X X X . X X . X X . . . X X X X
 2 . X . . X . X . X X X . X . . X . X .
 1 X X . . . X X X . . . X . . . . X . .

koPOSITIONALscoreAREAtaxNONEsui1komi7.5
Time taken: 7.83016
Root visits: 45
New playouts: 45
NN rows: 37
NN batches: 35
NN avg batch size: 1.05714
PlayoutDoublingAdvantage: -2.75
PV: S14 S12
Tree:
: T 120.27c W 100.00c S  17.80c (+339.6 L +339.0) N      45  --  S14 S12
---Black(^)---
S14 : T 124.55c W 100.00c S  23.41c (+344.8 L +343.8) LCB  120.76c P 25.69% WF 122.1 PSV     131 N      22  --  S14 S12
S16 : T 123.90c W 100.00c S  22.18c (+343.6 L +342.8) LCB  116.07c P 18.98% WF  65.0 PSV      64 N      12  --  S16 G4
R15 : T  89.61c W 100.00c S -10.39c (+302.1 L +304.5) LCB -260.39c P 12.36% WF   2.6 PSV       2 N       1  --  R15
T15 : T  89.32c W 100.00c S -10.68c (+301.2 L +303.7) LCB -260.68c P 12.03% WF   2.7 PSV       2 N       1  --  T15
S5  : T  90.82c W 100.00c S  -9.18c (+305.2 L +307.3) LCB -259.40c P  1.73% WF   2.5 PSV       0 N       1  --  S5
N3  : T  90.37c W 100.00c S  -9.63c (+304.1 L +306.3) LCB -259.63c P  1.46% WF   2.5 PSV       0 N       1  --  N3
G4  : T  90.67c W 100.00c S  -9.32c (+305.0 L +307.4) LCB -259.51c P  1.40% WF   2.5 PSV       0 N       1  --  G4
G3  : T  90.69c W 100.00c S  -9.31c (+304.7 L +307.0) LCB -259.31c P  0.74% WF   2.4 PSV       0 N       1  --  G3
P18 : T  90.48c W 100.00c S  -9.52c (+304.3 L +306.9) LCB -259.52c P  0.74% WF   2.5 PSV       0 N       1  --  P18
T16 : T  89.69c W 100.00c S -10.31c (+302.3 L +304.8) LCB -260.49c P  0.66% WF   2.7 PSV       0 N       1  --  T16

2025-11-16 20:50:41-0500: play S14
2025-11-16 20:50:41-0500: Controller: genmove w
2025-11-16 20:50:49-0500: MoveNum: 3 HASH: 49409BA5542DAE82E9402606BF221752
   A B C D E F G H J K L M N O P Q R S T
19 . . . . . . . . . . . . . . X . . X .
18 X X X X . . . . . . . . . . . X X . X
17 . . . X . . . . . . X . . . . X . X .
16 . . . X X . . . . X X . . . . X X . .
15 . . . X . . . . . . . . . . . X . O2.
14 . . . . . . . . . . . . . . . X . X3.
13 . . . . . . . . . . . . . . . . . . .
12 . . . . . . . . . X . . . . . . . . .
11 . . X X . . . . . X . . . . . . . . .
10 . . X . . . . . . X . . . . . X X X .
 9 . . . . . . . . . . . . . . . X . X X
 8 . . . . . . . . . . . . . . X . X . .
 7 . . . . . . . . . X . . . . . X X X X
 6 . . . X . . . X X X . . . . . X . . .
 5 . . . X . . . X . X . . . . . X . . X
 4 . . . X . . . . X X X . . . . X X . .
 3 . X X X X X . X X . X X . . . X X X X
 2 . X . . X . X . X X X . X . . X . X .
 1 X X . . . X X X . . . X . . . . X . .

koPOSITIONALscoreAREAtaxNONEsui1komi7.5
Time taken: 8.07958
Root visits: 111
New playouts: 111
NN rows: 90
NN batches: 89
NN avg batch size: 1.01124
PlayoutDoublingAdvantage: 2.75
PV: pass T15 T16
Tree:
: T -133.43c W -100.00c S -33.94c (-341.0 L -339.9) N     111  --  pass T15 T16
---White(^)---
pss : T -133.86c W -100.00c S -33.83c (-341.6 L -340.1) LCB -137.80c P 13.95% WF 119.7 PSV     120 N      24  --  pass T15 T16
S13 : T -133.21c W -100.00c S -33.19c (-337.2 L -335.5) LCB -138.79c P  4.64% WF  92.3 PSV      83 N      19  --  S13 R13 pass
B9  : T -133.17c W -100.00c S -33.16c (-338.0 L -336.8) LCB -138.68c P  2.67% WF  94.7 PSV      51 N      20  --  B9 T15 B7
B12 : T -128.13c W -100.00c S -31.41c (-331.3 L -331.5) LCB -265.10c P  2.58% WF  12.1 PSV      12 N       3  --  B12 T15
T16 : T -127.80c W -100.00c S -31.20c (-329.8 L -330.0) LCB -266.85c P  2.23% WF  11.9 PSV      12 N       3  --  T16 R14
K18 : T -128.87c W -100.00c S -33.09c (-337.2 L -337.1) LCB -352.66c P  2.35% WF   9.8 PSV      10 N       2  --  K18 T15
G4  : T -129.08c W -100.00c S -32.88c (-335.5 L -335.6) LCB -344.26c P  2.04% WF  10.0 PSV      10 N       2  --  G4 T15
B16 : T -129.27c W -100.00c S -32.84c (-335.2 L -335.0) LCB -340.49c P  1.97% WF  10.1 PSV      10 N       2  --  B16 T15
S12 : T -128.10c W -100.00c S -32.91c (-335.5 L -335.3) LCB -360.83c P  1.82% WF   9.5 PSV      10 N       2  --  S12 R12
T14 : T -134.70c W -100.00c S -34.70c (-345.1 L -343.0) LCB -484.74c P  1.79% WF   7.5 PSV       8 N       1  --  T14

2025-11-16 20:50:49-0500: = pass
2025-11-16 20:50:49-0500: Controller: kata-set-param maxVisits 100
2025-11-16 20:50:49-0500: = 
2025-11-16 20:50:49-0500: Controller: kata-genmove_analyze b
2025-11-16 20:50:49-0500: =
2025-11-16 20:50:56-0500: MoveNum: 4 HASH: 49409BA5542DAE82E9402606BF221752
   A B C D E F G H J K L M N O P Q R S T
19 . . . . . . . . . . . . . . X . . X .
18 X X X X . . . . . . . . . . . X X . X
17 . . . X . . . . . . X . . . . X . X .
16 . . . X X . . . . X X . . . . X X . .
15 . . . X . . . . . . . . . . . X . O1@
14 . . . . . . . . . . . . . . . X . X2.
13 . . . . . . . . . . . . . . . . . . .
12 . . . . . . . . . X . . . . . . . . .
11 . . X X . . . . . X . . . . . . . . .
10 . . X . . . . . . X . . . . . X X X .
 9 . . . . . . . . . . . . . . . X . X X
 8 . . . . . . . . . . . . . . X . X . .
 7 . . . . . . . . . X . . . . . X X X X
 6 . . . X . . . X X X . . . . . X . . .
 5 . . . X . . . X . X . . . . . X . . X
 4 . . . X . . . . X X X . . . . X X . .
 3 . X X X X X . X X . X X . . . X X X X
 2 . X . . X . X . X X X . X . . X . X .
 1 X X . . . X X X . . . X . . . . X . .

koPOSITIONALscoreAREAtaxNONEsui1komi7.5
Time taken: 6.80869
Root visits: 22
New playouts: 22
NN rows: 16
NN batches: 16
NN avg batch size: 1
PlayoutDoublingAdvantage: -2.75
PV: T15 S12
Tree:
: T 121.60c W 100.00c S  18.95c (+341.5 L +340.6) N      22  --  T15 S12
---Black(^)---
T15 : T 124.50c W 100.00c S  22.97c (+345.1 L +344.0) LCB  119.46c P 32.01% WF  98.7 PSV      98 N      18  --  T15 S12
R15 : T  88.83c W 100.00c S -11.17c (+300.6 L +304.0) LCB -261.17c P 21.50% WF   3.0 PSV       3 N       1  --  R15
S16 : T  88.57c W 100.00c S -11.43c (+299.9 L +303.3) LCB -261.43c P 16.79% WF   2.9 PSV       2 N       1  --  S16
R14 : T  88.50c W 100.00c S -11.50c (+299.7 L +303.1) LCB -261.50c P 11.76% WF   3.0 PSV       1 N       1  --  R14
pss : T  89.01c W 100.00c S -10.99c (+301.0 L +303.4) LCB -1400.00c P  0.00% WF   0.0 PSV       0 N       1  --  pass

2025-11-16 20:50:56-0500: play T15
2025-11-16 20:50:56-0500: Controller: genmove w
2025-11-16 20:51:04-0500: MoveNum: 5 HASH: 9FEA434515BEACF819F8D5B321DE11EF
   A B C D E F G H J K L M N O P Q R S T
19 . . . . . . . . . . . . . . X . . X .
18 X X X X . . . . . @ . . . . . X X . X
17 . . . X . . . . . . X . . . . X . X .
16 . . . X X . . . . X X . . . . X X . .
15 . . . X . . . . . . . . . . . X . O X3
14 . . . . . . . . . . . . . . . X . X1.
13 . . . . . . . . . . . . . . . . . . .
12 . . . . . . . . . X . . . . . . . . .
11 . . X X . . . . . X . . . . . . . . .
10 . . X . . . . . . X . . . . . X X X .
 9 . . . . . . . . . . . . . . . X . X X
 8 . . . . . . . . . . . . . . X . X . .
 7 . . . . . . . . . X . . . . . X X X X
 6 . . . X . . . X X X . . . . . X . . .
 5 . . . X . . . X . X . . . . . X . . X
 4 . . . X . . . . X X X . . . . X X . .
 3 . X X X X X . X X . X X . . . X X X X
 2 . X . . X . X . X X X . X . . X . X .
 1 X X . . . X X X . . . X . . . . X . .

koPOSITIONALscoreAREAtaxNONEsui1komi7.5
Time taken: 8.29735
Root visits: 111
New playouts: 111
NN rows: 94
NN batches: 93
NN avg batch size: 1.01075
PlayoutDoublingAdvantage: 2.75
PV: K18 R15 H18
Tree:
: T -133.38c W -100.00c S -33.91c (-341.0 L -340.0) N     111  --  K18 R15 H18
---White(^)---
K18 : T -133.47c W -100.00c S -33.28c (-338.6 L -337.6) LCB -138.03c P  3.82% WF 101.9 PSV     131 N      21  --  K18 R15 H18
pss : T -134.13c W -100.00c S -34.09c (-343.9 L -341.9) LCB -139.13c P 13.18% WF  94.7 PSV      96 N      17  --  pass R15 B9
T16 : T -133.68c W -100.00c S -33.37c (-337.4 L -336.0) LCB -140.10c P  3.54% WF  73.6 PSV      61 N      14  --  T16 S16 pass
M18 : T -127.28c W -100.00c S -29.24c (-324.0 L -324.8) LCB -184.37c P  2.86% WF  16.7 PSV      17 N       5  --  M18 R15
S12 : T -127.50c W -100.00c S -29.90c (-325.2 L -326.1) LCB -210.71c P  2.50% WF  14.5 PSV      15 N       4  --  S12 S16
O18 : T -127.74c W -100.00c S -30.06c (-325.7 L -326.6) LCB -210.54c P  2.34% WF  14.6 PSV      15 N       4  --  O18 R15
S5  : T -128.48c W -100.00c S -31.17c (-329.6 L -330.4) LCB -252.15c P  2.03% WF  12.8 PSV      13 N       3  --  S5 R15
B16 : T -129.57c W -100.00c S -32.84c (-335.6 L -335.5) LCB -332.69c P  2.11% WF  10.3 PSV      11 N       2  --  B16 S16
G18 : T -128.76c W -100.00c S -33.06c (-337.3 L -336.9) LCB -350.13c P  1.97% WF   9.8 PSV      10 N       2  --  G18 S16
B12 : T -129.32c W -100.00c S -33.01c (-336.9 L -336.5) LCB -340.17c P  1.95% WF  10.1 PSV      10 N       2  --  B12 S16

2025-11-16 20:51:04-0500: = K18
2025-11-16 20:51:04-0500: Controller: kata-set-param maxVisits 100
2025-11-16 20:51:04-0500: = 
2025-11-16 20:51:04-0500: Controller: kata-genmove_analyze b
2025-11-16 20:51:04-0500: =
2025-11-16 20:51:10-0500: MoveNum: 6 HASH: 4065C05B699E85A5BF84BC8F945889FB
   A B C D E F G H J K L M N O P Q R S T
19 . . . . . . . . . . . . . . X . . X .
18 X X X X . . . . . O3@ . . . . X X . X
17 . . . X . . . . . . X . . . . X . X .
16 . . . X X . . . . X X . . . . X X . .
15 . . . X . . . . . . . . . . . X . O X2
14 . . . . . . . . . . . . . . . X . X .
13 . . . . . . . . . . . . . . . . . . .
12 . . . . . . . . . X . . . . . . . . .
11 . . X X . . . . . X . . . . . . . . .
10 . . X . . . . . . X . . . . . X X X .
 9 . . . . . . . . . . . . . . . X . X X
 8 . . . . . . . . . . . . . . X . X . .
 7 . . . . . . . . . X . . . . . X X X X
 6 . . . X . . . X X X . . . . . X . . .
 5 . . . X . . . X . X . . . . . X . . X
 4 . . . X . . . . X X X . . . . X X . .
 3 . X X X X X . X X . X X . . . X X X X
 2 . X . . X . X . X X X . X . . X . X .
 1 X X . . . X X X . . . X . . . . X . .

koPOSITIONALscoreAREAtaxNONEsui1komi7.5
Time taken: 5.47532
Root visits: 45
New playouts: 45
NN rows: 30
NN batches: 30
NN avg batch size: 1
PlayoutDoublingAdvantage: -2.75
PV: L18 T16
Tree:
: T 115.51c W 100.00c S  11.87c (+337.5 L +337.1) N      45  --  L18 T16
---Black(^)---
L18 : T 121.22c W 100.00c S  18.66c (+344.9 L +344.0) LCB  113.60c P 15.98% WF  63.3 PSV      62 N      13  --  L18 T16
S16 : T 119.52c W 100.00c S  17.02c (+342.8 L +341.9) LCB  111.99c P 17.40% WF  57.7 PSV      36 N      13  --  S16 J17
R15 : T 118.87c W 100.00c S  15.25c (+341.2 L +340.3) LCB  104.07c P 15.99% WF  35.0 PSV      28 N       8  --  R15 H18
J18 : T  87.48c W 100.00c S -12.52c (+300.7 L +303.6) LCB -262.52c P  9.96% WF   3.3 PSV       2 N       1  --  J18
R14 : T  88.11c W 100.00c S -11.89c (+303.1 L +305.3) LCB -261.89c P  9.74% WF   3.2 PSV       2 N       1  --  R14
T14 : T  87.80c W 100.00c S -12.20c (+302.0 L +304.4) LCB -262.20c P  6.39% WF   3.3 PSV       1 N       1  --  T14
K19 : T  87.74c W 100.00c S -12.26c (+301.8 L +304.5) LCB -262.26c P  3.97% WF   3.2 PSV       0 N       1  --  K19
K17 : T  87.81c W 100.00c S -12.19c (+301.9 L +304.5) LCB -262.19c P  2.50% WF   3.2 PSV       0 N       1  --  K17
T16 : T  87.89c W 100.00c S -12.11c (+302.3 L +304.7) LCB -262.24c P  1.46% WF   3.3 PSV       0 N       1  --  T16
S5  : T  88.35c W 100.00c S -11.65c (+303.9 L +305.8) LCB -261.80c P  0.57% WF   2.3 PSV       0 N       1  --  S5

2025-11-16 20:51:10-0500: play L18
2025-11-16 20:51:10-0500: Controller: genmove w
2025-11-16 20:51:19-0500: MoveNum: 7 HASH: F1A318FF3E0B88E03D5D9B83188BCDC7
   A B C D E F G H J K L M N O P Q R S T
19 . . . . . . . . . . . . . . X . . X .
18 X X X X . . . . . O2X3. . . . X X . X
17 . . . X . . . . . . X . . . . X . X .
16 . . . X X . . . . X X . . . . X X . .
15 . . . X . . . . . . . . . . . X . O X1
14 . . . . . . . . . . . . . . . X . X .
13 . . . . . . . . . . . . . . . . . . .
12 . . . . . . . . . X . . . . . . . . .
11 . . X X . . . . . X . . . . . . . . .
10 . . X . . . . . . X . . . . . X X X .
 9 . . . . . . . . . . . . . . . X . X X
 8 . . . . . . . . . . . . . . X . X . .
 7 . . . . . . . . . X . . . . . X X X X
 6 . . . X . . . X X X . . . . . X . . .
 5 . . . X . . . X . X . . . . . X . . X
 4 . . . X . . . . X X X . . . . X X . .
 3 . X X X X X . X X . X X . . . X X X X
 2 . X . . X . X . X X X . X . . X . X .
 1 X X . . . X X X . . . X . . . . X . .

koPOSITIONALscoreAREAtaxNONEsui1komi7.5
Time taken: 8.85232
Root visits: 111
New playouts: 111
NN rows: 96
NN batches: 95
NN avg batch size: 1.01053
PlayoutDoublingAdvantage: 2.75
PV: pass S16 B12
Tree:
: T -133.29c W -100.00c S -33.72c (-341.0 L -340.1) N     111  --  pass S16 B12
---White(^)---
pss : T -133.96c W -100.00c S -34.01c (-343.1 L -341.8) LCB -137.48c P 15.23% WF 132.1 PSV     133 N      24  --  pass S16 B12
H18 : T -133.45c W -100.00c S -33.23c (-338.6 L -337.4) LCB -137.56c P  8.76% WF 108.6 PSV     109 N      22  --  H18 S16 J17
J17 : T -132.52c W -100.00c S -32.57c (-336.0 L -335.3) LCB -144.88c P  4.32% WF  50.2 PSV      50 N      11  --  J17 S16 H18
G4  : T -129.46c W -100.00c S -29.86c (-326.4 L -327.0) LCB -154.11c P  2.50% WF  28.5 PSV      28 N       8  --  G4 S16 pass
B9  : T -126.46c W -100.00c S -28.86c (-324.2 L -325.0) LCB -187.46c P  2.09% WF  16.1 PSV      16 N       5  --  B9 S16
B12 : T -127.16c W -100.00c S -29.97c (-327.6 L -328.1) LCB -217.40c P  2.19% WF  14.1 PSV      14 N       4  --  B12 R15
T16 : T -127.10c W -100.00c S -29.76c (-326.0 L -326.5) LCB -213.90c P  1.83% WF  14.2 PSV      14 N       4  --  T16 R15
B16 : T -134.72c W -100.00c S -34.72c (-346.5 L -345.8) LCB -484.76c P  1.91% WF   7.4 PSV       8 N       1  --  B16
J19 : T -134.79c W -100.00c S -34.79c (-347.5 L -346.4) LCB -484.83c P  1.72% WF   7.5 PSV       8 N       1  --  J19
G18 : T -134.85c W -100.00c S -34.85c (-348.2 L -347.0) LCB -484.89c P  1.71% WF   7.5 PSV       8 N       1  --  G18

2025-11-16 20:51:19-0500: = pass
2025-11-16 20:51:19-0500: Controller: kata-set-param maxVisits 100
2025-11-16 20:51:19-0500: = 
2025-11-16 20:51:19-0500: Controller: kata-genmove_analyze b
2025-11-16 20:51:19-0500: =
2025-11-16 20:51:26-0500: MoveNum: 8 HASH: F1A318FF3E0B88E03D5D9B83188BCDC7
   A B C D E F G H J K L M N O P Q R S T
19 . . . . . . . . . @ . . . . X . . X .
18 X X X X . . . . . O1X2. . . . X X . X
17 . . . X . . . . . . X . . . . X . X .
16 . . . X X . . . . X X . . . . X X . .
15 . . . X . . . . . . . . . . . X . O X
14 . . . . . . . . . . . . . . . X . X .
13 . . . . . . . . . . . . . . . . . . .
12 . . . . . . . . . X . . . . . . . . .
11 . . X X . . . . . X . . . . . . . . .
10 . . X . . . . . . X . . . . . X X X .
 9 . . . . . . . . . . . . . . . X . X X
 8 . . . . . . . . . . . . . . X . X . .
 7 . . . . . . . . . X . . . . . X X X X
 6 . . . X . . . X X X . . . . . X . . .
 5 . . . X . . . X . X . . . . . X . . X
 4 . . . X . . . . X X X . . . . X X . .
 3 . X X X X X . X X . X X . . . X X X X
 2 . X . . X . X . X X X . X . . X . X .
 1 X X . . . X X X . . . X . . . . X . .

koPOSITIONALscoreAREAtaxNONEsui1komi7.5
Time taken: 7.22341
Root visits: 22
New playouts: 22
NN rows: 14
NN batches: 14
NN avg batch size: 1
PlayoutDoublingAdvantage: -2.75
PV: K19 T16
Tree:
: T 118.17c W 100.00c S  15.06c (+338.6 L +338.2) N      22  --  K19 T16
---Black(^)---
K19 : T 123.34c W 100.00c S  21.46c (+345.0 L +344.1) LCB  117.50c P 24.13% WF  81.5 PSV      80 N      16  --  K19 T16
S16 : T  88.72c W 100.00c S -11.28c (+302.1 L +305.5) LCB -261.28c P 22.61% WF   3.1 PSV       3 N       1  --  S16
R15 : T  88.69c W 100.00c S -11.31c (+302.0 L +305.5) LCB -261.31c P 18.09% WF   3.0 PSV       2 N       1  --  R15
J18 : T  88.52c W 100.00c S -11.48c (+301.2 L +304.6) LCB -261.48c P 10.41% WF   3.0 PSV       1 N       1  --  J18
R14 : T  88.27c W 100.00c S -11.73c (+300.6 L +303.9) LCB -261.73c P  7.55% WF   3.0 PSV       1 N       1  --  R14
K17 : T  88.63c W 100.00c S -11.37c (+301.5 L +304.9) LCB -261.37c P  2.46% WF   3.0 PSV       0 N       1  --  K17
pss : T  88.47c W 100.00c S -11.53c (+301.1 L +303.7) LCB -1400.00c P  0.00% WF   0.0 PSV       0 N       1  --  pass

2025-11-16 20:51:26-0500: play K19
2025-11-16 20:51:26-0500: Controller: genmove w
2025-11-16 20:51:34-0500: MoveNum: 9 HASH: E233B314F7320CCA2F4686C0958FD2AF
   A B C D E F G H J K L M N O P Q R S T
19 . . . . . . . . . X3. . . . X . . X .
18 X X X X . . . . . O X1. . . . X X . X
17 . . . X . . . . . . X . . . . X . X .
16 . . . X X . . . . X X . . . . X X . .
15 . . . X . . . . . . . . . . . X . O X
14 . . . . . . . . . . . . . . . X . X .
13 . . . . . . . . . . . . . . . . . . .
12 . . . . . . . . . X . . . . . . . . .
11 . . X X . . . . . X . . . . . . . . .
10 . . X . . . . . . X . . . . . X X X .
 9 . . . . . . . . . . . . . . . X . X X
 8 . . . . . . . . . . . . . . X . X . .
 7 . . . . . . . . . X . . . . . X X X X
 6 . . . X . . . X X X . . . . . X . . .
 5 . . . X . . . X . X . . . . . X . . X
 4 . . . X . . . . X X X . . . . X X . .
 3 . X X X X X . X X . X X . . . X X X X
 2 . X . . X . X . X X X . X . . X . X .
 1 X X . . . X X X . . . X . . . . X . .

koPOSITIONALscoreAREAtaxNONEsui1komi7.5
Time taken: 8.27413
Root visits: 111
New playouts: 111
NN rows: 96
NN batches: 94
NN avg batch size: 1.02128
PlayoutDoublingAdvantage: 2.75
PV: pass S16 S5
Tree:
: T -133.88c W -100.00c S -33.96c (-341.8 L -340.9) N     111  --  pass S16 S5
---White(^)---
pss : T -134.21c W -100.00c S -34.15c (-344.5 L -343.1) LCB -137.41c P 17.35% WF 133.8 PSV     134 N      25  --  pass S16 S5
B16 : T -132.87c W -100.00c S -32.59c (-335.7 L -335.2) LCB -144.48c P  2.44% WF  50.6 PSV      51 N      11  --  B16 J18 pass
O18 : T -132.85c W -100.00c S -32.64c (-336.0 L -335.3) LCB -144.86c P  2.32% WF  50.0 PSV      50 N      11  --  O18 J18 pass
T16 : T -133.17c W -100.00c S -32.96c (-336.0 L -335.5) LCB -146.55c P  3.17% WF  48.1 PSV      48 N      10  --  T16 J18 T14
J19 : T -133.13c W -100.00c S -33.04c (-336.8 L -336.1) LCB -153.34c P  2.16% WF  38.3 PSV      39 N       8  --  J19 S16 L19
H18 : T -133.67c W -100.00c S -33.45c (-338.8 L -337.7) LCB -156.55c P  2.06% WF  36.0 PSV      25 N       7  --  H18 R15 pass
S12 : T -130.94c W -100.00c S -31.27c (-330.6 L -331.0) LCB -167.44c P  2.34% WF  24.5 PSV      25 N       6  --  S12 J18 pass
J18 : T -134.97c W -100.00c S -34.97c (-349.0 L -347.3) LCB -485.01c P  2.06% WF   7.5 PSV       8 N       1  --  J18
B15 : T -134.83c W -100.00c S -34.83c (-347.0 L -346.0) LCB -484.87c P  1.89% WF   7.4 PSV       8 N       1  --  B15
B12 : T -134.88c W -100.00c S -34.88c (-347.6 L -346.4) LCB -484.92c P  1.82% WF   7.5 PSV       8 N       1  --  B12

2025-11-16 20:51:34-0500: = pass
2025-11-16 20:51:34-0500: Controller: kata-set-param maxVisits 100
2025-11-16 20:51:34-0500: = 
2025-11-16 20:51:34-0500: Controller: kata-genmove_analyze b
2025-11-16 20:51:34-0500: =
2025-11-16 20:51:38-0500: MoveNum: 10 HASH: E233B314F7320CCA2F4686C0958FD2AF
   A B C D E F G H J K L M N O P Q R S T
19 . . . . . . . . . X2. . . . X . . X .
18 X X X X . . . . . O X . . . . X X . X
17 . . . X . . . . . . X . . . . X . X .
16 . . . X X . . . . X X . . . . X X @ .
15 . . . X . . . . . . . . . . . X . O X
14 . . . . . . . . . . . . . . . X . X .
13 . . . . . . . . . . . . . . . . . . .
12 . . . . . . . . . X . . . . . . . . .
11 . . X X . . . . . X . . . . . . . . .
10 . . X . . . . . . X . . . . . X X X .
 9 . . . . . . . . . . . . . . . X . X X
 8 . . . . . . . . . . . . . . X . X . .
 7 . . . . . . . . . X . . . . . X X X X
 6 . . . X . . . X X X . . . . . X . . .
 5 . . . X . . . X . X . . . . . X . . X
 4 . . . X . . . . X X X . . . . X X . .
 3 . X X X X X . X X . X X . . . X X X X
 2 . X . . X . X . X X X . X . . X . X .
 1 X X . . . X X X . . . X . . . . X . .

koPOSITIONALscoreAREAtaxNONEsui1komi7.5
Time taken: 3.49812
Root visits: 11
New playouts: 11
NN rows: 4
NN batches: 4
NN avg batch size: 1
PlayoutDoublingAdvantage: -2.75
PV: S16 S5
Tree:
: T 114.03c W 100.00c S  10.83c (+332.4 L +332.3) N      11  --  S16 S5
---Black(^)---
S16 : T 122.46c W 100.00c S  18.88c (+342.4 L +341.6) LCB   98.52c P 26.52% WF  29.6 PSV      29 N       6  --  S16 S5
J18 : T  88.89c W 100.00c S -11.11c (+301.9 L +305.5) LCB -261.11c P 26.19% WF   3.0 PSV       3 N       1  --  J18
R15 : T  89.06c W 100.00c S -10.94c (+302.4 L +305.6) LCB -260.94c P 20.13% WF   2.9 PSV       2 N       1  --  R15
R14 : T  88.63c W 100.00c S -11.37c (+301.0 L +304.4) LCB -261.37c P  8.16% WF   2.9 PSV       0 N       1  --  R14
K17 : T  89.04c W 100.00c S -10.96c (+302.2 L +305.8) LCB -260.96c P  3.40% WF   2.9 PSV       0 N       1  --  K17
pss : T  88.68c W 100.00c S -11.32c (+301.2 L +303.8) LCB -1400.00c P  0.00% WF   0.0 PSV       0 N       1  --  pass

2025-11-16 20:51:38-0500: play S16
2025-11-16 20:51:38-0500: Controller: genmove w
2025-11-16 20:51:46-0500: MoveNum: 11 HASH: 0C6019E6336E1BB79A7311A0B7B23559
   A B C D E F G H J K L M N O P Q R S T
19 . . . . . . . . . X1. . . . X . . X .
18 X X X X . . . . . O X . . . . X X . X
17 . . . X . . . . . . X . . . . X . X .
16 . . . X X . . . . X X . . . . X X X3.
15 . . . X . . . . . . . . . . . X . O X
14 . . . . . . . . . . . . . . . X . X .
13 . . . . . . . . . . . . . . . . . . .
12 . . . . . . . . . X . . . . . . . . .
11 . . X X . . . . . X . . . . . . . . .
10 . . X . . . . . . X . . . . . X X X .
 9 . . . . . . . . . . . . . . . X . X X
 8 . . . . . . . . . . . . . . X . X . .
 7 . . . . . . . . . X . . . . . X X X X
 6 . . . X . . . X X X . . . . . X . . .
 5 . . . X . . . X . X . . . . . X . . X
 4 . . . X . . . . X X X . . . . X X . .
 3 . X X X X X . X X . X X . . . X X X X
 2 . X . . X . X . X X X . X . . X . X .
 1 X X . . . X X X . . . X . . . . X . .

koPOSITIONALscoreAREAtaxNONEsui1komi7.5
Time taken: 8.66595
Root visits: 111
New playouts: 111
NN rows: 106
NN batches: 104
NN avg batch size: 1.01923
PlayoutDoublingAdvantage: 2.75
PV: pass R15 H18
Tree:
: T -133.21c W -100.00c S -33.60c (-341.0 L -340.3) N     111  --  pass R15 H18
---White(^)---
pss : T -133.95c W -100.00c S -33.96c (-344.1 L -342.7) LCB -137.30c P 16.69% WF 141.1 PSV     142 N      27  --  pass R15 H18
B16 : T -131.50c W -100.00c S -31.62c (-332.9 L -332.9) LCB -155.19c P  2.95% WF  32.5 PSV      33 N       8  --  B16 R15 pass
B9  : T -132.17c W -100.00c S -32.36c (-336.1 L -335.4) LCB -162.18c P  2.06% WF  29.8 PSV      30 N       7  --  B9 J18 pass
S12 : T -133.55c W -100.00c S -33.30c (-339.5 L -338.5) LCB -156.73c P  2.46% WF  35.6 PSV      29 N       7  --  S12 R15 pass
S5  : T -129.87c W -100.00c S -30.46c (-329.2 L -329.5) LCB -163.21c P  2.41% WF  25.2 PSV      25 N       7  --  S5 R15 pass
O18 : T -130.52c W -100.00c S -31.14c (-331.4 L -331.7) LCB -172.80c P  2.07% WF  23.0 PSV      23 N       6  --  O18 J18 pass
H18 : T -131.43c W -100.00c S -32.05c (-334.7 L -334.4) LCB -187.36c P  2.60% WF  20.8 PSV      21 N       5  --  H18 R15 pass
B12 : T -131.43c W -100.00c S -32.03c (-334.7 L -334.5) LCB -185.82c P  2.31% WF  21.1 PSV      21 N       5  --  B12 J18 pass
B5  : T -126.34c W -100.00c S -28.09c (-321.7 L -323.2) LCB -167.95c P  2.05% WF  18.2 PSV      18 N       6  --  B5 J18
J19 : T -134.52c W -100.00c S -34.52c (-344.7 L -343.7) LCB -484.57c P  1.92% WF   7.4 PSV       8 N       1  --  J19

2025-11-16 20:51:46-0500: = pass
2025-11-16 20:51:47-0500: Controller: kata-set-param maxVisits 100
2025-11-16 20:51:47-0500: = 
2025-11-16 20:51:47-0500: Controller: kata-genmove_analyze b
2025-11-16 20:51:47-0500: =
2025-11-16 20:51:51-0500: MoveNum: 12 HASH: 0C6019E6336E1BB79A7311A0B7B23559
   A B C D E F G H J K L M N O P Q R S T
19 . . . . . . . . . X . . . . X . . X .
18 X X X X . . . . @ O X . . . . X X . X
17 . . . X . . . . . . X . . . . X . X .
16 . . . X X . . . . X X . . . . X X X2.
15 . . . X . . . . . . . . . . . X . O X
14 . . . . . . . . . . . . . . . X . X .
13 . . . . . . . . . . . . . . . . . . .
12 . . . . . . . . . X . . . . . . . . .
11 . . X X . . . . . X . . . . . . . . .
10 . . X . . . . . . X . . . . . X X X .
 9 . . . . . . . . . . . . . . . X . X X
 8 . . . . . . . . . . . . . . X . X . .
 7 . . . . . . . . . X . . . . . X X X X
 6 . . . X . . . X X X . . . . . X . . .
 5 . . . X . . . X . X . . . . . X . . X
 4 . . . X . . . . X X X . . . . X X . .
 3 . X X X X X . X X . X X . . . X X X X
 2 . X . . X . X . X X X . X . . X . X .
 1 X X . . . X X X . . . X . . . . X . .

koPOSITIONALscoreAREAtaxNONEsui1komi7.5
Time taken: 4.22125
Root visits: 11
New playouts: 11
NN rows: 5
NN batches: 5
NN avg batch size: 1
PlayoutDoublingAdvantage: -2.75
PV: J18 S5
Tree:
: T 117.24c W 100.00c S  14.04c (+336.0 L +335.6) N      11  --  J18 S5
---Black(^)---
J18 : T 123.22c W 100.00c S  20.31c (+343.2 L +342.3) LCB  104.70c P 34.70% WF  35.1 PSV      34 N       7  --  J18 S5
R15 : T  89.22c W 100.00c S -10.78c (+301.8 L +305.5) LCB -260.78c P 29.76% WF   3.0 PSV       3 N       1  --  R15
K17 : T  89.41c W 100.00c S -10.59c (+302.4 L +305.9) LCB -260.59c P  8.48% WF   2.8 PSV       0 N       1  --  K17
R14 : T  89.02c W 100.00c S -10.98c (+301.5 L +304.8) LCB -260.98c P  4.17% WF   2.7 PSV       0 N       1  --  R14
pss : T  89.17c W 100.00c S -10.83c (+301.9 L +304.4) LCB -1400.00c P  0.00% WF   0.0 PSV       0 N       1  --  pass

2025-11-16 20:51:51-0500: play J18
2025-11-16 20:51:51-0500: Controller: genmove w
2025-11-16 20:51:59-0500: MoveNum: 13 HASH: 8275A687146DD53162DBFF7D8B927D4C
   A B C D E F G H J K L M N O P Q R S T
19 . . . . . . . . . X . . . . X . . X .
18 X X X X . . . . X3O X . . . . X X . X
17 . . . X . . . . . . X . . . . X . X .
16 . . . X X . . . . X X . . . . X X X1.
15 . . . X . . . . . . . . . . . X . O X
14 . . . . . . . . . . . . . . . X . X .
13 . . . . . . . . . . . . . . . . . . .
12 . . . . . . . . . X . . . . . . . . .
11 . . X X . . . . . X . . . . . . . . .
10 . . X . . . . . . X . . . . . X X X .
 9 . . . . . . . . . . . . . . . X . X X
 8 . . . . . . . . . . . . . . X . X . .
 7 . . . . . . . . . X . . . . . X X X X
 6 . . . X . . . X X X . . . . . X . . .
 5 . . . X . . . X . X . . . . . X . . X
 4 . . . X . . . . X X X . . . . X X . .
 3 . X X X X X . X X . X X . . . X X X X
 2 . X . . X . X . X X X . X . . X . X .
 1 X X . . . X X X . . . X . . . . X . .

koPOSITIONALscoreAREAtaxNONEsui1komi7.5
Time taken: 8.62637
Root visits: 111
New playouts: 111
NN rows: 105
NN batches: 103
NN avg batch size: 1.01942
PlayoutDoublingAdvantage: 2.75
PV: pass R15 S12
Tree:
: T -133.58c W -100.00c S -33.70c (-341.6 L -340.6) N     111  --  pass R15 S12
---White(^)---
pss : T -133.86c W -100.00c S -33.88c (-344.6 L -343.1) LCB -138.34c P 16.08% WF 109.2 PSV     109 N      22  --  pass R15 S12
G18 : T -132.83c W -100.00c S -32.71c (-337.4 L -336.3) LCB -140.87c P  3.46% WF  66.9 PSV      67 N      15  --  G18 K17 H19
O18 : T -132.41c W -100.00c S -32.35c (-335.8 L -335.1) LCB -141.70c P  2.22% WF  60.4 PSV      60 N      14  --  O18 K17 G18
B16 : T -132.28c W -100.00c S -32.45c (-336.5 L -336.1) LCB -150.24c P  3.43% WF  40.0 PSV      40 N       9  --  B16 K17 B14
B12 : T -131.69c W -100.00c S -31.90c (-335.1 L -334.6) LCB -156.77c P  3.06% WF  32.0 PSV      32 N       8  --  B12 K17 pass
B9  : T -133.58c W -100.00c S -33.31c (-340.2 L -338.9) LCB -144.63c P  3.24% WF  53.4 PSV      26 N      11  --  B9 K17 pass
B15 : T -134.57c W -100.00c S -34.57c (-345.7 L -344.7) LCB -484.61c P  2.24% WF   7.4 PSV       8 N       1  --  B15
B5  : T -134.49c W -100.00c S -34.49c (-344.7 L -344.2) LCB -484.53c P  2.11% WF   7.3 PSV       8 N       1  --  B5
B6  : T -134.57c W -100.00c S -34.57c (-345.7 L -345.0) LCB -484.61c P  2.06% WF   7.4 PSV       8 N       1  --  B6
S5  : T -134.49c W -100.00c S -34.49c (-344.7 L -343.8) LCB -484.54c P  2.01% WF   7.5 PSV       8 N       1  --  S5

2025-11-16 20:51:59-0500: = pass
2025-11-16 20:51:59-0500: Controller: kata-set-param maxVisits 100
2025-11-16 20:51:59-0500: = 
2025-11-16 20:51:59-0500: Controller: kata-genmove_analyze b
2025-11-16 20:51:59-0500: =
2025-11-16 20:52:05-0500: MoveNum: 14 HASH: 8275A687146DD53162DBFF7D8B927D4C
   A B C D E F G H J K L M N O P Q R S T
19 . . . . . . . . . X . . . . X . . X .
18 X X X X . . . . X2O X . . . . X X . X
17 . . . X . . . . . . X . . . . X . X .
16 . . . X X . . . . X X . . . . X X X .
15 . . . X . . . . . . . . . . . X @ O X
14 . . . . . . . . . . . . . . . X . X .
13 . . . . . . . . . . . . . . . . . . .
12 . . . . . . . . . X . . . . . . . . .
11 . . X X . . . . . X . . . . . . . . .
10 . . X . . . . . . X . . . . . X X X .
 9 . . . . . . . . . . . . . . . X . X X
 8 . . . . . . . . . . . . . . X . X . .
 7 . . . . . . . . . X . . . . . X X X X
 6 . . . X . . . X X X . . . . . X . . .
 5 . . . X . . . X . X . . . . . X . . X
 4 . . . X . . . . X X X . . . . X X . .
 3 . X X X X X . X X . X X . . . X X X X
 2 . X . . X . X . X X X . X . . X . X .
 1 X X . . . X X X . . . X . . . . X . .

koPOSITIONALscoreAREAtaxNONEsui1komi7.5
Time taken: 5.08625
Root visits: 11
New playouts: 11
NN rows: 6
NN batches: 6
NN avg batch size: 1
PlayoutDoublingAdvantage: -2.75
PV: R15 S12
Tree:
: T 119.35c W 100.00c S  16.05c (+338.7 L +338.0) N      11  --  R15 S12
---Black(^)---
R15 : T 123.31c W 100.00c S  20.48c (+343.6 L +342.5) LCB  108.29c P 33.86% WF  39.9 PSV      39 N       8  --  R15 S12
K17 : T  88.90c W 100.00c S -11.10c (+301.1 L +305.1) LCB -261.10c P 36.03% WF   3.1 PSV       4 N       1  --  K17
R14 : T  89.06c W 100.00c S -10.94c (+301.6 L +305.1) LCB -260.94c P  4.63% WF   2.7 PSV       0 N       1  --  R14
pss : T  88.96c W 100.00c S -11.04c (+301.6 L +304.5) LCB -1400.00c P  0.00% WF   0.0 PSV       0 N       1  --  pass

2025-11-16 20:52:05-0500: play R15
2025-11-16 20:52:05-0500: Controller: genmove w
2025-11-16 20:52:13-0500: MoveNum: 15 HASH: 09C8AC00F2D07CE54B9ECDC1CCBE464A
   A B C D E F G H J K L M N O P Q R S T
19 . . . . . . . . . X . . . . X . . X .
18 X X X X . . . . X1O X . . . . X X . X
17 . . . X . . . . . . X . . . . X . X .
16 . . . X X . . . . X X . . . . X X X .
15 . . . X . . . . . . . . . . . X X3. X
14 . . . . . . . . . . . . . . . X . X .
13 . . . . . . . . . . . . . . . . . . .
12 . . . . . . . . . X . . . . . . . . .
11 . . X X . . . . . X . . . . . . . . .
10 . . X . . . . . . X . . . . . X X X .
 9 . . . . . . . . . . . . . . . X . X X
 8 . . . . . . . . . . . . . . X . X . .
 7 . . . . . . . . . X . . . . . X X X X
 6 . . . X . . . X X X . . . . . X . . .
 5 . . . X . . . X . X . . . . . X . . X
 4 . . . X . . . . X X X . . . . X X . .
 3 . X X X X X . X X . X X . . . X X X X
 2 . X . . X . X . X X X . X . . X . X .
 1 X X . . . X X X . . . X . . . . X . .

koPOSITIONALscoreAREAtaxNONEsui1komi7.5
Time taken: 8.59623
Root visits: 111
New playouts: 111
NN rows: 104
NN batches: 103
NN avg batch size: 1.00971
PlayoutDoublingAdvantage: 2.75
PV: pass K17 B9
Tree:
: T -133.75c W -100.00c S -34.00c (-342.5 L -341.4) N     111  --  pass K17 B9
---White(^)---
pss : T -133.88c W -100.00c S -33.99c (-343.9 L -342.5) LCB -137.37c P 19.05% WF 150.1 PSV     150 N      28  --  pass K17 B9
B16 : T -132.73c W -100.00c S -32.54c (-335.7 L -334.8) LCB -139.81c P  2.63% WF  71.0 PSV      71 N      16  --  B16 K17 B14
G18 : T -133.19c W -100.00c S -33.11c (-338.9 L -337.7) LCB -143.54c P  3.33% WF  56.3 PSV      52 N      12  --  G18 K17 S12
S12 : T -133.73c W -100.00c S -33.49c (-340.0 L -338.6) LCB -142.40c P  3.13% WF  61.9 PSV      26 N      12  --  S12 K17 R13
S5  : T -129.72c W -100.00c S -32.63c (-335.2 L -335.2) LCB -327.41c P  1.90% WF  10.4 PSV      11 N       2  --  S5 K17
O18 : T -129.07c W -100.00c S -32.82c (-336.3 L -336.0) LCB -346.02c P  2.37% WF   9.8 PSV      10 N       2  --  O18 K17
B15 : T -128.96c W -100.00c S -32.95c (-337.6 L -337.6) LCB -349.18c P  2.11% WF   9.6 PSV      10 N       2  --  B15 K17
B9  : T -134.69c W -100.00c S -34.69c (-346.2 L -344.9) LCB -484.73c P  1.91% WF   7.4 PSV       8 N       1  --  B9
B12 : T -134.70c W -100.00c S -34.70c (-346.4 L -345.0) LCB -484.74c P  1.87% WF   7.5 PSV       8 N       1  --  B12
B5  : T -134.67c W -100.00c S -34.67c (-346.1 L -345.0) LCB -484.71c P  1.72% WF   7.3 PSV       8 N       1  --  B5

2025-11-16 20:52:13-0500: = pass
2025-11-16 20:52:13-0500: Controller: kata-set-param maxVisits 100
2025-11-16 20:52:13-0500: = 
2025-11-16 20:52:13-0500: Controller: kata-genmove_analyze b
2025-11-16 20:52:13-0500: =
2025-11-16 20:52:17-0500: MoveNum: 16 HASH: 09C8AC00F2D07CE54B9ECDC1CCBE464A
   A B C D E F G H J K L M N O P Q R S T
19 . . . . . . . . . X . . . . X . . X .
18 X X X X . . . . X O X . . . . X X . X
17 . . . X . . . . . @ X . . . . X . X .
16 . . . X X . . . . X X . . . . X X X .
15 . . . X . . . . . . . . . . . X X2. X
14 . . . . . . . . . . . . . . . X . X .
13 . . . . . . . . . . . . . . . . . . .
12 . . . . . . . . . X . . . . . . . . .
11 . . X X . . . . . X . . . . . . . . .
10 . . X . . . . . . X . . . . . X X X .
 9 . . . . . . . . . . . . . . . X . X X
 8 . . . . . . . . . . . . . . X . X . .
 7 . . . . . . . . . X . . . . . X X X X
 6 . . . X . . . X X X . . . . . X . . .
 5 . . . X . . . X . X . . . . . X . . X
 4 . . . X . . . . X X X . . . . X X . .
 3 . X X X X X . X X . X X . . . X X X X
 2 . X . . X . X . X X X . X . . X . X .
 1 X X . . . X X X . . . X . . . . X . .

koPOSITIONALscoreAREAtaxNONEsui1komi7.5
Time taken: 4.0198
Root visits: 11
New playouts: 11
NN rows: 5
NN batches: 5
NN avg batch size: 1
PlayoutDoublingAdvantage: -2.75
PV: K17 B9
Tree:
: T 121.99c W 100.00c S  19.09c (+343.3 L +341.7) N      11  --  K17 B9
---Black(^)---
K17 : T 123.85c W 100.00c S  21.22c (+345.6 L +344.0) LCB  110.28c P 57.62% WF  46.9 PSV      47 N       9  --  K17 B9
G4  : T  88.94c W 100.00c S -11.06c (+301.4 L +305.1) LCB -261.22c P  2.65% WF   2.8 PSV       0 N       1  --  G4
pss : T  88.99c W 100.00c S -11.01c (+302.1 L +305.0) LCB -1400.00c P  0.01% WF   0.0 PSV       0 N       1  --  pass

2025-11-16 20:52:17-0500: play K17
2025-11-16 20:52:17-0500: Controller: genmove w
2025-11-16 20:52:26-0500: MoveNum: 17 HASH: 154E571AF7AB961EEC4E844B99A065EE
   A B C D E F G H J K L M N O P Q R S T
19 . . . . . . . . . X . . . . X . . X .
18 X X X X . . . . X . X . . . . X X . X
17 . . . X . . . . . X3X . . . . X . X .
16 . . . X X . . . . X X . . . . X X X .
15 . . . X . . . . . . . . . . . X X1. X
14 . . . . . . . . . . . . . . . X . X .
13 . . . . . . . . . . . . . . . . @ . .
12 . . . . . . . . . X . . . . . . . . .
11 . . X X . . . . . X . . . . . . . . .
10 . . X . . . . . . X . . . . . X X X .
 9 . . . . . . . . . . . . . . . X . X X
 8 . . . . . . . . . . . . . . X . X . .
 7 . . . . . . . . . X . . . . . X X X X
 6 . . . X . . . X X X . . . . . X . . .
 5 . . . X . . . X . X . . . . . X . . X
 4 . . . X . . . . X X X . . . . X X . .
 3 . X X X X X . X X . X X . . . X X X X
 2 . X . . X . X . X X X . X . . X . X .
 1 X X . . . X X X . . . X . . . . X . .

koPOSITIONALscoreAREAtaxNONEsui1komi7.5
Time taken: 8.46206
Root visits: 111
New playouts: 111
NN rows: 102
NN batches: 101
NN avg batch size: 1.0099
PlayoutDoublingAdvantage: 2.75
PV: R13 Q13 S12
Tree:
: T -133.79c W -100.00c S -33.94c (-342.9 L -341.7) N     111  --  R13 Q13 S12
---White(^)---
R13 : T -133.47c W -100.00c S -33.40c (-340.8 L -339.4) LCB -138.84c P  3.20% WF  90.0 PSV     106 N      18  --  R13 Q13 S12
B9  : T -133.11c W -100.00c S -33.29c (-340.0 L -338.8) LCB -142.41c P  3.52% WF  63.4 PSV      64 N      13  --  B9 C9 B7
O18 : T -131.56c W -100.00c S -31.54c (-334.0 L -333.3) LCB -145.24c P  2.55% WF  45.2 PSV      45 N      12  --  O18 P18 pass
G18 : T -133.35c W -100.00c S -33.36c (-340.5 L -339.0) LCB -149.43c P  4.76% WF  44.8 PSV      45 N       9  --  G18 G17 F17
S12 : T -133.42c W -100.00c S -33.43c (-341.2 L -339.7) LCB -149.51c P  3.75% WF  45.1 PSV      45 N       9  --  S12 S13 B12
B12 : T -133.41c W -100.00c S -33.43c (-340.9 L -339.6) LCB -149.75c P  3.75% WF  44.4 PSV      45 N       9  --  B12 B11 B14
pss : T -135.39c W -100.00c S -35.39c (-357.3 L -355.3) LCB -209.24c P  6.73% WF  23.5 PSV      24 N       3  --  pass pass
H17 : T -134.62c W -100.00c S -34.62c (-346.6 L -345.5) LCB -484.66c P  1.92% WF   7.4 PSV       8 N       1  --  H17
B16 : T -134.70c W -100.00c S -34.70c (-347.7 L -346.2) LCB -484.74c P  1.87% WF   7.4 PSV       8 N       1  --  B16
O3  : T -134.53c W -100.00c S -34.53c (-345.4 L -344.4) LCB -484.57c P  1.80% WF   7.4 PSV       8 N       1  --  O3

2025-11-16 20:52:26-0500: = R13
2025-11-16 20:52:26-0500: Controller: kata-set-param maxVisits 100
2025-11-16 20:52:26-0500: = 
2025-11-16 20:52:26-0500: Controller: kata-genmove_analyze b
2025-11-16 20:52:26-0500: =
2025-11-16 20:52:32-0500: MoveNum: 18 HASH: 539F5D718643D9D992952342FC38A005
   A B C D E F G H J K L M N O P Q R S T
19 . . . . . . . . . X . . . . X . . X .
18 X X X X . . . . X . X . . . . X X . X
17 . . . X . . . . . X2X . . . . X . X .
16 . . . X X . . . . X X . . . . X X X .
15 . . . X . . . . . . . . . . . X X . X
14 . . . . . . . . . . . . . . . X . X .
13 . . . . . . . . . . . . . . . . O3. .
12 . . . . . . . . . X . . . . . . @ . .
11 . . X X . . . . . X . . . . . . . . .
10 . . X . . . . . . X . . . . . X X X .
 9 . . . . . . . . . . . . . . . X . X X
 8 . . . . . . . . . . . . . . X . X . .
 7 . . . . . . . . . X . . . . . X X X X
 6 . . . X . . . X X X . . . . . X . . .
 5 . . . X . . . X . X . . . . . X . . X
 4 . . . X . . . . X X X . . . . X X . .
 3 . X X X X X . X X . X X . . . X X X X
 2 . X . . X . X . X X X . X . . X . X .
 1 X X . . . X X X . . . X . . . . X . .

koPOSITIONALscoreAREAtaxNONEsui1komi7.5
Time taken: 6.54845
Root visits: 45
New playouts: 45
NN rows: 31
NN batches: 31
NN avg batch size: 1
PlayoutDoublingAdvantage: -2.75
PV: R12 S13
Tree:
: T 119.09c W 100.00c S  16.06c (+340.1 L +339.5) N      45  --  R12 S13
---Black(^)---
R12 : T 123.57c W 100.00c S  21.74c (+345.7 L +344.4) LCB  117.47c P 25.80% WF  81.9 PSV      94 N      15  --  R12 S13
S13 : T 123.47c W 100.00c S  21.20c (+345.3 L +344.2) LCB  114.28c P 19.75% WF  59.1 PSV      59 N      11  --  S13 G4
Q13 : T 122.78c W 100.00c S  19.87c (+344.0 L +342.8) LCB  108.07c P 17.62% WF  42.0 PSV      42 N       8  --  Q13 S12
R14 : T  89.11c W 100.00c S -10.89c (+303.7 L +307.2) LCB -260.89c P  5.58% WF   2.8 PSV       1 N       1  --  R14
S5  : T  90.02c W 100.00c S  -9.98c (+306.3 L +309.6) LCB -260.17c P  1.42% WF   2.6 PSV       0 N       1  --  S5
S15 : T  89.17c W 100.00c S -10.83c (+304.0 L +307.1) LCB -260.83c P  1.34% WF   2.7 PSV       0 N       1  --  S15
G3  : T  89.84c W 100.00c S -10.16c (+305.6 L +308.7) LCB -260.16c P  1.30% WF   2.6 PSV       0 N       1  --  G3
N3  : T  89.61c W 100.00c S -10.39c (+305.1 L +308.3) LCB -260.39c P  1.29% WF   2.7 PSV       0 N       1  --  N3
G4  : T  89.74c W 100.00c S -10.26c (+305.4 L +309.0) LCB -260.43c P  1.25% WF   2.7 PSV       0 N       1  --  G4
J17 : T  89.33c W 100.00c S -10.67c (+304.3 L +308.2) LCB -260.67c P  0.90% WF   2.8 PSV       0 N       1  --  J17

2025-11-16 20:52:32-0500: play R12
2025-11-16 20:52:32-0500: Controller: genmove w
2025-11-16 20:52:41-0500: MoveNum: 19 HASH: 315ED4A095AE60F56B606997E4676F0D
   A B C D E F G H J K L M N O P Q R S T
19 . . . . . . . . . X . . . . X . . X .
18 X X X X . . . . X . X . . . . X X . X
17 . . . X . . . . . X1X . . . . X . X .
16 . . . X X . . . . X X . . . . X X X .
15 . . . X . . . . . . . . . . . X X . X
14 . . . . . . . . . . . . . . . X . X .
13 . . . . . . . . . . . . . . . . O2. .
12 . . . . . . . . . X . . . . . . X3@ .
11 . . X X . . . . . X . . . . . . . . .
10 . . X . . . . . . X . . . . . X X X .
 9 . . . . . . . . . . . . . . . X . X X
 8 . . . . . . . . . . . . . . X . X . .
 7 . . . . . . . . . X . . . . . X X X X
 6 . . . X . . . X X X . . . . . X . . .
 5 . . . X . . . X . X . . . . . X . . X
 4 . . . X . . . . X X X . . . . X X . .
 3 . X X X X X . X X . X X . . . X X X X
 2 . X . . X . X . X X X . X . . X . X .
 1 X X . . . X X X . . . X . . . . X . .

koPOSITIONALscoreAREAtaxNONEsui1komi7.5
Time taken: 8.11453
Root visits: 111
New playouts: 111
NN rows: 97
NN batches: 96
NN avg batch size: 1.01042
PlayoutDoublingAdvantage: 2.75
PV: pass Q13 O18
Tree:
: T -133.54c W -100.00c S -33.77c (-342.1 L -340.9) N     111  --  pass Q13 O18
---White(^)---
pss : T -133.79c W -100.00c S -33.72c (-343.2 L -341.7) LCB -138.28c P 13.30% WF 105.4 PSV     106 N      21  --  pass Q13 O18
S12 : T -133.16c W -100.00c S -32.94c (-338.1 L -336.6) LCB -138.85c P  5.79% WF  85.7 PSV      86 N      18  --  S12 S13 pass
G4  : T -132.81c W -100.00c S -32.70c (-337.5 L -336.8) LCB -142.01c P  2.88% WF  61.0 PSV      61 N      13  --  G4 S13 pass
B16 : T -133.13c W -100.00c S -32.93c (-338.4 L -337.2) LCB -140.93c P  2.72% WF  67.7 PSV      42 N      14  --  B16 B15 B14
G18 : T -133.25c W -100.00c S -33.02c (-339.3 L -338.2) LCB -146.59c P  3.21% WF  48.0 PSV      42 N      10  --  G18 Q13 pass
B12 : T -128.78c W -100.00c S -33.12c (-339.9 L -339.4) LCB -351.66c P  2.80% WF   9.8 PSV      10 N       2  --  B12 S13
O18 : T -129.11c W -100.00c S -32.88c (-337.7 L -337.7) LCB -343.05c P  2.49% WF  10.0 PSV      10 N       2  --  O18 S13
S13 : T -128.99c W -100.00c S -32.65c (-335.9 L -335.1) LCB -338.61c P  2.32% WF  10.1 PSV      10 N       2  --  S13 Q13
S5  : T -134.75c W -100.00c S -34.75c (-347.5 L -346.2) LCB -484.79c P  2.42% WF   7.6 PSV       8 N       1  --  S5
B9  : T -134.82c W -100.00c S -34.82c (-348.5 L -347.3) LCB -484.85c P  2.35% WF   7.6 PSV       8 N       1  --  B9

2025-11-16 20:52:41-0500: = S12
2025-11-16 20:52:41-0500: Controller: kata-set-param maxVisits 100
2025-11-16 20:52:41-0500: = 
2025-11-16 20:52:41-0500: Controller: kata-genmove_analyze b
2025-11-16 20:52:41-0500: =
2025-11-16 20:52:47-0500: MoveNum: 20 HASH: 664A315C83887DE9FAA647E68A54B301
   A B C D E F G H J K L M N O P Q R S T
19 . . . . . . . . . X . . . . X . . X .
18 X X X X . . . . X . X . . . . X X . X
17 . . . X . . . . . X X . . . . X . X .
16 . . . X X . . . . X X . . . . X X X .
15 . . . X . . . . . . . . . . . X X . X
14 . . . . . . . . . . . . . . . X . X .
13 . . . . . . . . . . . . . . . . O1@ .
12 . . . . . . . . . X . . . . . . X2O3.
11 . . X X . . . . . X . . . . . . . . .
10 . . X . . . . . . X . . . . . X X X .
 9 . . . . . . . . . . . . . . . X . X X
 8 . . . . . . . . . . . . . . X . X . .
 7 . . . . . . . . . X . . . . . X X X X
 6 . . . X . . . X X X . . . . . X . . .
 5 . . . X . . . X . X . . . . . X . . X
 4 . . . X . . . . X X X . . . . X X . .
 3 . X X X X X . X X . X X . . . X X X X
 2 . X . . X . X . X X X . X . . X . X .
 1 X X . . . X X X . . . X . . . . X . .

koPOSITIONALscoreAREAtaxNONEsui1komi7.5
Time taken: 6.18319
Root visits: 45
New playouts: 45
NN rows: 32
NN batches: 32
NN avg batch size: 1
PlayoutDoublingAdvantage: -2.75
PV: S13 G4
Tree:
: T 120.03c W 100.00c S  17.18c (+339.9 L +339.0) N      45  --  S13 G4
---Black(^)---
S13 : T 124.17c W 100.00c S  22.82c (+345.2 L +343.6) LCB  118.83c P 17.63% WF  90.7 PSV     109 N      16  --  S13 G4
Q13 : T 123.50c W 100.00c S  21.53c (+344.0 L +342.6) LCB  114.61c P 19.12% WF  60.0 PSV      60 N      11  --  Q13 G4
S11 : T 123.03c W 100.00c S  20.42c (+343.0 L +341.7) LCB  108.51c P 18.24% WF  42.5 PSV      43 N       8  --  S11 Q12
R11 : T  88.96c W 100.00c S -11.04c (+302.1 L +305.1) LCB -261.04c P  9.43% WF   2.8 PSV       2 N       1  --  R11
T12 : T  89.30c W 100.00c S -10.70c (+302.9 L +305.7) LCB -260.70c P  8.25% WF   2.8 PSV       1 N       1  --  T12
R14 : T  89.14c W 100.00c S -10.86c (+302.5 L +305.5) LCB -260.86c P  4.44% WF   2.8 PSV       0 N       1  --  R14
Q12 : T  89.25c W 100.00c S -10.75c (+302.9 L +306.0) LCB -260.92c P  2.04% WF   2.9 PSV       0 N       1  --  Q12
S5  : T  90.33c W 100.00c S  -9.67c (+305.8 L +308.6) LCB -259.88c P  0.90% WF   2.7 PSV       0 N       1  --  S5
T14 : T  89.43c W 100.00c S -10.57c (+303.2 L +306.0) LCB -260.57c P  0.73% WF   2.7 PSV       0 N       1  --  T14
G4  : T  90.00c W 100.00c S -10.00c (+304.9 L +308.0) LCB -260.18c P  0.53% WF   2.5 PSV       0 N       1  --  G4

2025-11-16 20:52:47-0500: play S13
2025-11-16 20:52:47-0500: Controller: genmove w
2025-11-16 20:52:55-0500: MoveNum: 21 HASH: D642D429B21637B731A58D7C7C23E51A
   A B C D E F G H J K L M N O P Q R S T
19 . . . . . . . . . X . . . . X . . X .
18 X X X X . . . . X . X . . . . X X . X
17 . . . X . . . . . X X . . . . X . X .
16 . . . X X . . . . X X . . . . X X X .
15 . . . X . . . . . . . . . . . X X . X
14 . . . . . . . . . . . . . . . X . X .
13 . . . . . . . . . . . . . . . . O X3.
12 . . . . . . . . . X . . . . . . X1O2.
11 . . X X . . . . . X . . . . . . . . .
10 . . X . . . . . . X . . . . . X X X .
 9 . . . . . . . . . . . . . . . X . X X
 8 . . . . . . . . . . . . . . X . X . .
 7 . . . . . . . . . X . . . . . X X X X
 6 . . . X . . . X X X . . . . . X . . .
 5 . . . X . . . X . X . . . . . X . . X
 4 . . . X . . . . X X X . . . . X X . .
 3 . X X X X X . X X . X X . . . X X X X
 2 . X . . X . X . X X X . X . . X . X .
 1 X X . . . X X X . . . X . . . . X . .

koPOSITIONALscoreAREAtaxNONEsui1komi7.5
Time taken: 7.93088
Root visits: 111
New playouts: 111
NN rows: 96
NN batches: 95
NN avg batch size: 1.01053
PlayoutDoublingAdvantage: 2.75
PV: pass T12 B16
Tree:
: T -132.22c W -100.00c S -32.93c (-339.2 L -338.2) N     111  --  pass T12 B16
---White(^)---
pss : T -133.59c W -100.00c S -33.55c (-342.6 L -341.0) LCB -137.43c P 12.99% WF 126.3 PSV     128 N      25  --  pass T12 B16
B9  : T -131.46c W -100.00c S -31.57c (-335.2 L -334.5) LCB -147.13c P  3.00% WF  42.7 PSV      43 N      11  --  B9 Q13 pass
B12 : T -131.49c W -100.00c S -31.78c (-336.5 L -335.5) LCB -157.47c P  3.02% WF  31.8 PSV      32 N       8  --  B12 T12 pass
Q12 : T -131.15c W -100.00c S -31.61c (-334.4 L -333.9) LCB -159.88c P  2.77% WF  30.8 PSV      31 N       8  --  Q12 T12 R11
G4  : T -129.23c W -100.00c S -29.66c (-328.0 L -328.4) LCB -155.02c P  2.85% WF  28.0 PSV      28 N       8  --  G4 Q13 pass
G18 : T -125.73c W -100.00c S -27.87c (-323.4 L -324.4) LCB -170.75c P  2.71% WF  17.8 PSV      18 N       6  --  G18 Q13
O18 : T -125.58c W -100.00c S -27.86c (-323.2 L -324.2) LCB -172.22c P  2.28% WF  17.6 PSV      18 N       6  --  O18 Q13
B15 : T -125.72c W -100.00c S -27.93c (-323.3 L -324.2) LCB -171.93c P  2.25% WF  17.7 PSV      18 N       6  --  B15 T12
B16 : T -126.33c W -100.00c S -28.70c (-325.1 L -325.9) LCB -187.83c P  2.66% WF  16.1 PSV      16 N       5  --  B16 S11
B5  : T -134.55c W -100.00c S -34.55c (-346.9 L -345.1) LCB -484.59c P  2.18% WF   7.5 PSV       8 N       1  --  B5

2025-11-16 20:52:55-0500: = pass
2025-11-16 20:52:55-0500: Controller: kata-set-param maxVisits 100
2025-11-16 20:52:55-0500: = 
2025-11-16 20:52:55-0500: Controller: kata-genmove_analyze b
2025-11-16 20:52:55-0500: =
2025-11-16 20:53:03-0500: MoveNum: 22 HASH: D642D429B21637B731A58D7C7C23E51A
   A B C D E F G H J K L M N O P Q R S T
19 . . . . . . . . . X . . . . X . . X .
18 X X X X . . . . X . X . . . . X X . X
17 . . . X . . . . . X X . . . . X . X .
16 . . . X X . . . . X X . . . . X X X .
15 . . . X . . . . . . . . . . . X X . X
14 . . . . . . . . . . . . . . . X . X .
13 . . . . . . . . . . . . . . . . O X2.
12 . . . . . . . . . X . . . . . . X O1@
11 . . X X . . . . . X . . . . . . . . .
10 . . X . . . . . . X . . . . . X X X .
 9 . . . . . . . . . . . . . . . X . X X
 8 . . . . . . . . . . . . . . X . X . .
 7 . . . . . . . . . X . . . . . X X X X
 6 . . . X . . . X X X . . . . . X . . .
 5 . . . X . . . X . X . . . . . X . . X
 4 . . . X . . . . X X X . . . . X X . .
 3 . X X X X X . X X . X X . . . X X X X
 2 . X . . X . X . X X X . X . . X . X .
 1 X X . . . X X X . . . X . . . . X . .

koPOSITIONALscoreAREAtaxNONEsui1komi7.5
Time taken: 7.66086
Root visits: 22
New playouts: 22
NN rows: 16
NN batches: 16
NN avg batch size: 1
PlayoutDoublingAdvantage: -2.75
PV: T12 S11
Tree:
: T 119.80c W 100.00c S  17.26c (+339.9 L +339.2) N      22  --  T12 S11
---Black(^)---
T12 : T 123.43c W 100.00c S  21.97c (+344.3 L +343.2) LCB  118.29c P 28.27% WF  89.4 PSV      88 N      17  --  T12 S11
S11 : T  89.51c W 100.00c S -10.49c (+303.8 L +307.4) LCB -260.49c P 21.14% WF   2.8 PSV       3 N       1  --  S11
Q13 : T  89.35c W 100.00c S -10.65c (+303.3 L +306.9) LCB -260.65c P 20.54% WF   2.9 PSV       3 N       1  --  Q13
R14 : T  89.29c W 100.00c S -10.71c (+303.0 L +306.4) LCB -260.71c P 10.07% WF   2.8 PSV       1 N       1  --  R14
R11 : T  89.27c W 100.00c S -10.73c (+303.0 L +306.3) LCB -260.73c P  6.15% WF   2.8 PSV       0 N       1  --  R11
pss : T  89.21c W 100.00c S -10.79c (+302.8 L +305.9) LCB -1400.00c P  0.00% WF   0.0 PSV       0 N       1  --  pass

2025-11-16 20:53:03-0500: play T12
2025-11-16 20:53:03-0500: Controller: genmove w
2025-11-16 20:53:11-0500: MoveNum: 23 HASH: 090869AEACC7A7397DE8694945FDA8E3
   A B C D E F G H J K L M N O P Q R S T
19 . . . . . . . . . X . . . . X . . X .
18 X X X X . . . . X . X . . . . X X . X
17 . . . X . . . . . X X . . . . X . X .
16 . . . X X . . . . X X . . . . X X X .
15 . . . X . . . . . . . . . . . X X . X
14 . . . . . . . . . . . . . . . X . X .
13 . . . . . . . . . . . . . . . . O X1.
12 . . . . . . . . . X . . . . . . X O X3
11 . . X X . . . . . X . . . . . . . . .
10 . . X . . . . . . X . . . . . X X X .
 9 . . . . . . . . . . . . . . . X . X X
 8 . . . . . . . . . . . . . . X . X . .
 7 . . . . . . . . . X . . . . . X X X X
 6 . . . X . . . X X X . . . . . X . . .
 5 . . . X . . . X . X . . . . . X . . X
 4 . . . X . . . . X X X . . . . X X . .
 3 . X X X X X . X X . X X . . . X X X X
 2 . X . . X . X . X X X . X . . X . X .
 1 X X . . . X X X . . . X . . . . X . .

koPOSITIONALscoreAREAtaxNONEsui1komi7.5
Time taken: 8.01169
Root visits: 111
New playouts: 111
NN rows: 95
NN batches: 93
NN avg batch size: 1.02151
PlayoutDoublingAdvantage: 2.75
PV: pass Q13 B12
Tree:
: T -133.59c W -100.00c S -33.64c (-342.0 L -340.9) N     111  --  pass Q13 B12
---White(^)---
pss : T -133.62c W -100.00c S -33.46c (-343.9 L -342.1) LCB -138.54c P 15.91% WF  98.3 PSV      98 N      22  --  pass Q13 B12
B16 : T -132.22c W -100.00c S -32.01c (-336.0 L -335.5) LCB -146.91c P  3.55% WF  43.3 PSV      44 N      10  --  B16 Q13 pass
G18 : T -132.71c W -100.00c S -32.56c (-338.7 L -338.0) LCB -150.39c P  3.53% WF  40.1 PSV      40 N       9  --  G18 S11 pass
B15 : T -132.68c W -100.00c S -32.41c (-338.0 L -337.1) LCB -141.66c P  2.52% WF  61.0 PSV      35 N      14  --  B15 Q13 pass
S5  : T -132.92c W -100.00c S -32.78c (-338.0 L -337.0) LCB -142.96c P  2.47% WF  57.5 PSV      26 N      12  --  S5 Q13 G4
O18 : T -133.22c W -100.00c S -32.94c (-339.6 L -338.4) LCB -146.43c P  2.94% WF  47.9 PSV      23 N      10  --  O18 Q13 pass
B12 : T -134.54c W -100.00c S -34.54c (-345.9 L -345.0) LCB -484.58c P  2.25% WF   7.5 PSV       8 N       1  --  B12
B9  : T -134.58c W -100.00c S -34.58c (-346.3 L -345.3) LCB -484.62c P  2.24% WF   7.5 PSV       8 N       1  --  B9
B5  : T -134.49c W -100.00c S -34.49c (-345.5 L -344.6) LCB -484.54c P  2.16% WF   7.4 PSV       8 N       1  --  B5
S11 : T -134.36c W -100.00c S -34.36c (-344.0 L -342.2) LCB -484.40c P  1.86% WF   7.4 PSV       7 N       1  --  S11

2025-11-16 20:53:11-0500: = pass
2025-11-16 20:53:11-0500: Controller: kata-set-param maxVisits 100
2025-11-16 20:53:11-0500: = 
2025-11-16 20:53:11-0500: Controller: kata-genmove_analyze b
2025-11-16 20:53:11-0500: =
2025-11-16 20:53:15-0500: MoveNum: 24 HASH: 090869AEACC7A7397DE8694945FDA8E3
   A B C D E F G H J K L M N O P Q R S T
19 . . . . . . . . . X . . . . X . . X .
18 X X X X . . . . X . X . . . . X X . X
17 . . . X . . . . . X X . . . . X . X .
16 . . . X X . . . . X X . . . . X X X .
15 . . . X . . . . . . . . . . . X X . X
14 . . . . . . . . . . . . . . . X . X .
13 . . . . . . . . . . . . . . . @ O X .
12 . . . . . . . . . X . . . . . . X O X2
11 . . X X . . . . . X . . . . . . . . .
10 . . X . . . . . . X . . . . . X X X .
 9 . . . . . . . . . . . . . . . X . X X
 8 . . . . . . . . . . . . . . X . X . .
 7 . . . . . . . . . X . . . . . X X X X
 6 . . . X . . . X X X . . . . . X . . .
 5 . . . X . . . X . X . . . . . X . . X
 4 . . . X . . . . X X X . . . . X X . .
 3 . X X X X X . X X . X X . . . X X X X
 2 . X . . X . X . X X X . X . . X . X .
 1 X X . . . X X X . . . X . . . . X . .

koPOSITIONALscoreAREAtaxNONEsui1komi7.5
Time taken: 4.05981
Root visits: 11
New playouts: 11
NN rows: 5
NN batches: 5
NN avg batch size: 1
PlayoutDoublingAdvantage: -2.75
PV: Q13 O18
Tree:
: T 118.02c W 100.00c S  14.95c (+337.9 L +337.3) N      11  --  Q13 O18
---Black(^)---
Q13 : T 123.99c W 100.00c S  21.13c (+345.2 L +344.0) LCB  105.23c P 32.33% WF  36.1 PSV      35 N       7  --  Q13 O18
S11 : T  89.20c W 100.00c S -10.80c (+302.6 L +306.4) LCB -260.80c P 28.94% WF   2.9 PSV       3 N       1  --  S11
R14 : T  89.58c W 100.00c S -10.42c (+303.5 L +307.1) LCB -260.42c P 13.94% WF   2.7 PSV       1 N       1  --  R14
T13 : T  89.36c W 100.00c S -10.64c (+303.0 L +306.5) LCB -260.64c P  4.31% WF   2.7 PSV       0 N       1  --  T13
pss : T  89.54c W 100.00c S -10.46c (+303.7 L +306.7) LCB -1400.00c P  0.00% WF   0.0 PSV       0 N       1  --  pass

2025-11-16 20:53:15-0500: play Q13
2025-11-16 20:53:15-0500: Controller: genmove w
2025-11-16 20:53:23-0500: MoveNum: 25 HASH: 8149F4AD9BDD38A3DD550FB03BC4E8FD
   A B C D E F G H J K L M N O P Q R S T
19 . . . . . . . . . X . . . . X . . X .
18 X X X X . . . . X . X . . . . X X . X
17 . . . X . . . . . X X . . . . X . X .
16 . . . X X . . . . X X . . . . X X X .
15 . . . X . . . . . . . . . . . X X . X
14 . . . . . . . . . . . . . . . X . X .
13 . . . . . . . . . . . . . . . X3O X .
12 . @ . . . . . . . X . . . . . . X O X1
11 . . X X . . . . . X . . . . . . . . .
10 . . X . . . . . . X . . . . . X X X .
 9 . . . . . . . . . . . . . . . X . X X
 8 . . . . . . . . . . . . . . X . X . .
 7 . . . . . . . . . X . . . . . X X X X
 6 . . . X . . . X X X . . . . . X . . .
 5 . . . X . . . X . X . . . . . X . . X
 4 . . . X . . . . X X X . . . . X X . .
 3 . X X X X X . X X . X X . . . X X X X
 2 . X . . X . X . X X X . X . . X . X .
 1 X X . . . X X X . . . X . . . . X . .

koPOSITIONALscoreAREAtaxNONEsui1komi7.5
Time taken: 8.29408
Root visits: 111
New playouts: 111
NN rows: 105
NN batches: 103
NN avg batch size: 1.01942
PlayoutDoublingAdvantage: 2.75
PV: pass S11 B12
Tree:
: T -133.37c W -100.00c S -33.50c (-343.2 L -342.0) N     111  --  pass S11 B12
---White(^)---
pss : T -134.11c W -100.00c S -33.94c (-348.0 L -345.6) LCB -138.00c P 17.06% WF 110.6 PSV     111 N      22  --  pass S11 B12
B12 : T -133.11c W -100.00c S -33.06c (-341.6 L -340.4) LCB -143.98c P  3.81% WF  55.5 PSV      56 N      12  --  B12 R14 B14
B9  : T -132.65c W -100.00c S -32.95c (-340.5 L -339.6) LCB -148.09c P  3.53% WF  46.2 PSV      47 N      10  --  B9 R14 B7
G18 : T -132.94c W -100.00c S -32.94c (-341.1 L -340.2) LCB -147.18c P  2.98% WF  46.9 PSV      47 N      10  --  G18 R14 H19
S11 : T -131.78c W -100.00c S -31.62c (-334.8 L -333.8) LCB -145.86c P  2.51% WF  44.6 PSV      45 N      11  --  S11 R14 pass
B5  : T -132.28c W -100.00c S -32.44c (-338.9 L -338.5) LCB -150.68c P  2.86% WF  39.7 PSV      40 N       9  --  B5 R14 B7
B16 : T -132.25c W -100.00c S -32.31c (-338.3 L -337.8) LCB -160.68c P  3.73% WF  30.5 PSV      31 N       7  --  B16 S11 pass
B15 : T -132.34c W -100.00c S -32.50c (-340.2 L -339.6) LCB -162.57c P  2.95% WF  29.9 PSV      30 N       7  --  B15 R14 pass
S5  : T -134.46c W -100.00c S -34.46c (-346.4 L -345.7) LCB -484.51c P  2.43% WF   7.4 PSV       8 N       1  --  S5
B6  : T -134.63c W -100.00c S -34.63c (-348.5 L -347.2) LCB -484.67c P  2.34% WF   7.4 PSV       8 N       1  --  B6

2025-11-16 20:53:23-0500: = B12
2025-11-16 20:53:23-0500: Controller: kata-set-param maxVisits 100
2025-11-16 20:53:23-0500: = 
2025-11-16 20:53:23-0500: Controller: kata-genmove_analyze b
2025-11-16 20:53:23-0500: =
2025-11-16 20:53:30-0500: MoveNum: 26 HASH: 673216E4E0A9603AE862EAE427CB6203
   A B C D E F G H J K L M N O P Q R S T
19 . . . . . . . . . X . . . . X . . X .
18 X X X X . . . . X . X . . . . X X . X
17 . . . X . . . . . X X . . . . X . X .
16 . . . X X . . . . X X . . . . X X X .
15 . . . X . . . . . . . . . . . X X . X
14 . . . . . . . . . . . . . . . X @ X .
13 . . . . . . . . . . . . . . . X2O X .
12 . O3. . . . . . . X . . . . . . X O X
11 . . X X . . . . . X . . . . . . . . .
10 . . X . . . . . . X . . . . . X X X .
 9 . . . . . . . . . . . . . . . X . X X
 8 . . . . . . . . . . . . . . X . X . .
 7 . . . . . . . . . X . . . . . X X X X
 6 . . . X . . . X X X . . . . . X . . .
 5 . . . X . . . X . X . . . . . X . . X
 4 . . . X . . . . X X X . . . . X X . .
 3 . X X X X X . X X . X X . . . X X X X
 2 . X . . X . X . X X X . X . . X . X .
 1 X X . . . X X X . . . X . . . . X . .

koPOSITIONALscoreAREAtaxNONEsui1komi7.5
Time taken: 6.83011
Root visits: 45
New playouts: 45
NN rows: 35
NN batches: 35
NN avg batch size: 1
PlayoutDoublingAdvantage: -2.75
PV: R14 B11
Tree:
: T 118.57c W 100.00c S  15.47c (+342.1 L +341.4) N      45  --  R14 B11
---Black(^)---
R14 : T 121.08c W 100.00c S  19.29c (+345.3 L +344.4) LCB  115.39c P 21.48% WF  73.3 PSV      81 N      16  --  R14 B11
S11 : T 122.01c W 100.00c S  19.84c (+346.4 L +345.3) LCB  114.51c P 19.79% WF  62.0 PSV      62 N      13  --  S11 B11
B11 : T 121.38c W 100.00c S  18.27c (+345.0 L +343.9) LCB  108.96c P 16.69% WF  42.8 PSV      43 N       9  --  B11 A10
C12 : T  88.74c W 100.00c S -11.26c (+305.8 L +308.9) LCB -261.26c P  7.45% WF   2.9 PSV       1 N       1  --  C12
B13 : T  88.13c W 100.00c S -11.87c (+303.8 L +307.0) LCB -261.87c P  7.26% WF   3.0 PSV       1 N       1  --  B13
Q12 : T  88.45c W 100.00c S -11.55c (+304.9 L +308.4) LCB -261.55c P  4.13% WF   3.0 PSV       0 N       1  --  Q12
T13 : T  88.92c W 100.00c S -11.08c (+306.1 L +309.3) LCB -261.08c P  3.33% WF   2.9 PSV       0 N       1  --  T13
A12 : T  88.10c W 100.00c S -11.90c (+303.6 L +306.8) LCB -261.90c P  3.27% WF   3.1 PSV       0 N       1  --  A12
R11 : T  88.50c W 100.00c S -11.50c (+305.1 L +308.2) LCB -261.50c P  1.50% WF   2.9 PSV       0 N       1  --  R11

2025-11-16 20:53:30-0500: play R14
2025-11-16 20:53:30-0500: Controller: genmove w
2025-11-16 20:53:38-0500: MoveNum: 27 HASH: 97C8476B2ECE4FC162C1109B7E75C56B
   A B C D E F G H J K L M N O P Q R S T
19 . . . . . . . . . X . . . . X . . X .
18 X X X X . . . . X . X . . . . X X . X
17 . . . X . . . . . X X . . . . X . X .
16 . . . X X . . . . X X . . . . X X X .
15 . . . X . . . . . . . . . . . X X . X
14 . @ . . . . . . . . . . . . . X X3X .
13 . . . . . . . . . . . . . . . X1. X .
12 . O2. . . . . . . X . . . . . . X O X
11 . . X X . . . . . X . . . . . . . . .
10 . . X . . . . . . X . . . . . X X X .
 9 . . . . . . . . . . . . . . . X . X X
 8 . . . . . . . . . . . . . . X . X . .
 7 . . . . . . . . . X . . . . . X X X X
 6 . . . X . . . X X X . . . . . X . . .
 5 . . . X . . . X . X . . . . . X . . X
 4 . . . X . . . . X X X . . . . X X . .
 3 . X X X X X . X X . X X . . . X X X X
 2 . X . . X . X . X X X . X . . X . X .
 1 X X . . . X X X . . . X . . . . X . .

koPOSITIONALscoreAREAtaxNONEsui1komi7.5
Time taken: 7.8837
Root visits: 111
New playouts: 111
NN rows: 95
NN batches: 94
NN avg batch size: 1.01064
PlayoutDoublingAdvantage: 2.75
PV: B14 S11 B16
Tree:
: T -133.24c W -100.00c S -33.33c (-342.8 L -341.4) N     111  --  B14 S11 B16
---White(^)---
B14 : T -132.33c W -100.00c S -32.24c (-338.6 L -336.9) LCB -138.45c P  8.45% WF  92.3 PSV     110 N      22  --  B14 S11 B16
pss : T -133.41c W -100.00c S -33.54c (-345.0 L -343.2) LCB -138.52c P 14.84% WF 107.0 PSV     107 N      22  --  pass B11 B9
B16 : T -132.66c W -100.00c S -32.60c (-340.0 L -338.4) LCB -141.67c P  3.68% WF  63.4 PSV      55 N      14  --  B16 S11 B14
B15 : T -132.99c W -100.00c S -32.81c (-341.0 L -339.7) LCB -138.77c P  4.73% WF  86.8 PSV      46 N      19  --  B15 S11 B11
A13 : T -132.57c W -100.00c S -32.71c (-340.8 L -338.9) LCB -148.39c P  3.46% WF  45.2 PSV      46 N      10  --  A13 S11 B14
B8  : T -134.40c W -100.00c S -34.40c (-348.0 L -346.8) LCB -484.44c P  2.81% WF   7.3 PSV       8 N       1  --  B8
S11 : T -134.10c W -100.00c S -34.10c (-344.8 L -343.2) LCB -484.14c P  2.61% WF   7.4 PSV       8 N       1  --  S11
B9  : T -134.33c W -100.00c S -34.33c (-347.2 L -345.9) LCB -484.38c P  2.53% WF   7.4 PSV       8 N       1  --  B9
B11 : T -134.09c W -100.00c S -34.09c (-344.8 L -343.8) LCB -484.14c P  2.38% WF   7.3 PSV       8 N       1  --  B11
G4  : T -134.13c W -100.00c S -34.13c (-345.3 L -344.5) LCB -484.17c P  1.82% WF   7.3 PSV       8 N       1  --  G4

2025-11-16 20:53:38-0500: = B14
2025-11-16 20:53:38-0500: Controller: kata-set-param maxVisits 100
2025-11-16 20:53:38-0500: = 
2025-11-16 20:53:38-0500: Controller: kata-genmove_analyze b
2025-11-16 20:53:38-0500: =
2025-11-16 20:53:45-0500: MoveNum: 28 HASH: CCF2B9F3225CD52C461EEB88D8A7D916
   A B C D E F G H J K L M N O P Q R S T
19 . . . . . . . . . X . . . . X . . X .
18 X X X X . . . . X . X . . . . X X . X
17 . . . X . . . . . X X . . . . X . X .
16 . . . X X . . . . X X . . . . X X X .
15 . . . X . . . . . . . . . . . X X . X
14 . O3. . . . . . . . . . . . . X X2X .
13 . . . . . . . . . . . . . . . X . X .
12 . O1. . . . . . . X . . . . . . X O X
11 . . X X . . . . . X . . . . . . . @ .
10 . . X . . . . . . X . . . . . X X X .
 9 . . . . . . . . . . . . . . . X . X X
 8 . . . . . . . . . . . . . . X . X . .
 7 . . . . . . . . . X . . . . . X X X X
 6 . . . X . . . X X X . . . . . X . . .
 5 . . . X . . . X . X . . . . . X . . X
 4 . . . X . . . . X X X . . . . X X . .
 3 . X X X X X . X X . X X . . . X X X X
 2 . X . . X . X . X X X . X . . X . X .
 1 X X . . . X X X . . . X . . . . X . .

koPOSITIONALscoreAREAtaxNONEsui1komi7.5
Time taken: 6.91109
Root visits: 45
New playouts: 45
NN rows: 30
NN batches: 28
NN avg batch size: 1.07143
PlayoutDoublingAdvantage: -2.75
PV: S11 B10
Tree:
: T 117.37c W 100.00c S  14.19c (+339.2 L +338.3) N      45  --  S11 B10
---Black(^)---
S11 : T 121.69c W 100.00c S  20.04c (+344.9 L +343.4) LCB  115.39c P 20.17% WF  68.4 PSV      67 N      15  --  S11 B10
C14 : T 121.65c W 100.00c S  19.62c (+344.4 L +343.1) LCB  114.96c P 15.78% WF  66.2 PSV      52 N      14  --  C14 C13
B11 : T 121.56c W 100.00c S  17.43c (+343.0 L +341.9) LCB   97.82c P 18.58% WF  28.6 PSV      29 N       6  --  B11 B16
B15 : T  88.49c W 100.00c S -11.51c (+303.5 L +306.0) LCB -261.51c P 11.99% WF   3.1 PSV       2 N       1  --  B15
B13 : T  88.98c W 100.00c S -11.02c (+305.1 L +306.7) LCB -261.02c P  5.52% WF   2.9 PSV       1 N       1  --  B13
C12 : T  88.59c W 100.00c S -11.41c (+303.7 L +306.0) LCB -261.41c P  3.79% WF   3.0 PSV       0 N       1  --  C12
C13 : T  88.45c W 100.00c S -11.55c (+303.0 L +306.0) LCB -261.70c P  2.44% WF   3.1 PSV       0 N       1  --  C13
A12 : T  89.45c W 100.00c S -10.55c (+306.4 L +307.5) LCB -260.55c P  1.51% WF   2.8 PSV       0 N       1  --  A12
A14 : T  89.12c W 100.00c S -10.88c (+305.4 L +306.9) LCB -260.88c P  1.39% WF   2.9 PSV       0 N       1  --  A14
S5  : T  88.83c W 100.00c S -11.17c (+304.7 L +306.0) LCB -261.33c P  0.68% WF   2.7 PSV       0 N       1  --  S5

2025-11-16 20:53:45-0500: play S11
2025-11-16 20:53:45-0500: Controller: genmove w
2025-11-16 20:53:53-0500: MoveNum: 29 HASH: 0B28AC71F3D411727B1F88AA57B083E0
   A B C D E F G H J K L M N O P Q R S T
19 . . . . . . . . . X . . . . X . . X .
18 X X X X . . . . X . X . . . . X X . X
17 . . . X . . . . . X X . . . . X . X .
16 . . . X X . . . . X X . . . . X X X .
15 . . . X . . . . . . . . . . . X X . X
14 . O2. . . . . . . . . . . . . X X1X .
13 . . . . . . . . . . . . . . . X . X .
12 . O . . . . . . . X . . . . . . X . X
11 . @ X X . . . . . X . . . . . . . X3.
10 . . X . . . . . . X . . . . . X X X .
 9 . . . . . . . . . . . . . . . X . X X
 8 . . . . . . . . . . . . . . X . X . .
 7 . . . . . . . . . X . . . . . X X X X
 6 . . . X . . . X X X . . . . . X . . .
 5 . . . X . . . X . X . . . . . X . . X
 4 . . . X . . . . X X X . . . . X X . .
 3 . X X X X X . X X . X X . . . X X X X
 2 . X . . X . X . X X X . X . . X . X .
 1 X X . . . X X X . . . X . . . . X . .

koPOSITIONALscoreAREAtaxNONEsui1komi7.5
Time taken: 7.85384
Root visits: 111
New playouts: 111
NN rows: 93
NN batches: 91
NN avg batch size: 1.02198
PlayoutDoublingAdvantage: 2.75
PV: B11 B10 B16
Tree:
: T -133.33c W -100.00c S -33.45c (-343.8 L -341.4) N     111  --  B11 B10 B16
---White(^)---
B11 : T -133.41c W -100.00c S -32.79c (-343.6 L -340.1) LCB -137.28c P  5.28% WF 108.9 PSV     140 N      22  --  B11 B10 B16
B16 : T -132.85c W -100.00c S -32.77c (-341.8 L -338.5) LCB -138.30c P  9.89% WF  95.9 PSV      96 N      20  --  B16 B11 C13
pss : T -133.40c W -100.00c S -33.45c (-343.9 L -341.9) LCB -139.79c P  7.90% WF  83.3 PSV      84 N      17  --  pass B11 A13
C13 : T -133.59c W -100.00c S -33.47c (-344.5 L -340.9) LCB -141.00c P 11.82% WF  69.4 PSV      70 N      13  --  C13 B15 B11
A13 : T -133.37c W -100.00c S -33.43c (-343.7 L -340.6) LCB -141.32c P 10.95% WF  69.2 PSV      70 N      13  --  A13 B11 A15
B8  : T -127.36c W -100.00c S -32.54c (-338.4 L -338.2) LCB -363.56c P  2.31% WF   9.2 PSV      10 N       2  --  B8 B9
A15 : T -127.65c W -100.00c S -32.48c (-338.2 L -337.7) LCB -360.03c P  2.31% WF   9.3 PSV      10 N       2  --  A15 B11
B9  : T -134.29c W -100.00c S -34.29c (-346.1 L -345.5) LCB -484.33c P  2.05% WF   7.3 PSV       8 N       1  --  B9
G4  : T -134.34c W -100.00c S -34.34c (-346.8 L -346.1) LCB -484.39c P  1.55% WF   7.3 PSV       8 N       1  --  G4
B10 : T -133.97c W -100.00c S -33.97c (-343.6 L -342.0) LCB -484.02c P  1.41% WF   7.0 PSV       8 N       1  --  B10

2025-11-16 20:53:53-0500: = B11
2025-11-16 20:53:53-0500: Controller: kata-set-param maxVisits 100
2025-11-16 20:53:53-0500: = 
2025-11-16 20:53:53-0500: Controller: kata-genmove_analyze b
2025-11-16 20:53:53-0500: =
2025-11-16 20:53:58-0500: MoveNum: 30 HASH: 9DC20444F4AD4FE1D62D5C2989F5F30C
   A B C D E F G H J K L M N O P Q R S T
19 . . . . . . . . . X . . . . X . . X .
18 X X X X . . . . X . X . . . . X X . X
17 . . . X . . . . . X X . . . . X . X .
16 . . . X X . . . . X X . . . . X X X .
15 . . . X . . . . . . . . . . . X X . X
14 . O1@ . . . . . . . . . . . . X X X .
13 . . . . . . . . . . . . . . . X . X .
12 . O . . . . . . . X . . . . . . X . X
11 . O3X X . . . . . X . . . . . . . X2.
10 . . X . . . . . . X . . . . . X X X .
 9 . . . . . . . . . . . . . . . X . X X
 8 . . . . . . . . . . . . . . X . X . .
 7 . . . . . . . . . X . . . . . X X X X
 6 . . . X . . . X X X . . . . . X . . .
 5 . . . X . . . X . X . . . . . X . . X
 4 . . . X . . . . X X X . . . . X X . .
 3 . X X X X X . X X . X X . . . X X X X
 2 . X . . X . X . X X X . X . . X . X .
 1 X X . . . X X X . . . X . . . . X . .

koPOSITIONALscoreAREAtaxNONEsui1komi7.5
Time taken: 5.63719
Root visits: 45
New playouts: 45
NN rows: 30
NN batches: 30
NN avg batch size: 1
PlayoutDoublingAdvantage: -2.75
PV: C14 G4
Tree:
: T 113.48c W 100.00c S  10.98c (+340.4 L +337.9) N      45  --  C14 G4
---Black(^)---
C14 : T 121.43c W 100.00c S  19.60c (+350.8 L +347.4) LCB  113.00c P 14.80% WF  57.4 PSV      55 N      13  --  C14 G4
B10 : T 117.64c W 100.00c S  14.89c (+344.6 L +343.3) LCB  109.25c P 19.80% WF  51.5 PSV      25 N      13  --  B10 A11
C13 : T 116.72c W 100.00c S  13.20c (+342.9 L +341.0) LCB   96.98c P 19.73% WF  26.2 PSV      20 N       7  --  C13 B16
C12 : T  89.90c W 100.00c S -10.10c (+312.9 L +309.5) LCB -260.10c P  7.52% WF   3.0 PSV       1 N       1  --  C12
B15 : T  88.89c W 100.00c S -11.11c (+310.4 L +308.9) LCB -261.11c P  6.99% WF   3.1 PSV       1 N       1  --  B15
B13 : T  91.31c W 100.00c S  -8.68c (+315.9 L +308.5) LCB -258.69c P  6.76% WF   3.3 PSV       1 N       1  --  B13
A13 : T  89.17c W 100.00c S -10.83c (+311.3 L +308.5) LCB -260.93c P  2.73% WF   3.3 PSV       0 N       1  --  A13
B9  : T  88.75c W 100.00c S -11.25c (+309.7 L +309.6) LCB -261.38c P  2.09% WF   3.1 PSV       0 N       1  --  B9
A12 : T  91.08c W 100.00c S  -8.92c (+315.3 L +309.5) LCB -258.92c P  1.42% WF   3.0 PSV       0 N       1  --  A12
A14 : T  90.37c W 100.00c S  -9.63c (+314.2 L +309.9) LCB -259.63c P  1.15% WF   3.1 PSV       0 N       1  --  A14

2025-11-16 20:53:58-0500: play C14
2025-11-16 20:53:58-0500: Controller: genmove w
2025-11-16 20:54:06-0500: MoveNum: 31 HASH: AA22151F47C41C43626FDFB3D9A5ED8F
   A B C D E F G H J K L M N O P Q R S T
19 . . . . . . . . . X . . . . X . . X .
18 X X X X . . . . X . X . . . . X X . X
17 . . . X . . . . . X X . . . . X . X .
16 . . . X X . . . . X X . . . . X X X .
15 . . . X . . . . . . . . . . . X X . X
14 . O X3. . . . . . . . . . . . X X X .
13 . . @ . . . . . . . . . . . . X . X .
12 . O . . . . . . . X . . . . . . X . X
11 . O2X X . . . . . X . . . . . . . X1.
10 . . X . . . . . . X . . . . . X X X .
 9 . . . . . . . . . . . . . . . X . X X
 8 . . . . . . . . . . . . . . X . X . .
 7 . . . . . . . . . X . . . . . X X X X
 6 . . . X . . . X X X . . . . . X . . .
 5 . . . X . . . X . X . . . . . X . . X
 4 . . . X . . . . X X X . . . . X X . .
 3 . X X X X X . X X . X X . . . X X X X
 2 . X . . X . X . X X X . X . . X . X .
 1 X X . . . X X X . . . X . . . . X . .

koPOSITIONALscoreAREAtaxNONEsui1komi7.5
Time taken: 7.93142
Root visits: 111
New playouts: 111
NN rows: 96
NN batches: 96
NN avg batch size: 1
PlayoutDoublingAdvantage: 2.75
PV: C13 B10 A11
Tree:
: T -133.01c W -100.00c S -32.96c (-345.9 L -342.6) N     111  --  C13 B10 A11
---White(^)---
C13 : T -133.04c W -100.00c S -32.75c (-346.5 L -341.8) LCB -136.76c P 14.76% WF 116.5 PSV     117 N      22  --  C13 B10 A11
B10 : T -133.32c W -100.00c S -32.94c (-347.0 L -341.7) LCB -136.98c P 15.33% WF  98.1 PSV      99 N      17  --  B10 B9 C9
B15 : T -132.63c W -100.00c S -32.47c (-345.8 L -342.6) LCB -143.57c P  4.50% WF  54.5 PSV      53 N      12  --  B15 B10 C13
pss : T -132.90c W -100.00c S -32.85c (-345.5 L -343.5) LCB -146.42c P  4.84% WF  49.6 PSV      46 N      11  --  pass B15 C13
B16 : T -132.78c W -100.00c S -32.74c (-346.1 L -343.0) LCB -142.02c P  4.50% WF  62.0 PSV      45 N      13  --  B16 B10 C13
A13 : T -132.85c W -100.00c S -32.63c (-345.6 L -341.4) LCB -147.98c P  3.82% WF  44.5 PSV      36 N       9  --  A13 B10 C13
C12 : T -127.46c W -100.00c S -30.63c (-338.1 L -335.7) LCB -260.50c P  3.11% WF  11.7 PSV      12 N       3  --  C12 B15
G4  : T -133.30c W -100.00c S -33.30c (-342.8 L -342.8) LCB -483.36c P  1.08% WF   7.0 PSV       7 N       1  --  G4
E11 : T -133.82c W -100.00c S -33.82c (-347.6 L -344.6) LCB -483.88c P  1.09% WF   7.1 PSV       5 N       1  --  E11
C15 : T -134.77c W -100.00c S -34.77c (-358.1 L -353.4) LCB -484.81c P  1.29% WF   7.3 PSV       4 N       1  --  C15

2025-11-16 20:54:06-0500: = C13
2025-11-16 20:54:06-0500: Controller: kata-set-param maxVisits 100
2025-11-16 20:54:06-0500: = 
2025-11-16 20:54:06-0500: Controller: kata-genmove_analyze b
2025-11-16 20:54:06-0500: =
2025-11-16 20:54:12-0500: MoveNum: 32 HASH: 44F989F3A37A7A44639511775F1088B7
   A B C D E F G H J K L M N O P Q R S T
19 . . . . . . . . . X . . . . X . . X .
18 X X X X . . . . X . X . . . . X X . X
17 . . . X . . . . . X X . . . . X . X .
16 . . . X X . . . . X X . . . . X X X .
15 . . . X . . . . . . . . . . . X X . X
14 . O X2. . . . . . . . . . . . X X X .
13 @ . O3. . . . . . . . . . . . X . X .
12 . O . . . . . . . X . . . . . . X . X
11 . O1X X . . . . . X . . . . . . . X .
10 . . X . . . . . . X . . . . . X X X .
 9 . . . . . . . . . . . . . . . X . X X
 8 . . . . . . . . . . . . . . X . X . .
 7 . . . . . . . . . X . . . . . X X X X
 6 . . . X . . . X X X . . . . . X . . .
 5 . . . X . . . X . X . . . . . X . . X
 4 . . . X . . . . X X X . . . . X X . .
 3 . X X X X X . X X . X X . . . X X X X
 2 . X . . X . X . X X X . X . . X . X .
 1 X X . . . X X X . . . X . . . . X . .

koPOSITIONALscoreAREAtaxNONEsui1komi7.5
Time taken: 5.45321
Root visits: 45
New playouts: 45
NN rows: 27
NN batches: 27
NN avg batch size: 1
PlayoutDoublingAdvantage: -2.75
PV: A13 B15
Tree:
: T 112.80c W 100.00c S  10.73c (+345.1 L +341.3) N      45  --  A13 B15
---Black(^)---
A13 : T 118.39c W 100.00c S  16.15c (+351.5 L +348.1) LCB  110.00c P 23.58% WF  57.5 PSV     153 N      14  --  A13 B15
B10 : T 110.72c W 100.00c S   9.21c (+343.1 L +340.4) LCB   98.66c P 32.90% WF  56.7 PSV      58 N      16  --  B10 E12 C12
B15 : T 117.79c W 100.00c S  15.24c (+350.8 L +345.5) LCB  104.57c P 16.47% WF  33.8 PSV      34 N       9  --  B15 pass
C12 : T  88.64c W 100.00c S -11.36c (+314.3 L +309.9) LCB -261.36c P 13.82% WF   3.7 PSV       3 N       1  --  C12
C15 : T  89.76c W 100.00c S -10.24c (+317.2 L +309.7) LCB -260.24c P  2.61% WF   3.8 PSV       0 N       1  --  C15
A15 : T  89.85c W 100.00c S -10.15c (+317.7 L +311.7) LCB -260.29c P  2.30% WF   3.5 PSV       0 N       1  --  A15
D14 : T  89.54c W 100.00c S -10.46c (+316.7 L +311.3) LCB -260.46c P  1.46% WF   3.7 PSV       0 N       1  --  D14
B9  : T  89.57c W 100.00c S -10.42c (+317.4 L +313.6) LCB -260.55c P  0.89% WF   2.9 PSV       0 N       1  --  B9

2025-11-16 20:54:12-0500: play A13
2025-11-16 20:54:12-0500: Controller: genmove w
2025-11-16 20:54:20-0500: MoveNum: 33 HASH: 7056943286FCD5DFFCE9066D0023BF3D
   A B C D E F G H J K L M N O P Q R S T
19 . . . . . . . . . X . . . . X . . X .
18 X X X X . . . . X . X . . . . X X . X
17 . . . X . . . . . X X . . . . X . X .
16 . . . X X . . . . X X . . . . X X X .
15 . . . X . . . . . . . . . . . X X . X
14 . O X1. . . . . . . . . . . . X X X .
13 X3. O2. . . . . . . . . . . . X . X .
12 . O . . . . . . . X . . . . . . X . X
11 . O X X . . . . . X . . . . . . . X .
10 . @ X . . . . . . X . . . . . X X X .
 9 . . . . . . . . . . . . . . . X . X X
 8 . . . . . . . . . . . . . . X . X . .
 7 . . . . . . . . . X . . . . . X X X X
 6 . . . X . . . X X X . . . . . X . . .
 5 . . . X . . . X . X . . . . . X . . X
 4 . . . X . . . . X X X . . . . X X . .
 3 . X X X X X . X X . X X . . . X X X X
 2 . X . . X . X . X X X . X . . X . X .
 1 X X . . . X X X . . . X . . . . X . .

koPOSITIONALscoreAREAtaxNONEsui1komi7.5
Time taken: 8.25538
Root visits: 111
New playouts: 111
NN rows: 96
NN batches: 92
NN avg batch size: 1.04348
PlayoutDoublingAdvantage: 2.75
PV: B10 B8 A12
Tree:
: T -132.68c W -100.00c S -32.65c (-346.7 L -343.1) N     111  --  B10 B8 A12
---White(^)---
B10 : T -132.16c W -100.00c S -31.99c (-345.4 L -340.3) LCB -136.41c P 11.66% WF 115.1 PSV     115 N      24  --  B10 B8 A12
D14 : T -132.52c W -100.00c S -31.79c (-344.8 L -339.9) LCB -137.89c P  7.76% WF  79.3 PSV      53 N      16  --  D14 B10 E13
B15 : T -131.61c W -100.00c S -31.58c (-342.9 L -339.9) LCB -143.90c P  3.99% WF  49.5 PSV      50 N      11  --  B15 B16 B10
pss : T -132.52c W -100.00c S -32.30c (-346.4 L -344.1) LCB -144.11c P  4.39% WF  53.3 PSV      32 N      13  --  pass D13 B10
C15 : T -132.55c W -100.00c S -32.32c (-347.5 L -343.1) LCB -145.06c P  4.77% WF  48.8 PSV      32 N      10  --  C15 B10 D14
A12 : T -132.81c W -100.00c S -32.25c (-344.5 L -340.4) LCB -140.78c P  3.66% WF  61.4 PSV      22 N      12  --  A12 B10 B16
B16 : T -127.12c W -100.00c S -32.47c (-346.4 L -343.8) LCB -363.14c P  3.70% WF   9.2 PSV       9 N       2  --  B16 B10
D12 : T -134.37c W -100.00c S -34.37c (-354.7 L -351.4) LCB -484.42c P  3.40% WF   7.3 PSV       8 N       1  --  D12
E13 : T -134.40c W -100.00c S -34.40c (-354.6 L -351.6) LCB -484.44c P  2.48% WF   7.3 PSV       7 N       1  --  E13
B9  : T -134.48c W -100.00c S -34.48c (-356.6 L -352.4) LCB -484.52c P  2.26% WF   7.1 PSV       6 N       1  --  B9

2025-11-16 20:54:20-0500: = B10
2025-11-16 20:54:20-0500: Controller: kata-set-param maxVisits 100
2025-11-16 20:54:20-0500: = 
2025-11-16 20:54:20-0500: Controller: kata-genmove_analyze b
2025-11-16 20:54:20-0500: =
2025-11-16 20:54:26-0500: MoveNum: 34 HASH: ED44BCF517971F5767826C75D82791BE
   A B C D E F G H J K L M N O P Q R S T
19 . . . . . . . . . X . . . . X . . X .
18 X X X X . . . . X . X . . . . X X . X
17 . . . X . . . . . X X . . . . X . X .
16 . . . X X . . . . X X . . . . X X X .
15 . . . X . . . . . . . . . . . X X . X
14 . O X . . . . . . . . . . . . X X X .
13 X2. O1. . . . . . . . . . . . X . X .
12 . O . . . . . . . X . . . . . . X . X
11 . O X X . . . . . X . . . . . . . X .
10 . O3X . . . . . . X . . . . . X X X .
 9 . @ . . . . . . . . . . . . . X . X X
 8 . . . . . . . . . . . . . . X . X . .
 7 . . . . . . . . . X . . . . . X X X X
 6 . . . X . . . X X X . . . . . X . . .
 5 . . . X . . . X . X . . . . . X . . X
 4 . . . X . . . . X X X . . . . X X . .
 3 . X X X X X . X X . X X . . . X X X X
 2 . X . . X . X . X X X . X . . X . X .
 1 X X . . . X X X . . . X . . . . X . .

koPOSITIONALscoreAREAtaxNONEsui1komi7.5
Time taken: 5.73894
Root visits: 45
New playouts: 45
NN rows: 27
NN batches: 27
NN avg batch size: 1
PlayoutDoublingAdvantage: -2.75
PV: B9 C9 D9
Tree:
: T 110.90c W 100.00c S  10.13c (+343.9 L +339.3) N      45  --  B9 C9 D9
---Black(^)---
B9  : T 114.58c W 100.00c S  13.95c (+348.8 L +345.0) LCB  101.85c P 61.52% WF  87.5 PSV      86 N      22  --  B9 C9 D9
B8  : T 112.57c W 100.00c S  12.45c (+347.2 L +341.7) LCB   92.31c P 11.59% WF  50.9 PSV      11 N      13  --  B8 A12 B15
B15 : T  94.94c W 100.00c S  -5.40c (+319.7 L +313.6) LCB   51.29c P 20.26% WF  13.7 PSV       6 N       5  --  B15 B8 C9
A14 : T  91.78c W 100.00c S  -8.22c (+321.1 L +314.3) LCB -258.22c P  1.74% WF   3.4 PSV       0 N       1  --  A14
C9  : T  87.70c W 100.00c S -12.30c (+308.5 L +303.3) LCB -262.38c P  0.93% WF   3.1 PSV       0 N       1  --  C9
C8  : T  90.10c W 100.00c S  -9.90c (+316.7 L +308.5) LCB -259.95c P  0.57% WF   2.2 PSV       0 N       1  --  C8
A9  : T  89.99c W 100.00c S -10.01c (+315.3 L +306.8) LCB -260.01c P  0.54% WF   2.2 PSV       0 N       1  --  A9

2025-11-16 20:54:26-0500: play B9
2025-11-16 20:54:26-0500: Controller: genmove w
2025-11-16 20:54:33-0500: MoveNum: 35 HASH: 71E076215A9B861CF16AFB4732F31DC4
   A B C D E F G H J K L M N O P Q R S T
19 . . . . . . . . . X . . . . X . . X .
18 X X X X . . . . X . X . . . . X X . X
17 . . . X . . . . . X X . . . . X . X .
16 . . . X X . . . . X X . . . . X X X .
15 . . . X . . . . . . . . . . . X X . X
14 . O X . . . . . . . . . . . . X X X .
13 X1. O . . . . . . . . . . . . X . X .
12 @ O . . . . . . . X . . . . . . X . X
11 . O X X . . . . . X . . . . . . . X .
10 . O2X . . . . . . X . . . . . X X X .
 9 . X3. . . . . . . . . . . . . X . X X
 8 . . . . . . . . . . . . . . X . X . .
 7 . . . . . . . . . X . . . . . X X X X
 6 . . . X . . . X X X . . . . . X . . .
 5 . . . X . . . X . X . . . . . X . . X
 4 . . . X . . . . X X X . . . . X X . .
 3 . X X X X X . X X . X X . . . X X X X
 2 . X . . X . X . X X X . X . . X . X .
 1 X X . . . X X X . . . X . . . . X . .

koPOSITIONALscoreAREAtaxNONEsui1komi7.5
Time taken: 7.30797
Root visits: 111
New playouts: 111
NN rows: 92
NN batches: 91
NN avg batch size: 1.01099
PlayoutDoublingAdvantage: 2.75
PV: A12 A10 C9
Tree:
: T -132.32c W -100.00c S -32.34c (-347.6 L -343.7) N     111  --  A12 A10 C9
---White(^)---
A12 : T -132.37c W -100.00c S -31.94c (-345.6 L -340.5) LCB -138.71c P  7.14% WF  68.6 PSV     127 N      13  --  A12 A10 C9
C9  : T -132.84c W -100.00c S -33.01c (-353.1 L -348.3) LCB -141.48c P 12.69% WF  81.9 PSV      82 N      20  --  C9 D9 C8
D14 : T -132.35c W -100.00c S -31.93c (-346.0 L -341.2) LCB -138.87c P  7.94% WF  70.6 PSV      71 N      13  --  D14 C15 E13
pss : T -131.31c W -100.00c S -30.99c (-342.0 L -340.9) LCB -140.52c P  3.74% WF  62.9 PSV      63 N      17  --  pass B13 C12
D12 : T -132.23c W -100.00c S -31.82c (-345.6 L -340.8) LCB -141.79c P  5.16% WF  55.7 PSV      56 N      11  --  D12 C9 D14
C15 : T -132.36c W -100.00c S -32.43c (-350.1 L -345.1) LCB -146.87c P  5.42% WF  46.2 PSV      47 N       9  --  C15 D14 A12
A10 : T -132.44c W -100.00c S -32.19c (-348.4 L -343.4) LCB -149.37c P  3.77% WF  40.4 PSV      36 N       8  --  A10 A12 D14
B16 : T -127.25c W -100.00c S -32.23c (-347.6 L -344.2) LCB -354.46c P  3.19% WF   9.4 PSV      10 N       2  --  B16 B15
E13 : T -127.58c W -100.00c S -32.02c (-345.2 L -342.7) LCB -351.26c P  3.12% WF   9.4 PSV      10 N       2  --  E13 C9
B15 : T -133.89c W -100.00c S -33.89c (-352.1 L -349.9) LCB -483.94c P  2.27% WF   7.0 PSV       8 N       1  --  B15

2025-11-16 20:54:33-0500: = A12
2025-11-16 20:54:33-0500: Controller: kata-set-param maxVisits 100
2025-11-16 20:54:33-0500: = 
2025-11-16 20:54:33-0500: Controller: kata-genmove_analyze b
2025-11-16 20:54:33-0500: =
2025-11-16 20:54:40-0500: MoveNum: 36 HASH: B9BE40498F8D25379D4C8C68770BA3EC
   A B C D E F G H J K L M N O P Q R S T
19 . . . . . . . . . X . . . . X . . X .
18 X X X X . . . . X . X . . . . X X . X
17 . . . X . . . . . X X . . . . X . X .
16 . . . X X . . . . X X . . . . X X X .
15 . @ . X . . . . . . . . . . . X X . X
14 . O X . . . . . . . . . . . . X X X .
13 X . O . . . . . . . . . . . . X . X .
12 O3O . . . . . . . X . . . . . . X . X
11 . O X X . . . . . X . . . . . . . X .
10 . O1X . . . . . . X . . . . . X X X .
 9 . X2. . . . . . . . . . . . . X . X X
 8 . . . . . . . . . . . . . . X . X . .
 7 . . . . . . . . . X . . . . . X X X X
 6 . . . X . . . X X X . . . . . X . . .
 5 . . . X . . . X . X . . . . . X . . X
 4 . . . X . . . . X X X . . . . X X . .
 3 . X X X X X . X X . X X . . . X X X X
 2 . X . . X . X . X X X . X . . X . X .
 1 X X . . . X X X . . . X . . . . X . .

koPOSITIONALscoreAREAtaxNONEsui1komi7.5
Time taken: 6.95461
Root visits: 45
New playouts: 45
NN rows: 35
NN batches: 35
NN avg batch size: 1
PlayoutDoublingAdvantage: -2.75
PV: B15 A14 A10 B13
Tree:
: T 109.76c W 100.00c S   8.87c (+340.3 L +336.7) N      45  --  B15 A14 A10 B13
---Black(^)---
B15 : T 116.23c W 100.00c S  14.23c (+347.5 L +342.7) LCB  101.96c P 38.75% WF  65.8 PSV     160 N      17  --  B15 A14 A10 B13
A10 : T 107.63c W 100.00c S   7.23c (+338.1 L +336.4) LCB   92.65c P 40.85% WF  75.9 PSV      77 N      21  --  A10 B16 B15
A14 : T  91.40c W 100.00c S  -8.60c (+319.1 L +314.4) LCB -258.60c P  6.99% WF   3.0 PSV       2 N       1  --  A14
A15 : T  92.54c W 100.00c S  -7.46c (+321.5 L +314.5) LCB -257.55c P  2.85% WF   3.0 PSV       1 N       1  --  A15
A16 : T  93.35c W 100.00c S  -6.65c (+323.1 L +314.9) LCB -256.87c P  1.71% WF   2.8 PSV       0 N       1  --  A16
B16 : T  95.60c W 100.00c S  -4.40c (+326.8 L +314.1) LCB -254.72c P  1.47% WF   2.4 PSV       0 N       1  --  B16
C9  : T  87.43c W 100.00c S -12.57c (+307.9 L +305.2) LCB -262.57c P  1.39% WF   4.3 PSV       0 N       1  --  C9
A17 : T  94.27c W 100.00c S  -5.73c (+323.9 L +310.5) LCB -256.01c P  0.43% WF   1.8 PSV       0 N       1  --  A17

2025-11-16 20:54:40-0500: play B15
2025-11-16 20:54:40-0500: Controller: genmove w
2025-11-16 20:54:48-0500: MoveNum: 37 HASH: 465909ABC59EBAE691493E14A7645247
   A B C D E F G H J K L M N O P Q R S T
19 . . . . . . . . . X . . . . X . . X .
18 X X X X . . . . X . X . . . . X X . X
17 . . . X . . . . . X X . . . . X . X .
16 . . . X X . . . . X X . . . . X X X .
15 . X3. X . . . . . . . . . . . X X . X
14 . O X @ . . . . . . . . . . . X X X .
13 X . O . . . . . . . . . . . . X . X .
12 O2O . . . . . . . X . . . . . . X . X
11 . O X X . . . . . X . . . . . . . X .
10 . O X . . . . . . X . . . . . X X X .
 9 . X1. . . . . . . . . . . . . X . X X
 8 . . . . . . . . . . . . . . X . X . .
 7 . . . . . . . . . X . . . . . X X X X
 6 . . . X . . . X X X . . . . . X . . .
 5 . . . X . . . X . X . . . . . X . . X
 4 . . . X . . . . X X X . . . . X X . .
 3 . X X X X X . X X . X X . . . X X X X
 2 . X . . X . X . X X X . X . . X . X .
 1 X X . . . X X X . . . X . . . . X . .

koPOSITIONALscoreAREAtaxNONEsui1komi7.5
Time taken: 8.01244
Root visits: 111
New playouts: 111
NN rows: 93
NN batches: 92
NN avg batch size: 1.01087
PlayoutDoublingAdvantage: 2.75
PV: D14 A14 C9
Tree:
: T -131.66c W -100.00c S -31.59c (-347.4 L -343.0) N     111  --  D14 A14 C9
---White(^)---
D14 : T -131.61c W -100.00c S -31.23c (-346.2 L -341.2) LCB -136.33c P 11.10% WF  87.2 PSV     167 N      17  --  D14 A14 C9
C9  : T -132.03c W -100.00c S -32.09c (-350.9 L -345.8) LCB -138.21c P 10.52% WF 109.8 PSV     110 N      22  --  C9 B8 A14
A10 : T -130.99c W -100.00c S -30.93c (-345.1 L -340.7) LCB -138.20c P  7.06% WF  83.9 PSV      84 N      20  --  A10 A14 A15
A14 : T -132.31c W -100.00c S -32.11c (-348.6 L -343.7) LCB -141.61c P 11.09% WF  58.4 PSV      59 N      11  --  A14 A10 B13
pss : T -130.83c W -100.00c S -30.42c (-341.3 L -338.8) LCB -140.19c P  3.59% WF  57.6 PSV      58 N      14  --  pass A10 A14
D12 : T -128.52c W -100.00c S -28.30c (-338.8 L -333.4) LCB -140.44c P  4.74% WF  43.5 PSV      43 N      12  --  D12 A14 C9
E13 : T -134.32c W -100.00c S -34.32c (-359.8 L -355.7) LCB -484.36c P  2.92% WF   7.3 PSV       8 N       1  --  E13
B13 : T -133.70c W -100.00c S -33.70c (-353.9 L -350.5) LCB -483.73c P  2.23% WF   7.0 PSV       8 N       1  --  B13
B8  : T -133.46c W -100.00c S -33.46c (-354.3 L -348.5) LCB -483.52c P  1.86% WF   6.8 PSV       7 N       1  --  B8
B16 : T -132.21c W -100.00c S -32.21c (-343.7 L -342.1) LCB -482.30c P  0.90% WF   6.6 PSV       7 N       1  --  B16

2025-11-16 20:54:48-0500: = D14
2025-11-16 20:54:48-0500: Controller: kata-set-param maxVisits 100
2025-11-16 20:54:48-0500: = 
2025-11-16 20:54:48-0500: Controller: kata-genmove_analyze b
2025-11-16 20:54:48-0500: =
2025-11-16 20:54:54-0500: MoveNum: 38 HASH: 0ED85CC554A91A5BEF4CD0381DE2B7A0
   A B C D E F G H J K L M N O P Q R S T
19 . . . . . . . . . X . . . . X . . X .
18 X X X X . . . . X . X . . . . X X . X
17 . . . X . . . . . X X . . . . X . X .
16 . . . X X . . . . X X . . . . X X X .
15 . X2. X . . . . . . . . . . . X X . X
14 @ O X O3. . . . . . . . . . . X X X .
13 X . O . . . . . . . . . . . . X . X .
12 O1O . . . . . . . X . . . . . . X . X
11 . O X X . . . . . X . . . . . . . X .
10 . O X . . . . . . X . . . . . X X X .
 9 . X . . . . . . . . . . . . . X . X X
 8 . . . . . . . . . . . . . . X . X . .
 7 . . . . . . . . . X . . . . . X X X X
 6 . . . X . . . X X X . . . . . X . . .
 5 . . . X . . . X . X . . . . . X . . X
 4 . . . X . . . . X X X . . . . X X . .
 3 . X X X X X . X X . X X . . . X X X X
 2 . X . . X . X . X X X . X . . X . X .
 1 X X . . . X X X . . . X . . . . X . .

koPOSITIONALscoreAREAtaxNONEsui1komi7.5
Time taken: 5.89815
Root visits: 45
New playouts: 45
NN rows: 29
NN batches: 28
NN avg batch size: 1.03571
PlayoutDoublingAdvantage: -2.75
PV: C9 A14 A10 C15
Tree:
: T 103.00c W 100.00c S   1.97c (+337.0 L +332.4) N      45  --  C9 A14 A10 C15
---Black(^)---
C9  : T 103.37c W 100.00c S   1.73c (+337.0 L +332.6) LCB   84.02c P 20.96% WF  33.3 PSV      56 N      10  --  C9 A14 A10 C15
A14 : T 103.26c W 100.00c S   2.37c (+337.3 L +334.1) LCB   83.54c P 20.92% WF  54.0 PSV      54 N      14  --  A14 B13 C15
C15 : T 106.87c W 100.00c S   5.64c (+342.3 L +338.2) LCB   80.17c P 21.48% WF  28.0 PSV      28 N       8  --  C15 A14 A10
A10 : T 113.08c W 100.00c S   8.13c (+345.8 L +341.1) LCB   61.21c P 12.77% WF  14.3 PSV      14 N       4  --  A10 C15
D12 : T  89.26c W 100.00c S -10.74c (+320.9 L +314.1) LCB -260.88c P  5.26% WF   3.7 PSV       2 N       1  --  D12
E13 : T  90.27c W 100.00c S  -9.73c (+323.6 L +315.5) LCB -259.91c P  2.74% WF   3.5 PSV       1 N       1  --  E13
E14 : T  90.48c W 100.00c S  -9.52c (+324.2 L +311.7) LCB -259.52c P  2.11% WF   3.9 PSV       0 N       1  --  E14
C8  : T  90.28c W 100.00c S  -9.71c (+323.7 L +316.2) LCB -259.91c P  1.70% WF   3.5 PSV       0 N       1  --  C8
D9  : T  90.04c W 100.00c S  -9.96c (+323.2 L +314.5) LCB -260.15c P  1.52% WF   3.7 PSV       0 N       1  --  D9
B8  : T  89.23c W 100.00c S -10.77c (+320.8 L +314.5) LCB -260.94c P  1.10% WF   3.6 PSV       0 N       1  --  B8

2025-11-16 20:54:54-0500: play A14
2025-11-16 20:54:54-0500: Controller: genmove w
2025-11-16 20:55:03-0500: MoveNum: 39 HASH: A5C39E43B6459C1DB3F0AC0F77CB7451
   A B C D E F G H J K L M N O P Q R S T
19 . . . . . . . . . X . . . . X . . X .
18 X X X X . . . . X . X . . . . X X . X
17 . . . X . . . . . X X . . . . X . X .
16 . . . X X . . . . X X . . . . X X X .
15 . X1. X . . . . . . . . . . . X X . X
14 X3O X O2. . . . . . . . . . . X X X .
13 X . O . . . . . . . . . . . . X . X .
12 O O . @ . . . . . X . . . . . . X . X
11 . O X X . . . . . X . . . . . . . X .
10 . O X . . . . . . X . . . . . X X X .
 9 . X . . . . . . . . . . . . . X . X X
 8 . . . . . . . . . . . . . . X . X . .
 7 . . . . . . . . . X . . . . . X X X X
 6 . . . X . . . X X X . . . . . X . . .
 5 . . . X . . . X . X . . . . . X . . X
 4 . . . X . . . . X X X . . . . X X . .
 3 . X X X X X . X X . X X . . . X X X X
 2 . X . . X . X . X X X . X . . X . X .
 1 X X . . . X X X . . . X . . . . X . .

koPOSITIONALscoreAREAtaxNONEsui1komi7.5
Time taken: 8.29136
Root visits: 111
New playouts: 111
NN rows: 98
NN batches: 98
NN avg batch size: 1
PlayoutDoublingAdvantage: 2.75
PV: D12 E11 C15
Tree:
: T -132.01c W -100.00c S -31.79c (-348.4 L -344.1) N     111  --  D12 E11 C15
---White(^)---
D12 : T -131.87c W -100.00c S -31.36c (-346.6 L -341.6) LCB -138.48c P  6.94% WF  70.2 PSV     130 N      14  --  D12 E11 C15
C15 : T -131.75c W -100.00c S -31.87c (-350.8 L -345.9) LCB -143.38c P  9.43% WF  75.9 PSV      76 N      14  --  C15 A15 C9
A10 : T -131.35c W -100.00c S -31.04c (-345.1 L -340.9) LCB -138.52c P  7.57% WF  70.9 PSV      71 N      15  --  A10 C9 B13
C9  : T -131.75c W -100.00c S -31.47c (-348.5 L -343.2) LCB -138.96c P 11.05% WF  69.3 PSV      70 N      15  --  C9 B8 C15
E13 : T -131.32c W -100.00c S -30.92c (-346.0 L -341.3) LCB -140.12c P  5.84% WF  60.1 PSV      60 N      13  --  E13 C9 C15
B13 : T -131.91c W -100.00c S -30.99c (-345.8 L -341.0) LCB -141.57c P  7.84% WF  52.3 PSV      53 N      11  --  B13 E14 C15
pss : T -131.58c W -100.00c S -31.16c (-344.0 L -341.6) LCB -141.42c P  2.61% WF  57.0 PSV      24 N      13  --  pass C15 B13
B16 : T -134.09c W -100.00c S -34.09c (-358.7 L -352.8) LCB -484.14c P  2.50% WF   7.3 PSV       6 N       1  --  B16
F14 : T -133.66c W -100.00c S -33.66c (-353.7 L -350.8) LCB -483.72c P  1.56% WF   7.1 PSV       4 N       1  --  F14
A15 : T -132.00c W -100.00c S -32.00c (-342.7 L -341.7) LCB -482.09c P  0.73% WF   6.6 PSV       4 N       1  --  A15

2025-11-16 20:55:03-0500: = D12
2025-11-16 20:55:03-0500: Controller: kata-set-param maxVisits 100
2025-11-16 20:55:03-0500: = 
2025-11-16 20:55:03-0500: Controller: kata-genmove_analyze b
2025-11-16 20:55:03-0500: =
2025-11-16 20:55:09-0500: MoveNum: 40 HASH: C2E7193AA5345937CC1389ED6DEDAE78
   A B C D E F G H J K L M N O P Q R S T
19 . . . . . . . . . X . . . . X . . X .
18 X X X X . . . . X . X . . . . X X . X
17 . . . X . . . . . X X . . . . X . X .
16 . . . X X . . . . X X . . . . X X X .
15 . X @ X . . . . . . . . . . . X X . X
14 X2O X O1. . . . . . . . . . . X X X .
13 X . O . . . . . . . . . . . . X . X .
12 O O . O3. . . . . X . . . . . . X . X
11 . O X X . . . . . X . . . . . . . X .
10 . O X . . . . . . X . . . . . X X X .
 9 . X . . . . . . . . . . . . . X . X X
 8 . . . . . . . . . . . . . . X . X . .
 7 . . . . . . . . . X . . . . . X X X X
 6 . . . X . . . X X X . . . . . X . . .
 5 . . . X . . . X . X . . . . . X . . X
 4 . . . X . . . . X X X . . . . X X . .
 3 . X X X X X . X X . X X . . . X X X X
 2 . X . . X . X . X X X . X . . X . X .
 1 X X . . . X X X . . . X . . . . X . .

koPOSITIONALscoreAREAtaxNONEsui1komi7.5
Time taken: 5.79009
Root visits: 45
New playouts: 45
NN rows: 33
NN batches: 33
NN avg batch size: 1
PlayoutDoublingAdvantage: -2.75
PV: C15 C9
Tree:
: T 105.52c W 100.00c S   4.39c (+338.2 L +333.3) N      45  --  C15 C9
---Black(^)---
C15 : T 117.30c W 100.00c S  14.45c (+351.8 L +347.1) LCB   97.47c P 10.82% WF  28.1 PSV     114 N       7  --  C15 C9
C9  : T 102.85c W 100.00c S   2.24c (+335.6 L +332.2) LCB   84.60c P 20.22% WF  50.6 PSV      51 N      14  --  C9 B13 E12
B13 : T 103.76c W 100.00c S   3.58c (+336.7 L +330.7) LCB   79.30c P 14.50% WF  40.8 PSV      42 N      10  --  B13 C9 D9
E11 : T 116.90c W 100.00c S  12.88c (+350.0 L +345.4) LCB   81.74c P 11.61% WF  20.7 PSV      20 N       5  --  E11 C15
E13 : T  90.00c W 100.00c S -10.00c (+320.0 L +314.1) LCB -260.15c P  7.58% WF   3.6 PSV       3 N       1  --  E13
E12 : T  90.99c W 100.00c S  -9.01c (+322.3 L +314.3) LCB -259.01c P  7.20% WF   3.6 PSV       3 N       1  --  E12
A10 : T  90.45c W 100.00c S  -9.55c (+321.3 L +313.7) LCB -259.55c P  5.55% WF   3.7 PSV       2 N       1  --  A10
C8  : T  89.60c W 100.00c S -10.40c (+319.6 L +314.5) LCB -260.58c P  5.10% WF   3.5 PSV       2 N       1  --  C8
D9  : T  89.59c W 100.00c S -10.41c (+319.6 L +314.7) LCB -260.58c P  4.78% WF   3.5 PSV       2 N       1  --  D9
B8  : T  90.59c W 100.00c S  -9.41c (+322.1 L +315.1) LCB -259.62c P  1.87% WF   3.4 PSV       0 N       1  --  B8

2025-11-16 20:55:09-0500: play C15
2025-11-16 20:55:09-0500: Controller: kata-set-param maxVisits 300
2025-11-16 20:55:09-0500: = 
2025-11-16 20:55:09-0500: Controller: kata-genmove_analyze b
2025-11-16 20:55:09-0500: =
2025-11-16 20:55:18-0500: MoveNum: 0 HASH: 681B7A6E1B609DED0D62D9DDAD1231CD
   A B C D E F G H J K L M N O P Q R S T
19 . . . . . . . . . X . . . . X . . X .
18 X X X X . . . . X . X . . . . X X . X
17 . . . X . . . . . X X . . . . X . X .
16 . . . X X . . . . X X . . . . X X X .
15 . X X X . . . . . . . . . . . X X . X
14 X O X O . . . . . . . . . . . X X X .
13 X . O . . . . . . . . . . . . X . X .
12 O O . O . . . . . X . . . . . . X . X
11 . O X X . . . . . X . . . . . . . X .
10 @ O X . . . . . . X . . . . . X X X .
 9 . X . . . . . . . . . . . . . X . X X
 8 . . . . . . . . . . . . . . X . X . .
 7 . . . . . . . . . X . . . . . X X X X
 6 . . . X . . . X X X . . . . . X . . .
 5 . . . X . . . X . X . . . . . X . . X
 4 . . . X . . . . X X X . . . . X X . .
 3 . X X X X X . X X . X X . . . X X X X
 2 . X . . X . X . X X X . X . . X . X .
 1 X X . . . X X X . . . X . . . . X . .

koPOSITIONALscoreAREAtaxNONEsui1komi7.5
Time taken: 9.04711
Root visits: 135
New playouts: 135
NN rows: 133
NN batches: 131
NN avg batch size: 1.01527
PlayoutDoublingAdvantage: -2.75
PV: B13 C9 D9
Tree:
: T 120.99c W 100.00c S  21.08c (+343.8 L +341.2) N     135  --  B13 C9 D9
---Black(^)---
B13 : T 123.67c W 100.00c S  24.49c (+347.9 L +344.5) LCB  114.31c P 15.56% WF  75.1 PSV      76 N      16  --  B13 C9 D9
A10 : T 123.20c W 100.00c S  22.97c (+344.9 L +342.8) LCB  112.87c P 14.01% WF  55.4 PSV      55 N      12  --  A10 F14
C9  : T 122.51c W 100.00c S  21.88c (+342.9 L +342.6) LCB  108.72c P 15.90% WF  44.4 PSV      45 N      10  --  C9 F12
E14 : T 122.88c W 100.00c S  22.64c (+344.4 L +342.4) LCB  111.38c P 10.72% WF  48.9 PSV      39 N      11  --  E14 F14
A15 : T 125.44c W 100.00c S  25.37c (+349.8 L +346.2) LCB  108.39c P  1.62% WF  37.5 PSV      25 N       8  --  A15 C9
E12 : T 121.79c W 100.00c S  22.32c (+344.2 L +342.2) LCB  110.16c P  8.46% WF  62.1 PSV      23 N      14  --  E12 B13 A10
E11 : T 123.72c W 100.00c S  23.28c (+345.8 L +344.2) LCB  107.15c P  4.19% WF  41.7 PSV      18 N       9  --  E11 F13
C12 : T 116.57c W 100.00c S  17.79c (+340.0 L +335.4) LCB   92.44c P  6.88% WF  32.8 PSV       8 N       9  --  C12 C9 C8
D13 : T 120.62c W 100.00c S  21.64c (+345.5 L +342.1) LCB  100.52c P  1.16% WF  41.7 PSV       2 N      12  --  D13 B13 A15
S5  : T 123.01c W 100.00c S  23.89c (+348.1 L +344.4) LCB  103.39c P  0.31% WF  39.4 PSV       1 N       9  --  S5 C9 D9

2025-11-16 20:55:18-0500: play A10
2025-11-16 20:55:18-0500: Controller: kata-set-param maxVisits 300
2025-11-16 20:55:18-0500: = 
2025-11-16 20:55:18-0500: Controller: kata-genmove_analyze b
2025-11-16 20:55:18-0500: =
2025-11-16 20:55:27-0500: MoveNum: 0 HASH: 29A85F84648A0DAB58BD0DBB790E690B
   A B C D E F G H J K L M N O P Q R S T
19 . . . . . . . . . X . . . . X . . X .
18 X X X X . . . . X . X . . . . X X . X
17 . . . X . . . . . X X . . . . X . X .
16 . . . X X . . . . X X . . . . X X X .
15 . X X X . . . . . . . . . . . X X . X
14 X O X O . . . . . . . . . . . X X X .
13 X @ O . . . . . . . . . . . . X . X .
12 O O . O . . . . . X . . . . . . X . X
11 . O X X . . . . . X . . . . . . . X .
10 X O X . . . . . . X . . . . . X X X .
 9 . X . . . . . . . . . . . . . X . X X
 8 . . . . . . . . . . . . . . X . X . .
 7 . . . . . . . . . X . . . . . X X X X
 6 . . . X . . . X X X . . . . . X . . .
 5 . . . X . . . X . X . . . . . X . . X
 4 . . . X . . . . X X X . . . . X X . .
 3 . X X X X X . X X . X X . . . X X X X
 2 . X . . X . X . X X X . X . . X . X .
 1 X X . . . X X X . . . X . . . . X . .

koPOSITIONALscoreAREAtaxNONEsui1komi7.5
Time taken: 9.47759
Root visits: 135
New playouts: 135
NN rows: 135
NN batches: 133
NN avg batch size: 1.01504
PV: A9 C12
Tree:
: T 116.44c W 100.00c S  17.34c (+352.2 L +346.6) N     135  --  A9 C12
---Black(^)---
A9  : T 120.07c W 100.00c S  20.00c (+354.2 L +349.3) LCB  107.24c P  7.13% WF  44.5 PSV     104 N       9  --  A9 C12
C12 : T 116.52c W 100.00c S  17.40c (+352.3 L +347.2) LCB  100.19c P 13.70% WF  59.6 PSV      60 N      14  --  C12 B13 A15
A15 : T 119.50c W 100.00c S  19.62c (+354.8 L +350.4) LCB  107.17c P  5.90% WF  51.7 PSV      51 N      11  --  A15 F14
B13 : T 118.42c W 100.00c S  19.42c (+354.5 L +349.7) LCB  101.36c P 17.17% WF  47.6 PSV      48 N      10  --  B13 C12 C9
C9  : T 116.62c W 100.00c S  16.58c (+350.0 L +345.4) LCB  105.14c P 25.99% WF  44.7 PSV      45 N      10  --  C9 B7
A11 : T 113.18c W 100.00c S  14.65c (+349.1 L +342.1) LCB   88.82c P  5.45% WF  31.6 PSV      10 N       9  --  A11 B13 A9
D13 : T 114.37c W 100.00c S  16.52c (+351.9 L +346.5) LCB   83.14c P  4.20% WF  29.5 PSV      10 N       7  --  D13 E13 B13
T6  : T 117.58c W 100.00c S  18.92c (+354.6 L +349.1) LCB   93.01c P  0.25% WF  32.7 PSV       1 N       8  --  T6 B13 A15
E12 : T  98.98c W 100.00c S  -1.02c (+331.9 L +324.9) LCB -251.02c P  2.14% WF   2.2 PSV       1 N       1  --  E12
E14 : T 100.09c W 100.00c S   0.09c (+333.1 L +325.5) LCB -249.91c P  1.76% WF   2.0 PSV       1 N       1  --  E14

2025-11-16 20:55:27-0500: play B13
2025-11-16 20:55:27-0500: Controller: kata-set-param maxVisits 300
2025-11-16 20:55:27-0500: = 
2025-11-16 20:55:27-0500: Controller: kata-genmove_analyze b
2025-11-16 20:55:27-0500: =
2025-11-16 20:55:36-0500: MoveNum: 0 HASH: 2DAF0D5016C5DE00D7F1D916806C1530
   A B C D E F G H J K L M N O P Q R S T
19 . . . . . . . . . X . . . . X . . X .
18 X X X X . . . . X . X . . . . X X . X
17 . . . X . . . . . X X . . . . X . X .
16 . . . X X . . . . X X . . . . X X X .
15 . X X X . . . . . . . . . . . X X . X
14 X . X O . . . . . . . . . . . X X X .
13 X X O . . . . . . . . . . . . X . X .
12 O O . O . . . . . X . . . . . . X . X
11 . O X X . . . . . X . . . . . . . X .
10 X O X . . . . . . X . . . . . X X X .
 9 @ X . . . . . . . . . . . . . X . X X
 8 . . . . . . . . . . . . . . X . X . .
 7 . . . . . . . . . X . . . . . X X X X
 6 . . . X . . . X X X . . . . . X . . .
 5 . . . X . . . X . X . . . . . X . . X
 4 . . . X . . . . X X X . . . . X X . .
 3 . X X X X X . X X . X X . . . X X X X
 2 . X . . X . X . X X X . X . . X . X .
 1 X X . . . X X X . . . X . . . . X . .

koPOSITIONALscoreAREAtaxNONEsui1komi7.5
Time taken: 8.99655
Root visits: 135
New playouts: 135
NN rows: 134
NN batches: 134
NN avg batch size: 1
PV: A9 B6 C12
Tree:
: T 116.33c W 100.00c S  16.94c (+349.8 L +344.9) N     135  --  A9 B6 C12
---Black(^)---
A9  : T 116.41c W 100.00c S  17.21c (+349.7 L +345.1) LCB  106.63c P 19.91% WF  77.4 PSV      77 N      17  --  A9 B6 C12
C12 : T 116.05c W 100.00c S  15.92c (+348.2 L +344.0) LCB  103.11c P 16.89% WF  46.1 PSV      47 N      10  --  C12 B6
T6  : T 119.77c W 100.00c S  19.88c (+353.5 L +349.1) LCB  105.96c P  0.53% WF  42.4 PSV      42 N       9  --  T6 A11
C9  : T 116.51c W 100.00c S  16.53c (+348.8 L +344.4) LCB  102.61c P  9.60% WF  40.5 PSV      39 N       9  --  C9 G18
A11 : T 117.77c W 100.00c S  17.83c (+352.1 L +346.2) LCB   96.59c P 18.13% WF  37.7 PSV      38 N      10  --  A11 A9 A10 C9
J19 : T 120.14c W 100.00c S  20.20c (+353.6 L +349.4) LCB  104.77c P  0.49% WF  37.9 PSV      38 N       8  --  J19 A11
D13 : T 111.96c W 100.00c S  13.53c (+346.1 L +341.2) LCB   89.37c P  7.05% WF  37.3 PSV      10 N      10  --  D13 E13 C9
B14 : T 115.74c W 100.00c S  17.29c (+350.4 L +346.3) LCB   99.00c P  2.15% WF  47.4 PSV       6 N      11  --  B14 A11 C12
L19 : T 118.07c W 100.00c S  18.76c (+352.0 L +347.3) LCB  101.77c P  0.47% WF  42.8 PSV       4 N      10  --  L19 A11 A9
N1  : T 118.16c W 100.00c S  18.91c (+352.3 L +348.0) LCB  101.67c P  0.43% WF  38.8 PSV       4 N       9  --  N1 C12 C9

2025-11-16 20:55:36-0500: play A9
2025-11-16 20:55:36-0500: Controller: kata-set-param maxVisits 100
2025-11-16 20:55:36-0500: = 
2025-11-16 20:55:36-0500: Controller: kata-genmove_analyze b
2025-11-16 20:55:36-0500: =
2025-11-16 20:55:45-0500: MoveNum: 0 HASH: A2EF565CBF6DBC29FAB924E38A15B6C0
   A B C D E F G H J K L M N O P Q R S T
19 . . . . . . . . . X . . . . X . . X .
18 X X X X . . . . X . X . . . . X X . X
17 . . . X . . . . . X X . . . . X . X .
16 . . . X X . . . . X X . . . . X X X .
15 . X X X . . . . . . . . . . . X X . X
14 X . X O . . . . . . . . . . . X X X .
13 X X O . . . . . . . . . . . . X . X .
12 O O . O . . . . . X . . . . . . X . X
11 @ O X X . . . . . X . . . . . . . X .
10 X O X . . . . . . X . . . . . X X X .
 9 X X . . . . . . . . . . . . . X . X X
 8 . . . . . . . . . . . . . . X . X . .
 7 . . . . . . . . . X . . . . . X X X X
 6 . . . X . . . X X X . . . . . X . . .
 5 . . . X . . . X . X . . . . . X . . X
 4 . . . X . . . . X X X . . . . X X . .
 3 . X X X X X . X X . X X . . . X X X X
 2 . X . . X . X . X X X . X . . X . X .
 1 X X . . . X X X . . . X . . . . X . .

koPOSITIONALscoreAREAtaxNONEsui1komi7.5
Time taken: 8.55031
Root visits: 45
New playouts: 45
NN rows: 45
NN batches: 45
NN avg batch size: 1
PV: A11 G18
Tree:
: T 112.02c W 100.00c S  12.18c (+346.5 L +341.3) N      45  --  A11 G18
---Black(^)---
A11 : T 114.20c W 100.00c S  14.17c (+348.7 L +344.3) LCB  103.20c P 23.33% WF  45.7 PSV      48 N      11  --  A11 G18
C12 : T 113.96c W 100.00c S  13.77c (+348.4 L +344.2) LCB  100.49c P 19.68% WF  45.5 PSV      36 N      10  --  C12 B5
C9  : T 114.26c W 100.00c S  14.27c (+348.8 L +344.3) LCB   97.89c P  8.16% WF  34.8 PSV      16 N       8  --  C9 G18
D13 : T  95.13c W 100.00c S  -4.87c (+328.7 L +324.0) LCB -254.87c P  9.81% WF   2.6 PSV       2 N       1  --  D13
E12 : T  97.00c W 100.00c S  -3.00c (+331.3 L +326.0) LCB -253.00c P  3.55% WF   2.4 PSV       1 N       1  --  E12
B14 : T 101.29c W 100.00c S   1.29c (+336.0 L +328.0) LCB -248.71c P  2.99% WF   2.1 PSV       1 N       1  --  B14
E14 : T  96.33c W 100.00c S  -3.67c (+330.4 L +326.2) LCB -253.67c P  3.32% WF   2.4 PSV       0 N       1  --  E14
A15 : T  97.68c W 100.00c S  -2.32c (+332.2 L +326.9) LCB -252.32c P  2.33% WF   2.3 PSV       0 N       1  --  A15
T6  : T 102.60c W 100.00c S   2.60c (+337.4 L +327.9) LCB -247.40c P  0.91% WF   2.0 PSV       0 N       1  --  T6
J19 : T 104.21c W 100.00c S   4.21c (+338.8 L +327.6) LCB -245.79c P  0.79% WF   2.0 PSV       0 N       1  --  J19

2025-11-16 20:55:45-0500: play A11
2025-11-16 20:55:45-0500: Controller: kata-set-param maxVisits 100
2025-11-16 20:55:45-0500: = 
2025-11-16 20:55:45-0500: Controller: kata-genmove_analyze b
2025-11-16 20:55:45-0500: =
2025-11-16 20:55:53-0500: MoveNum: 0 HASH: 83A1BC317D29A74404B3F869D67C8410
   A B C D E F G H J K L M N O P Q R S T
19 . . . . . . . . . X . . . . X . . X .
18 X X X X . . . . X . X . . . . X X . X
17 . . . X . . . . . X X . . . . X . X .
16 . . . X X . . . . X X . . . . X X X .
15 . X X X . . . . . . . . . . . X X . X
14 X . X O . . . . . . . . . . . X X X .
13 X X O @ . . . . . . . . . . . X . X .
12 O O . O . . . . . X . . . . . . X . X
11 X O X X . . . . . X . . . . . . . X .
10 X O X . . . . . . X . . . . . X X X .
 9 X X . . . . . . . . . . . . . X . X X
 8 . . . . . . . . . . . . . . X . X . .
 7 . . . . . . . . . X . . . . . X X X X
 6 . . . X . . . X X X . . . . . X . . .
 5 . . . X . . . X . X . . . . . X . . X
 4 . . . X . . . . X X X . . . . X X . .
 3 . X X X X X . X X . X X . . . X X X X
 2 . X . . X . X . X X X . X . . X . X .
 1 X X . . . X X X . . . X . . . . X . .

koPOSITIONALscoreAREAtaxNONEsui1komi7.5
Time taken: 8.15234
Root visits: 45
New playouts: 45
NN rows: 44
NN batches: 44
NN avg batch size: 1
PV: B14 B5 B4
Tree:
: T 113.23c W 100.00c S  13.86c (+345.6 L +339.9) N      45  --  B14 B5 B4
---Black(^)---
B14 : T 111.95c W 100.00c S  13.06c (+344.6 L +339.3) LCB   92.56c P  8.01% WF  29.4 PSV      40 N       9  --  B14 B5 B4
D13 : T 111.13c W 100.00c S  12.62c (+344.4 L +339.6) LCB   91.24c P 18.35% WF  35.8 PSV      36 N      10  --  D13 E13 B14
C12 : T 115.17c W 100.00c S  14.97c (+347.0 L +343.0) LCB   87.52c P 17.68% WF  28.7 PSV      29 N       6  --  C12 G18
E12 : T 118.32c W 100.00c S  18.37c (+351.0 L +345.9) LCB   61.23c P  8.40% WF  18.3 PSV      18 N       4  --  E12 B5
L1  : T 116.28c W 100.00c S  16.36c (+347.8 L +341.9) LCB   22.02c P  1.22% WF  11.5 PSV      12 N       3  --  L1 C12
E14 : T 100.16c W 100.00c S   0.16c (+332.0 L +326.8) LCB -249.84c P  6.12% WF   2.0 PSV       2 N       1  --  E14
A15 : T 102.63c W 100.00c S   2.63c (+334.4 L +328.2) LCB -247.37c P  4.23% WF   1.9 PSV       2 N       1  --  A15
C9  : T 104.79c W 100.00c S   4.80c (+336.4 L +327.8) LCB -245.21c P  2.52% WF   1.7 PSV       1 N       1  --  C9
T6  : T 105.80c W 100.00c S   5.80c (+337.3 L +328.7) LCB -244.20c P  1.91% WF   1.7 PSV       1 N       1  --  T6
T4  : T 107.76c W 100.00c S   7.76c (+339.1 L +329.0) LCB -242.24c P  1.74% WF   1.7 PSV       1 N       1  --  T4

2025-11-16 20:55:53-0500: play D13
2025-11-16 20:55:53-0500: Controller: kata-set-param maxVisits 100
2025-11-16 20:55:53-0500: = 
2025-11-16 20:55:53-0500: Controller: kata-genmove_analyze b
2025-11-16 20:55:53-0500: =
2025-11-16 20:56:01-0500: MoveNum: 0 HASH: 714FCCDD1974A093976EC6FB6FDA4C3D
   A B C D E F G H J K L M N O P Q R S T
19 . . . . . . . . . X . . . . X . . X .
18 X X X X . . . . X . X . . . . X X . X
17 . . . X . . . . . X X . . . . X . X .
16 . . . X X . . . . X X . . . . X X X .
15 . X X X . . . . . . . . . . . X X . X
14 X . X O @ . . . . . . . . . . X X X .
13 X X O X . . . . . . . . . . . X . X .
12 O O . O . . . . . X . . . . . . X . X
11 X O X X . . . . . X . . . . . . . X .
10 X O X . . . . . . X . . . . . X X X .
 9 X X . . . . . . . . . . . . . X . X X
 8 . . . . . . . . . . . . . . X . X . .
 7 . . . . . . . . . X . . . . . X X X X
 6 . . . X . . . X X X . . . . . X . . .
 5 . . . X . . . X . X . . . . . X . . X
 4 . . . X . . . . X X X . . . . X X . .
 3 . X X X X X . X X . X X . . . X X X X
 2 . X . . X . X . X X X . X . . X . X .
 1 X X . . . X X X . . . X . . . . X . .

koPOSITIONALscoreAREAtaxNONEsui1komi7.5
Time taken: 8.64622
Root visits: 45
New playouts: 45
NN rows: 45
NN batches: 45
NN avg batch size: 1
PV: E14 N18
Tree:
: T 113.00c W 100.00c S  13.73c (+345.0 L +339.7) N      45  --  E14 N18
---Black(^)---
E14 : T 115.95c W 100.00c S  15.98c (+347.7 L +343.7) LCB  103.50c P 25.65% WF  44.5 PSV      44 N      10  --  E14 N18
C12 : T 114.46c W 100.00c S  14.28c (+345.8 L +341.8) LCB   86.51c P 18.08% WF  28.6 PSV      21 N       6  --  C12 G18
B14 : T 110.46c W 100.00c S  12.26c (+343.4 L +338.9) LCB   89.56c P  6.73% WF  25.6 PSV       4 N       8  --  B14 E13 E14
L19 : T 113.39c W 100.00c S  15.60c (+347.2 L +342.2) LCB   71.85c P  1.28% WF  19.9 PSV       1 N       5  --  L19 E13 C12
E12 : T  97.48c W 100.00c S  -2.52c (+328.6 L +325.2) LCB -252.52c P  6.69% WF   2.1 PSV       1 N       1  --  E12
A15 : T 100.13c W 100.00c S   0.13c (+331.7 L +326.7) LCB -249.87c P  3.41% WF   1.9 PSV       1 N       1  --  A15
T6  : T 105.98c W 100.00c S   5.98c (+337.2 L +327.9) LCB -244.02c P  2.07% WF   1.7 PSV       0 N       1  --  T6
T4  : T 107.27c W 100.00c S   7.27c (+338.3 L +328.5) LCB -242.73c P  1.78% WF   1.7 PSV       0 N       1  --  T4
C9  : T 106.62c W 100.00c S   6.62c (+337.7 L +327.9) LCB -243.38c P  1.66% WF   1.7 PSV       0 N       1  --  C9
N1  : T 108.28c W 100.00c S   8.28c (+339.2 L +327.6) LCB -241.72c P  1.54% WF   1.8 PSV       0 N       1  --  N1

2025-11-16 20:56:01-0500: play E14
2025-11-16 20:56:01-0500: Controller: kata-set-param maxVisits 100
2025-11-16 20:56:01-0500: = 
2025-11-16 20:56:01-0500: Controller: kata-genmove_analyze b
2025-11-16 20:56:01-0500: =
2025-11-16 20:56:11-0500: MoveNum: 0 HASH: 5CE87FBC6E10D47FE619445C3F021BC1
   A B C D E F G H J K L M N O P Q R S T
19 . . . . . . . . . X . . . . X . . X .
18 X X X X . . . . X . X . . . . X X . X
17 . . . X . . . . . X X . . . . X . X .
16 . . . X X . . . . X X . . . . X X X .
15 . X X X . . . . . . . . . . . X X . X
14 X . X . X . . . . . . . . . . X X X .
13 X X O X . . . . . . . . . . . X . X .
12 O O . O @ . . . . X . . . . . . X . X
11 X O X X . . . . . X . . . . . . . X .
10 X O X . . . . . . X . . . . . X X X .
 9 X X . . . . . . . . . . . . . X . X X
 8 . . . . . . . . . . . . . . X . X . .
 7 . . . . . . . . . X . . . . . X X X X
 6 . . . X . . . X X X . . . . . X . . .
 5 . . . X . . . X . X . . . . . X . . X
 4 . . . X . . . . X X X . . . . X X . .
 3 . X X X X X . X X . X X . . . X X X X
 2 . X . . X . X . X X X . X . . X . X .
 1 X X . . . X X X . . . X . . . . X . .

koPOSITIONALscoreAREAtaxNONEsui1komi7.5
Time taken: 9.13194
Root visits: 45
New playouts: 45
NN rows: 45
NN batches: 45
NN avg batch size: 1
PV: E12 B5
Tree:
: T 114.46c W 100.00c S  14.81c (+347.2 L +342.1) N      45  --  E12 B5
---Black(^)---
E12 : T 117.63c W 100.00c S  17.67c (+351.0 L +347.0) LCB   98.56c P 21.49% WF  37.0 PSV      36 N       8  --  E12 B5
C12 : T 114.80c W 100.00c S  14.64c (+347.2 L +343.2) LCB   86.94c P 18.32% WF  29.2 PSV      17 N       6  --  C12 G18
B14 : T 112.94c W 100.00c S  13.88c (+346.2 L +342.4) LCB   94.62c P  6.92% WF  28.9 PSV       4 N       8  --  B14 G18 C12
D14 : T 116.48c W 100.00c S  16.54c (+348.9 L +344.1) LCB   62.23c P  2.90% WF  16.5 PSV       3 N       4  --  D14 B8
N1  : T 117.34c W 100.00c S  17.43c (+349.8 L +344.2) LCB   19.68c P  1.82% WF  12.5 PSV       2 N       3  --  N1 C12
A15 : T 100.17c W 100.00c S   0.17c (+332.7 L +328.6) LCB -249.83c P  3.63% WF   1.9 PSV       1 N       1  --  A15
C9  : T 105.88c W 100.00c S   5.88c (+338.1 L +329.7) LCB -244.12c P  2.44% WF   1.8 PSV       0 N       1  --  C9
T6  : T 106.93c W 100.00c S   6.93c (+339.1 L +330.8) LCB -243.07c P  2.26% WF   1.7 PSV       0 N       1  --  T6
T4  : T 107.99c W 100.00c S   7.99c (+340.0 L +330.7) LCB -242.01c P  1.78% WF   1.8 PSV       0 N       1  --  T4
J19 : T 107.14c W 100.00c S   7.14c (+339.2 L +329.0) LCB -242.86c P  1.60% WF   1.9 PSV       0 N       1  --  J19

2025-11-16 20:56:11-0500: play E12
2025-11-16 20:56:11-0500: Controller: kata-set-param maxVisits 300
2025-11-16 20:56:11-0500: = 
2025-11-16 20:56:11-0500: Controller: kata-genmove_analyze b
2025-11-16 20:56:11-0500: =
2025-11-16 20:56:20-0500: MoveNum: 0 HASH: 7978656396BE4011BB68B8AD7F041E46
   A B C D E F G H J K L M N O P Q R S T
19 . . . . . . . . . X . . . . X . . X .
18 X X X X . . . . X . X . . . . X X . X
17 . . . X . . . . . X X . . . . X . X .
16 . . . X X . . . . X X . . . . X X X .
15 . X X X . . . . . . . . . . . X X . X
14 X @ X . X . . . . . . . . . . X X X .
13 X X O X . . . . . . . . . . . X . X .
12 O O . O X . . . . X . . . . . . X . X
11 X O X X . . . . . X . . . . . . . X .
10 X O X . . . . . . X . . . . . X X X .
 9 X X . . . . . . . . . . . . . X . X X
 8 . . . . . . . . . . . . . . X . X . .
 7 . . . . . . . . . X . . . . . X X X X
 6 . . . X . . . X X X . . . . . X . . .
 5 . . . X . . . X . X . . . . . X . . X
 4 . . . X . . . . X X X . . . . X X . .
 3 . X X X X X . X X . X X . . . X X X X
 2 . X . . X . X . X X X . X . . X . X .
 1 X X . . . X X X . . . X . . . . X . .

koPOSITIONALscoreAREAtaxNONEsui1komi7.5
Time taken: 9.47016
Root visits: 135
New playouts: 135
NN rows: 135
NN batches: 131
NN avg batch size: 1.03053
PV: C12 G18 F18
Tree:
: T 114.22c W 100.00c S  14.83c (+347.6 L +343.6) N     135  --  C12 G18 F18
---Black(^)---
C12 : T 115.81c W 100.00c S  16.42c (+349.8 L +345.8) LCB  107.25c P 21.72% WF  92.4 PSV      92 N      18  --  C12 G18 F18
L1  : T 119.62c W 100.00c S  19.60c (+353.2 L +349.1) LCB   80.76c P  1.29% WF  24.8 PSV      25 N       5  --  L1 G18
C9  : T 116.31c W 100.00c S  16.35c (+349.4 L +345.6) LCB  103.70c P  3.70% WF  45.2 PSV      20 N      10  --  C9 F18
A15 : T 115.51c W 100.00c S  15.65c (+348.7 L +344.8) LCB   93.29c P  5.43% WF  29.6 PSV      20 N       7  --  A15 G18
B14 : T 112.77c W 100.00c S  13.80c (+346.4 L +343.0) LCB  101.22c P 10.57% WF  53.3 PSV      19 N      14  --  B14 G18 F18
K18 : T 118.12c W 100.00c S  18.08c (+351.1 L +347.3) LCB   58.53c P  1.46% WF  19.0 PSV      19 N       4  --  K18 G18
J19 : T 121.67c W 100.00c S  21.72c (+355.4 L +350.9) LCB   16.89c P  1.30% WF  15.6 PSV      16 N       3  --  J19 C12
E13 : T 115.29c W 100.00c S  15.85c (+348.8 L +345.2) LCB  102.78c P  3.99% WF  51.9 PSV      13 N      12  --  E13 G18 C12
D14 : T 115.18c W 100.00c S  15.72c (+348.6 L +345.2) LCB  100.57c P  3.64% WF  42.5 PSV      12 N      10  --  D14 G18 C12
L19 : T 120.94c W 100.00c S  21.04c (+354.7 L +349.6) LCB -105.49c P  1.37% WF   8.6 PSV       9 N       2  --  L19 pass

2025-11-16 20:56:20-0500: play B14
2025-11-16 20:56:20-0500: Controller: kata-set-param maxVisits 100
2025-11-16 20:56:20-0500: = 
2025-11-16 20:56:20-0500: Controller: kata-genmove_analyze b
2025-11-16 20:56:20-0500: =
2025-11-16 20:56:30-0500: MoveNum: 0 HASH: 4CEB61CA3D478710CCA3B34C13424365
   A B C D E F G H J K L M N O P Q R S T
19 . . . . . . . . . X . . . . X . . X .
18 X X X X . . . . X . X . . . . X X . X
17 . . . X . . . . . X X . . . . X . X .
16 . . . X X . . . . X X . . . . X X X .
15 . X X X . . . . . . . . . . . X X . X
14 X X X . X . . . . . . . . . . X X X .
13 X X O X . . . . . . . . . . . X . X .
12 O O @ O X . . . . X . . . . . . X . X
11 X O X X . . . . . X . . . . . . . X .
10 X O X . . . . . . X . . . . . X X X .
 9 X X . . . . . . . . . . . . . X . X X
 8 . . . . . . . . . . . . . . X . X . .
 7 . . . . . . . . . X . . . . . X X X X
 6 . . . X . . . X X X . . . . . X . . .
 5 . . . X . . . X . X . . . . . X . . X
 4 . . . X . . . . X X X . . . . X X . .
 3 . X X X X X . X X . X X . . . X X X X
 2 . X . . X . X . X X X . X . . X . X .
 1 X X . . . X X X . . . X . . . . X . .

koPOSITIONALscoreAREAtaxNONEsui1komi7.5
Time taken: 9.43143
Root visits: 45
New playouts: 45
NN rows: 45
NN batches: 45
NN avg batch size: 1
PV: D14 G18
Tree:
: T 116.03c W 100.00c S  16.34c (+349.0 L +345.0) N      45  --  D14 G18
---Black(^)---
D14 : T 116.78c W 100.00c S  16.77c (+349.1 L +345.6) LCB  100.24c P  8.89% WF  35.4 PSV      54 N       8  --  D14 G18
E13 : T 117.36c W 100.00c S  17.38c (+350.0 L +346.2) LCB   99.61c P  9.79% WF  36.6 PSV      36 N       8  --  E13 G18
C12 : T 117.36c W 100.00c S  17.79c (+352.1 L +348.0) LCB   93.21c P 20.79% WF  35.4 PSV      36 N       7  --  C12 N18
C9  : T 119.59c W 100.00c S  19.66c (+353.1 L +349.0) LCB   78.34c P  6.15% WF  24.4 PSV      25 N       5  --  C9 G18
E11 : T 105.26c W 100.00c S   5.26c (+337.2 L +333.7) LCB -244.74c P  3.21% WF   1.6 PSV       1 N       1  --  E11
K18 : T 107.28c W 100.00c S   7.28c (+339.0 L +333.8) LCB -242.72c P  1.86% WF   1.8 PSV       0 N       1  --  K18
T6  : T 106.02c W 100.00c S   6.02c (+337.9 L +334.0) LCB -243.98c P  1.67% WF   1.5 PSV       0 N       1  --  T6
L19 : T 106.65c W 100.00c S   6.65c (+338.4 L +333.3) LCB -243.35c P  1.49% WF   1.7 PSV       0 N       1  --  L19
J19 : T 106.85c W 100.00c S   6.85c (+338.6 L +333.3) LCB -243.15c P  1.40% WF   1.7 PSV       0 N       1  --  J19
pss : T 103.21c W 100.00c S   3.21c (+335.4 L +332.5) LCB -246.79c P  1.38% WF   1.7 PSV       0 N       1  --  pass

2025-11-16 20:56:30-0500: play C12
2025-11-16 20:56:30-0500: Controller: kata-set-param maxVisits 100
2025-11-16 20:56:30-0500: = 
2025-11-16 20:56:30-0500: Controller: kata-genmove_analyze b
2025-11-16 20:56:30-0500: =
2025-11-16 20:56:38-0500: MoveNum: 0 HASH: 50B8C67CF98F17BA8179E61D2B24BBF0
   A B C D E F G H J K L M N O P Q R S T
19 . . . . . . . . . X . . . . X . . X .
18 X X X X . . . . X . X . . . . X X . X
17 . . . X . . . . . X X . . . . X . X .
16 . . . X X . . . . X X . . . . X X X .
15 . X X X . . . . . . . . . . . X X . X
14 X X X . X . . . . . . . . . . X X X .
13 X X . X . . . . . . . . . . . X . X .
12 . . X . X . . . . X . . . . . . X . X
11 X . X X . . . . . X . . . . . . . X .
10 X . X . . . . . . X . . . . . X X X .
 9 X X . . . . . . . . . . . . . X . X X
 8 . . . . . . . . . . . . . . X . X . .
 7 . . . . . . . . . X . . . . . X X X X
 6 . . . X . . . X X X . . . . . X . . .
 5 . . . X . . . X . X . . . . . X . . X
 4 . . . X . . . . X X X . . . . X X . .
 3 . X X X X X . X X . X X . . . X X X X
 2 . X . . X . X . X X X . X . . X . X .
 1 X X . . . X X X . . . X . . . . X . .

koPOSITIONALscoreAREAtaxNONEsui1komi7.5
Time taken: 8.30154
Root visits: 45
New playouts: 45
NN rows: 39
NN batches: 38
NN avg batch size: 1.02632
PV: pass B7
Tree:
: T 105.82c W 100.00c S   6.35c (+344.0 L +340.9) N      45  --  pass B7
---Black(^)---
pss : T 109.15c W 100.00c S   8.91c (+347.0 L +343.7) LCB  101.25c P 26.00% WF  69.1 PSV      68 N      14  --  pass B7
B11 : T 111.42c W 100.00c S  11.99c (+350.7 L +347.0) LCB   86.72c P 17.68% WF  32.7 PSV      32 N       7  --  B11 N18
Q19 : T  95.22c W 100.00c S  -4.78c (+333.0 L +330.8) LCB -254.78c P  4.55% WF   2.2 PSV       1 N       1  --  Q19
B12 : T  94.89c W 100.00c S  -5.11c (+332.5 L +331.2) LCB -255.11c P  4.25% WF   2.2 PSV       1 N       1  --  B12
T6  : T  95.04c W 100.00c S  -4.96c (+332.8 L +331.4) LCB -254.96c P  3.00% WF   2.1 PSV       1 N       1  --  T6
S1  : T  95.38c W 100.00c S  -4.62c (+333.3 L +331.2) LCB -254.62c P  2.98% WF   2.2 PSV       1 N       1  --  S1
L1  : T  95.88c W 100.00c S  -4.12c (+333.9 L +331.8) LCB -254.12c P  2.56% WF   2.1 PSV       0 N       1  --  L1
L19 : T  96.04c W 100.00c S  -3.96c (+334.2 L +331.5) LCB -253.96c P  1.77% WF   2.2 PSV       0 N       1  --  L19
P18 : T  94.87c W 100.00c S  -5.13c (+332.5 L +331.1) LCB -255.13c P  1.14% WF   2.3 PSV       0 N       1  --  P18
J19 : T  96.32c W 100.00c S  -3.68c (+334.6 L +331.5) LCB -253.68c P  1.08% WF   2.3 PSV       0 N       1  --  J19

2025-11-16 20:56:38-0500: play pass
2025-11-16 20:56:38-0500: Controller: kata-set-param maxVisits 100
2025-11-16 20:56:38-0500: = 
2025-11-16 20:56:38-0500: Controller: kata-genmove_analyze b
2025-11-16 20:56:38-0500: =
2025-11-16 20:56:47-0500: MoveNum: 0 HASH: 50B8C67CF98F17BA8179E61D2B24BBF0
   A B C D E F G H J K L M N O P Q R S T
19 . . . . . . . . . X . . . . X . . X .
18 X X X X . . . . X . X . . . . X X . X
17 . . . X . . . . . X X . . . . X . X .
16 . . . X X . . . . X X . . . . X X X .
15 . X X X . . . . . . . . . . . X X . X
14 X X X . X . . . . . . . . . . X X X .
13 X X . X . . . . . . . . . . . X . X .
12 . . X . X . . . . X . . . . . . X . X
11 X @ X X . . . . . X . . . . . . . X .
10 X . X . . . . . . X . . . . . X X X .
 9 X X . . . . . . . . . . . . . X . X X
 8 . . . . . . . . . . . . . . X . X . .
 7 . . . . . . . . . X . . . . . X X X X
 6 . . . X . . . X X X . . . . . X . . .
 5 . . . X . . . X . X . . . . . X . . X
 4 . . . X . . . . X X X . . . . X X . .
 3 . X X X X X . X X . X X . . . X X X X
 2 . X . . X . X . X X X . X . . X . X .
 1 X X . . . X X X . . . X . . . . X . .

koPOSITIONALscoreAREAtaxNONEsui1komi7.5
Time taken: 8.76812
Root visits: 45
New playouts: 45
NN rows: 44
NN batches: 44
NN avg batch size: 1
PlayoutDoublingAdvantage: -2.75
PV: B11 S5
Tree:
: T 113.24c W 100.00c S  10.97c (+338.0 L +336.9) N      45  --  B11 S5
---Black(^)---
B11 : T 119.52c W 100.00c S  18.68c (+346.0 L +343.9) LCB  110.69c P 39.01% WF  84.9 PSV      82 N      17  --  B11 S5
pss : T 120.12c W 100.00c S  18.88c (+346.4 L +344.7) LCB  108.06c P 19.24% WF  66.3 PSV      48 N      13  --  pass S5
B12 : T  88.31c W 100.00c S -11.69c (+307.0 L +309.9) LCB -261.69c P  5.87% WF   2.9 PSV       1 N       1  --  B12
G4  : T  88.13c W 100.00c S -11.87c (+306.4 L +309.3) LCB -262.01c P  1.57% WF   3.1 PSV       0 N       1  --  G4
F13 : T  88.57c W 100.00c S -11.43c (+308.2 L +310.9) LCB -261.58c P  1.33% WF   3.1 PSV       0 N       1  --  F13
G3  : T  88.16c W 100.00c S -11.84c (+306.4 L +309.2) LCB -261.84c P  1.28% WF   3.0 PSV       0 N       1  --  G3
S5  : T  88.30c W 100.00c S -11.70c (+307.0 L +310.1) LCB -261.84c P  1.02% WF   3.0 PSV       0 N       1  --  S5
P18 : T  88.25c W 100.00c S -11.75c (+306.8 L +309.5) LCB -261.75c P  0.98% WF   3.0 PSV       0 N       1  --  P18
F15 : T  88.61c W 100.00c S -11.39c (+308.2 L +310.9) LCB -261.54c P  0.95% WF   3.0 PSV       0 N       1  --  F15
N3  : T  88.08c W 100.00c S -11.92c (+306.2 L +308.9) LCB -261.92c P  0.92% WF   3.1 PSV       0 N       1  --  N3

2025-11-16 20:56:47-0500: play B11
2025-11-16 20:56:47-0500: Controller: kata-set-param maxVisits 100
2025-11-16 20:56:47-0500: = 
2025-11-16 20:56:47-0500: Controller: kata-genmove_analyze b
2025-11-16 20:56:47-0500: =
2025-11-16 20:56:52-0500: MoveNum: 0 HASH: A9048A049F5056910B148E5F089B2B04
   A B C D E F G H J K L M N O P Q R S T
19 . . . . . . . . . X . . . . X . . X .
18 X X X X . . . . X . X . . . . X X . X
17 . . . X . . . . . X X . . . . X . X .
16 . . . X X . . . . X X . . . . X X X .
15 . X X X . . . . . . . . . . . X X . X
14 X X X . X . . . . . . . . . . X X X .
13 X X . X . . . . . . . . . . . X . X .
12 . . X . X . . . . X . . . . . . X . X
11 X X X X . . . . . X . . . . . . . X .
10 X . X . . . . . . X . . . . . X X X .
 9 X X . . . . . . . . . . . . . X . X X
 8 . . . . . . . . . . . . . . X . X . .
 7 . . . . . . . . . X . . . . . X X X X
 6 . . . X . . . X X X . . . . . X . . .
 5 . . . X . . . X . X . . . . . X . . X
 4 . . . X . . . . X X X . . . . X X . .
 3 . X X X X X . X X . X X . . . X X X X
 2 . X . . X . X . X X X . X . . X . X .
 1 X X . . . X X X . . . X . . . . X . .

koPOSITIONALscoreAREAtaxNONEsui1komi7.5
Time taken: 5.79456
Root visits: 45
New playouts: 45
NN rows: 29
NN batches: 29
NN avg batch size: 1
PlayoutDoublingAdvantage: -2.75
PV: pass S5
Tree:
: T 107.78c W 100.00c S   5.88c (+331.4 L +331.1) N      45  --  pass S5
---Black(^)---
pss : T 119.15c W 100.00c S  18.36c (+345.7 L +343.9) LCB  112.19c P 23.59% WF 112.8 PSV     107 N      22  --  pass S5
G4  : T  88.14c W 100.00c S -11.86c (+306.9 L +309.7) LCB -262.00c P  3.61% WF   3.1 PSV       0 N       1  --  G4
G3  : T  88.19c W 100.00c S -11.81c (+307.0 L +309.8) LCB -261.81c P  3.47% WF   3.0 PSV       0 N       1  --  G3
F13 : T  88.26c W 100.00c S -11.74c (+307.5 L +310.3) LCB -261.88c P  3.07% WF   3.3 PSV       0 N       1  --  F13
P18 : T  88.14c W 100.00c S -11.86c (+306.8 L +309.6) LCB -261.86c P  2.72% WF   3.1 PSV       0 N       1  --  P18
Q19 : T  87.98c W 100.00c S -12.02c (+306.2 L +308.9) LCB -262.02c P  2.69% WF   3.2 PSV       0 N       1  --  Q19
S5  : T  88.32c W 100.00c S -11.68c (+307.4 L +310.5) LCB -261.82c P  2.46% WF   3.1 PSV       0 N       1  --  S5
N3  : T  87.98c W 100.00c S -12.02c (+306.3 L +309.0) LCB -262.02c P  2.31% WF   3.1 PSV       0 N       1  --  N3
F15 : T  88.33c W 100.00c S -11.67c (+307.8 L +310.4) LCB -261.81c P  2.12% WF   3.2 PSV       0 N       1  --  F15
Q12 : T  88.13c W 100.00c S -11.87c (+306.9 L +309.5) LCB -261.87c P  1.96% WF   3.1 PSV       0 N       1  --  Q12

2025-11-16 20:56:52-0500: play pass
2025-11-16 20:56:52-0500: Controller: kata-set-param maxVisits 300
2025-11-16 20:56:52-0500: = 
2025-11-16 20:56:52-0500: Controller: kata-genmove_analyze b
2025-11-16 20:56:52-0500: =
2025-11-16 20:56:59-0500: MoveNum: 0 HASH: A9048A049F5056910B148E5F089B2B04
   A B C D E F G H J K L M N O P Q R S T
19 . . . . . . . . . X . . . . X . . X .
18 X X X X . . . . X . X . . . . X X . X
17 . . . X . . . . . X X . . . . X . X .
16 . . . X X . . . . X X . . . . X X X .
15 . X X X . . . . . . . . . . . X X . X
14 X X X . X . . . . . . . . . . X X X .
13 X X . X . . . . . . . . . . . X . X .
12 . . X . X . . . . X . . . . . . X . X
11 X X X X . . . . . X . . . . . . . X .
10 X . X . . . . . . X . . . . . X X X .
 9 X X . . . . . . . . . . . . . X . X X
 8 . . . . . . . . . . . . . . X . X . .
 7 . . . . . . . . . X . . . . . X X X X
 6 . . . X . . . X X X . . . . . X . . .
 5 . . . X . . . X . X . . . . . X . . X
 4 . . . X . . . . X X X . . . . X X . .
 3 . X X X X X . X X . X X . . . X X X X
 2 . X . . X . X . X X X . X . . X . X .
 1 X X . . . X X X . . . X . . . . X . .

koPOSITIONALscoreAREAtaxNONEsui1komi7.5
Time taken: 6.33008
Root visits: 135
New playouts: 135
NN rows: 90
NN batches: 85
NN avg batch size: 1.05882
PlayoutDoublingAdvantage: -2.75
PV: pass S5 T4 O18
Tree:
: T 108.50c W 100.00c S   6.43c (+332.1 L +331.7) N     135  --  pass S5 T4 O18
---Black(^)---
pss : T 117.68c W 100.00c S  15.33c (+343.5 L +341.7) LCB  112.01c P 23.59% WF 371.7 PSV     354 N      79  --  pass S5 T4 O18
G4  : T  88.14c W 100.00c S -11.86c (+306.9 L +309.7) LCB -262.00c P  3.61% WF   3.1 PSV       1 N       1  --  G4
G3  : T  88.19c W 100.00c S -11.81c (+307.0 L +309.8) LCB -261.81c P  3.47% WF   3.0 PSV       1 N       1  --  G3
F13 : T  88.26c W 100.00c S -11.74c (+307.5 L +310.3) LCB -261.88c P  3.07% WF   3.2 PSV       1 N       1  --  F13
P18 : T  88.14c W 100.00c S -11.86c (+306.8 L +309.6) LCB -261.86c P  2.72% WF   3.0 PSV       1 N       1  --  P18
Q19 : T  87.98c W 100.00c S -12.02c (+306.2 L +308.9) LCB -262.02c P  2.69% WF   3.1 PSV       1 N       1  --  Q19
S5  : T  88.32c W 100.00c S -11.68c (+307.4 L +310.5) LCB -261.82c P  2.46% WF   3.0 PSV       1 N       1  --  S5
N3  : T  87.98c W 100.00c S -12.02c (+306.3 L +309.0) LCB -262.02c P  2.31% WF   3.1 PSV       1 N       1  --  N3
F15 : T  88.33c W 100.00c S -11.67c (+307.8 L +310.4) LCB -261.81c P  2.12% WF   3.2 PSV       1 N       1  --  F15
Q12 : T  88.13c W 100.00c S -11.87c (+306.9 L +309.5) LCB -261.87c P  1.96% WF   3.0 PSV       1 N       1  --  Q12

2025-11-16 20:56:59-0500: play pass
2025-11-16 20:56:59-0500: Controller: kata-set-param maxVisits 100
2025-11-16 20:56:59-0500: = 
2025-11-16 20:56:59-0500: Controller: kata-genmove_analyze b
2025-11-16 20:56:59-0500: =
2025-11-16 20:56:59-0500: MoveNum: 0 HASH: A9048A049F5056910B148E5F089B2B04
   A B C D E F G H J K L M N O P Q R S T
19 . . . . . . . . . X . . . . X . . X .
18 X X X X . . . . X . X . . . . X X . X
17 . . . X . . . . . X X . . . . X . X .
16 . . . X X . . . . X X . . . . X X X .
15 . X X X . . . . . . . . . . . X X . X
14 X X X . X . . . . . . . . . . X X X .
13 X X . X . . . . . . . . . . . X . X .
12 . . X . X . . . . X . . . . . . X . X
11 X X X X . . . . . X . . . . . . . X .
10 X . X . . . . . . X . . . . . X X X .
 9 X X . . . . . . . . . . . . . X . X X
 8 . . . . . . . . . . . . . . X . X . .
 7 . . . . . . . . . X . . . . . X X X X
 6 . . . X . . . X X X . . . . . X . . .
 5 . . . X . . . X . X . . . . . X . . X
 4 . . . X . . . . X X X . . . . X X . .
 3 . X X X X X . X X . X X . . . X X X X
 2 . X . . X . X . X X X . X . . X . X .
 1 X X . . . X X X . . . X . . . . X . .

koPOSITIONALscoreAREAtaxNONEsui1komi7.5
Time taken: 0.00135722
Root visits: 43
New playouts: 43
NN rows: 0
NN batches: 0
NN avg batch size: -nan
PlayoutDoublingAdvantage: -2.75
PV: pass S5
Tree:
: T 101.20c W 100.00c S   0.29c (+323.0 L +323.9) N      43  --  pass S5
---Black(^)---
pss : T 118.59c W 100.00c S  17.31c (+344.9 L +343.5) LCB  105.55c P 23.59% WF  64.4 PSV      60 N      12  --  pass S5
G4  : T  88.14c W 100.00c S -11.86c (+306.9 L +309.7) LCB -262.00c P  3.61% WF   3.2 PSV       0 N       1  --  G4
G3  : T  88.19c W 100.00c S -11.81c (+307.0 L +309.8) LCB -261.81c P  3.47% WF   3.1 PSV       0 N       1  --  G3
F13 : T  88.26c W 100.00c S -11.74c (+307.5 L +310.3) LCB -261.88c P  3.07% WF   3.4 PSV       0 N       1  --  F13
P18 : T  88.14c W 100.00c S -11.86c (+306.8 L +309.6) LCB -261.86c P  2.72% WF   3.2 PSV       0 N       1  --  P18
Q19 : T  87.98c W 100.00c S -12.02c (+306.2 L +308.9) LCB -262.02c P  2.69% WF   3.3 PSV       0 N       1  --  Q19
S5  : T  88.32c W 100.00c S -11.68c (+307.4 L +310.5) LCB -261.82c P  2.46% WF   3.2 PSV       0 N       1  --  S5
N3  : T  87.98c W 100.00c S -12.02c (+306.3 L +309.0) LCB -262.02c P  2.31% WF   3.2 PSV       0 N       1  --  N3
F15 : T  88.33c W 100.00c S -11.67c (+307.8 L +310.4) LCB -261.81c P  2.12% WF   3.3 PSV       0 N       1  --  F15
Q12 : T  88.13c W 100.00c S -11.87c (+306.9 L +309.5) LCB -261.87c P  1.96% WF   3.2 PSV       0 N       1  --  Q12

2025-11-16 20:56:59-0500: play pass
2025-11-16 20:56:59-0500: Controller: kata-set-param maxVisits 100
2025-11-16 20:56:59-0500: = 
2025-11-16 20:56:59-0500: Controller: kata-genmove_analyze b
2025-11-16 20:56:59-0500: =
2025-11-16 20:56:59-0500: MoveNum: 0 HASH: A9048A049F5056910B148E5F089B2B04
   A B C D E F G H J K L M N O P Q R S T
19 . . . . . . . . . X . . . . X . . X .
18 X X X X . . . . X . X . . . . X X . X
17 . . . X . . . . . X X . . . . X . X .
16 . . . X X . . . . X X . . . . X X X .
15 . X X X . . . . . . . . . . . X X . X
14 X X X . X . . . . . . . . . . X X X .
13 X X . X . . . . . . . . . . . X . X .
12 . . X . X . . . . X . . . . . . X . X
11 X X X X . . . . . X . . . . . . . X .
10 X . X . . . . . . X . . . . . X X X .
 9 X X . . . . . . . . . . . . . X . X X
 8 . . . . . . . . . . . . . . X . X . .
 7 . . . . . . . . . X . . . . . X X X X
 6 . . . X . . . X X X . . . . . X . . .
 5 . . . X . . . X . X . . . . . X . . X
 4 . . . X . . . . X X X . . . . X X . .
 3 . X X X X X . X X . X X . . . X X X X
 2 . X . . X . X . X X X . X . . X . X .
 1 X X . . . X X X . . . X . . . . X . .

koPOSITIONALscoreAREAtaxNONEsui1komi7.5
Time taken: 0.00126725
Root visits: 43
New playouts: 43
NN rows: 0
NN batches: 0
NN avg batch size: -nan
PlayoutDoublingAdvantage: -2.75
PV: pass S5
Tree:
: T 101.20c W 100.00c S   0.29c (+323.0 L +323.9) N      43  --  pass S5
---Black(^)---
pss : T 118.59c W 100.00c S  17.31c (+344.9 L +343.5) LCB  105.55c P 23.59% WF  64.4 PSV      60 N      12  --  pass S5
G4  : T  88.14c W 100.00c S -11.86c (+306.9 L +309.7) LCB -262.00c P  3.61% WF   3.2 PSV       0 N       1  --  G4
G3  : T  88.19c W 100.00c S -11.81c (+307.0 L +309.8) LCB -261.81c P  3.47% WF   3.1 PSV       0 N       1  --  G3
F13 : T  88.26c W 100.00c S -11.74c (+307.5 L +310.3) LCB -261.88c P  3.07% WF   3.4 PSV       0 N       1  --  F13
P18 : T  88.14c W 100.00c S -11.86c (+306.8 L +309.6) LCB -261.86c P  2.72% WF   3.2 PSV       0 N       1  --  P18
Q19 : T  87.98c W 100.00c S -12.02c (+306.2 L +308.9) LCB -262.02c P  2.69% WF   3.3 PSV       0 N       1  --  Q19
S5  : T  88.32c W 100.00c S -11.68c (+307.4 L +310.5) LCB -261.82c P  2.46% WF   3.2 PSV       0 N       1  --  S5
N3  : T  87.98c W 100.00c S -12.02c (+306.3 L +309.0) LCB -262.02c P  2.31% WF   3.2 PSV       0 N       1  --  N3
F15 : T  88.33c W 100.00c S -11.67c (+307.8 L +310.4) LCB -261.81c P  2.12% WF   3.3 PSV       0 N       1  --  F15
Q12 : T  88.13c W 100.00c S -11.87c (+306.9 L +309.5) LCB -261.87c P  1.96% WF   3.2 PSV       0 N       1  --  Q12

2025-11-16 20:56:59-0500: play pass
2025-11-16 20:56:59-0500: Controller: kata-set-param maxVisits 100
2025-11-16 20:56:59-0500: = 
2025-11-16 20:56:59-0500: Controller: kata-genmove_analyze b
2025-11-16 20:56:59-0500: =
2025-11-16 20:56:59-0500: MoveNum: 0 HASH: A9048A049F5056910B148E5F089B2B04
   A B C D E F G H J K L M N O P Q R S T
19 . . . . . . . . . X . . . . X . . X .
18 X X X X . . . . X . X . . . . X X . X
17 . . . X . . . . . X X . . . . X . X .
16 . . . X X . . . . X X . . . . X X X .
15 . X X X . . . . . . . . . . . X X . X
14 X X X . X . . . . . . . . . . X X X .
13 X X . X . . . . . . . . . . . X . X .
12 . . X . X . . . . X . . . . . . X . X
11 X X X X . . . . . X . . . . . . . X .
10 X . X . . . . . . X . . . . . X X X .
 9 X X . . . . . . . . . . . . . X . X X
 8 . . . . . . . . . . . . . . X . X . .
 7 . . . . . . . . . X . . . . . X X X X
 6 . . . X . . . X X X . . . . . X . . .
 5 . . . X . . . X . X . . . . . X . . X
 4 . . . X . . . . X X X . . . . X X . .
 3 . X X X X X . X X . X X . . . X X X X
 2 . X . . X . X . X X X . X . . X . X .
 1 X X . . . X X X . . . X . . . . X . .

koPOSITIONALscoreAREAtaxNONEsui1komi7.5
Time taken: 0.00124665
Root visits: 44
New playouts: 44
NN rows: 0
NN batches: 0
NN avg batch size: -nan
PlayoutDoublingAdvantage: -2.75
PV: pass S5
Tree:
: T 103.30c W 100.00c S   2.08c (+325.7 L +326.2) N      44  --  pass S5
---Black(^)---
pss : T 119.01c W 100.00c S  17.91c (+345.5 L +344.0) LCB  108.80c P 23.59% WF  79.1 PSV      74 N      15  --  pass S5
G4  : T  88.14c W 100.00c S -11.86c (+306.9 L +309.7) LCB -262.00c P  3.61% WF   3.2 PSV       0 N       1  --  G4
G3  : T  88.19c W 100.00c S -11.81c (+307.0 L +309.8) LCB -261.81c P  3.47% WF   3.1 PSV       0 N       1  --  G3
F13 : T  88.26c W 100.00c S -11.74c (+307.5 L +310.3) LCB -261.88c P  3.07% WF   3.4 PSV       0 N       1  --  F13
P18 : T  88.14c W 100.00c S -11.86c (+306.8 L +309.6) LCB -261.86c P  2.72% WF   3.2 PSV       0 N       1  --  P18
Q19 : T  87.98c W 100.00c S -12.02c (+306.2 L +308.9) LCB -262.02c P  2.69% WF   3.2 PSV       0 N       1  --  Q19
S5  : T  88.32c W 100.00c S -11.68c (+307.4 L +310.5) LCB -261.82c P  2.46% WF   3.1 PSV       0 N       1  --  S5
N3  : T  87.98c W 100.00c S -12.02c (+306.3 L +309.0) LCB -262.02c P  2.31% WF   3.2 PSV       0 N       1  --  N3
F15 : T  88.33c W 100.00c S -11.67c (+307.8 L +310.4) LCB -261.81c P  2.12% WF   3.3 PSV       0 N       1  --  F15
Q12 : T  88.13c W 100.00c S -11.87c (+306.9 L +309.5) LCB -261.87c P  1.96% WF   3.2 PSV       0 N       1  --  Q12

2025-11-16 20:56:59-0500: play pass
2025-11-16 20:56:59-0500: Controller: kata-set-param maxVisits 100
2025-11-16 20:56:59-0500: = 
2025-11-16 20:56:59-0500: Controller: kata-genmove_analyze b
2025-11-16 20:56:59-0500: =
2025-11-16 20:56:59-0500: MoveNum: 0 HASH: A9048A049F5056910B148E5F089B2B04
   A B C D E F G H J K L M N O P Q R S T
19 . . . . . . . . . X . . . . X . . X .
18 X X X X . . . . X . X . . . . X X . X
17 . . . X . . . . . X X . . . . X . X .
16 . . . X X . . . . X X . . . . X X X .
15 . X X X . . . . . . . . . . . X X . X
14 X X X . X . . . . . . . . . . X X X .
13 X X . X . . . . . . . . . . . X . X .
12 . . X . X . . . . X . . . . . . X . X
11 X X X X . . . . . X . . . . . . . X .
10 X . X . . . . . . X . . . . . X X X .
 9 X X . . . . . . . . . . . . . X . X X
 8 . . . . . . . . . . . . . . X . X . .
 7 . . . . . . . . . X . . . . . X X X X
 6 . . . X . . . X X X . . . . . X . . .
 5 . . . X . . . X . X . . . . . X . . X
 4 . . . X . . . . X X X . . . . X X . .
 3 . X X X X X . X X . X X . . . X X X X
 2 . X . . X . X . X X X . X . . X . X .
 1 X X . . . X X X . . . X . . . . X . .

koPOSITIONALscoreAREAtaxNONEsui1komi7.5
Time taken: 0.00150283
Root visits: 44
New playouts: 44
NN rows: 0
NN batches: 0
NN avg batch size: -nan
PlayoutDoublingAdvantage: -2.75
PV: pass S5
Tree:
: T 100.18c W 100.00c S  -0.58c (+321.8 L +322.8) N      44  --  pass S5
---Black(^)---
pss : T 118.44c W 100.00c S  17.09c (+344.8 L +343.4) LCB  104.01c P 23.59% WF  59.3 PSV      55 N      11  --  pass S5
G4  : T  88.14c W 100.00c S -11.86c (+306.9 L +309.7) LCB -262.00c P  3.61% WF   3.3 PSV       0 N       1  --  G4
G3  : T  88.19c W 100.00c S -11.81c (+307.0 L +309.8) LCB -261.81c P  3.47% WF   3.2 PSV       0 N       1  --  G3
F13 : T  88.26c W 100.00c S -11.74c (+307.5 L +310.3) LCB -261.88c P  3.07% WF   3.4 PSV       0 N       1  --  F13
P18 : T  88.14c W 100.00c S -11.86c (+306.8 L +309.6) LCB -261.86c P  2.72% WF   3.2 PSV       0 N       1  --  P18
Q19 : T  87.98c W 100.00c S -12.02c (+306.2 L +308.9) LCB -262.02c P  2.69% WF   3.3 PSV       0 N       1  --  Q19
S5  : T  88.32c W 100.00c S -11.68c (+307.4 L +310.5) LCB -261.82c P  2.46% WF   3.2 PSV       0 N       1  --  S5
N3  : T  87.98c W 100.00c S -12.02c (+306.3 L +309.0) LCB -262.02c P  2.31% WF   3.3 PSV       0 N       1  --  N3
F15 : T  88.33c W 100.00c S -11.67c (+307.8 L +310.4) LCB -261.81c P  2.12% WF   3.4 PSV       0 N       1  --  F15
Q12 : T  88.13c W 100.00c S -11.87c (+306.9 L +309.5) LCB -261.87c P  1.96% WF   3.2 PSV       0 N       1  --  Q12

2025-11-16 20:56:59-0500: play pass
2025-11-16 20:56:59-0500: Controller: kata-set-param maxVisits 300
2025-11-16 20:56:59-0500: = 
2025-11-16 20:56:59-0500: Controller: kata-genmove_analyze b
2025-11-16 20:56:59-0500: =
2025-11-16 20:57:00-0500: MoveNum: 0 HASH: A9048A049F5056910B148E5F089B2B04
   A B C D E F G H J K L M N O P Q R S T
19 . . . . . . . . . X . . . . X . . X .
18 X X X X . . . . X . X . . . . X X . X
17 . . . X . . . . . X X . . . . X . X .
16 . . . X X . . . . X X . . . . X X X .
15 . X X X . . . . . . . . . . . X X . X
14 X X X . X . . . . . . . . . . X X X .
13 X X . X . . . . . . . . . . . X . X .
12 . . X . X . . . . X . . . . . . X . X
11 X X X X . . . . . X . . . . . . . X .
10 X . X . . . . . . X . . . . . X X X .
 9 X X . . . . . . . . . . . . . X . X X
 8 . . . . . . . . . . . . . . X . X . .
 7 . . . . . . . . . X . . . . . X X X X
 6 . . . X . . . X X X . . . . . X . . .
 5 . . . X . . . X . X . . . . . X . . X
 4 . . . X . . . . X X X . . . . X X . .
 3 . X X X X X . X X . X X . . . X X X X
 2 . X . . X . X . X X X . X . . X . X .
 1 X X . . . X X X . . . X . . . . X . .

koPOSITIONALscoreAREAtaxNONEsui1komi7.5
Time taken: 0.737844
Root visits: 128
New playouts: 128
NN rows: 3
NN batches: 3
NN avg batch size: 1
PlayoutDoublingAdvantage: -2.75
PV: pass S5 S6 G18
Tree:
: T 109.05c W 100.00c S   6.70c (+332.5 L +332.0) N     128  --  pass S5 S6 G18
---Black(^)---
pss : T 119.52c W 100.00c S  17.26c (+345.4 L +343.4) LCB  115.34c P 23.59% WF 345.0 PSV     327 N      69  --  pass S5 S6 G18
G4  : T  88.14c W 100.00c S -11.86c (+306.9 L +309.7) LCB -262.00c P  3.61% WF   3.1 PSV       1 N       1  --  G4
G3  : T  88.19c W 100.00c S -11.81c (+307.0 L +309.8) LCB -261.81c P  3.47% WF   3.0 PSV       1 N       1  --  G3
F13 : T  88.26c W 100.00c S -11.74c (+307.5 L +310.3) LCB -261.88c P  3.07% WF   3.2 PSV       1 N       1  --  F13
P18 : T  88.14c W 100.00c S -11.86c (+306.8 L +309.6) LCB -261.86c P  2.72% WF   3.0 PSV       1 N       1  --  P18
Q19 : T  87.98c W 100.00c S -12.02c (+306.2 L +308.9) LCB -262.02c P  2.69% WF   3.1 PSV       1 N       1  --  Q19
S5  : T  88.32c W 100.00c S -11.68c (+307.4 L +310.5) LCB -261.82c P  2.46% WF   3.0 PSV       1 N       1  --  S5
N3  : T  87.98c W 100.00c S -12.02c (+306.3 L +309.0) LCB -262.02c P  2.31% WF   3.1 PSV       1 N       1  --  N3
F15 : T  88.33c W 100.00c S -11.67c (+307.8 L +310.4) LCB -261.81c P  2.12% WF   3.2 PSV       0 N       1  --  F15
Q12 : T  88.13c W 100.00c S -11.87c (+306.9 L +309.5) LCB -261.87c P  1.96% WF   3.0 PSV       0 N       1  --  Q12

2025-11-16 20:57:00-0500: play pass
2025-11-16 20:57:00-0500: Controller: kata-set-param maxVisits 100
2025-11-16 20:57:00-0500: = 
2025-11-16 20:57:00-0500: Controller: kata-genmove_analyze b
2025-11-16 20:57:00-0500: =
2025-11-16 20:57:00-0500: MoveNum: 0 HASH: A9048A049F5056910B148E5F089B2B04
   A B C D E F G H J K L M N O P Q R S T
19 . . . . . . . . . X . . . . X . . X .
18 X X X X . . . . X . X . . . . X X . X
17 . . . X . . . . . X X . . . . X . X .
16 . . . X X . . . . X X . . . . X X X .
15 . X X X . . . . . . . . . . . X X . X
14 X X X . X . . . . . . . . . . X X X .
13 X X . X . . . . . . . . . . . X . X .
12 . . X . X . . . . X . . . . . . X . X
11 X X X X . . . . . X . . . . . . . X .
10 X . X . . . . . . X . . . . . X X X .
 9 X X . . . . . . . . . . . . . X . X X
 8 . . . . . . . . . . . . . . X . X . .
 7 . . . . . . . . . X . . . . . X X X X
 6 . . . X . . . X X X . . . . . X . . .
 5 . . . X . . . X . X . . . . . X . . X
 4 . . . X . . . . X X X . . . . X X . .
 3 . X X X X X . X X . X X . . . X X X X
 2 . X . . X . X . X X X . X . . X . X .
 1 X X . . . X X X . . . X . . . . X . .

koPOSITIONALscoreAREAtaxNONEsui1komi7.5
Time taken: 0.00389799
Root visits: 43
New playouts: 43
NN rows: 0
NN batches: 0
NN avg batch size: -nan
PlayoutDoublingAdvantage: -2.75
PV: pass S5
Tree:
: T 100.37c W 100.00c S  -0.41c (+322.0 L +323.0) N      43  --  pass S5
---Black(^)---
pss : T 118.44c W 100.00c S  17.09c (+344.8 L +343.4) LCB  104.01c P 23.59% WF  59.2 PSV      55 N      11  --  pass S5
G4  : T  88.14c W 100.00c S -11.86c (+306.9 L +309.7) LCB -262.00c P  3.61% WF   3.3 PSV       0 N       1  --  G4
G3  : T  88.19c W 100.00c S -11.81c (+307.0 L +309.8) LCB -261.81c P  3.47% WF   3.1 PSV       0 N       1  --  G3
F13 : T  88.26c W 100.00c S -11.74c (+307.5 L +310.3) LCB -261.88c P  3.07% WF   3.4 PSV       0 N       1  --  F13
P18 : T  88.14c W 100.00c S -11.86c (+306.8 L +309.6) LCB -261.86c P  2.72% WF   3.2 PSV       0 N       1  --  P18
Q19 : T  87.98c W 100.00c S -12.02c (+306.2 L +308.9) LCB -262.02c P  2.69% WF   3.3 PSV       0 N       1  --  Q19
S5  : T  88.32c W 100.00c S -11.68c (+307.4 L +310.5) LCB -261.82c P  2.46% WF   3.2 PSV       0 N       1  --  S5
N3  : T  87.98c W 100.00c S -12.02c (+306.3 L +309.0) LCB -262.02c P  2.31% WF   3.2 PSV       0 N       1  --  N3
F15 : T  88.33c W 100.00c S -11.67c (+307.8 L +310.4) LCB -261.81c P  2.12% WF   3.4 PSV       0 N       1  --  F15
Q12 : T  88.13c W 100.00c S -11.87c (+306.9 L +309.5) LCB -261.87c P  1.96% WF   3.2 PSV       0 N       1  --  Q12

2025-11-16 20:57:00-0500: play pass
2025-11-16 20:57:00-0500: Controller: kata-set-param maxVisits 100
2025-11-16 20:57:00-0500: = 
2025-11-16 20:57:00-0500: Controller: kata-genmove_analyze b
2025-11-16 20:57:00-0500: =
2025-11-16 20:57:00-0500: MoveNum: 0 HASH: A9048A049F5056910B148E5F089B2B04
   A B C D E F G H J K L M N O P Q R S T
19 . . . . . . . . . X . . . . X . . X .
18 X X X X . . . . X . X . . . . X X . X
17 . . . X . . . . . X X . . . . X . X .
16 . . . X X . . . . X X . . . . X X X .
15 . X X X . . . . . . . . . . . X X . X
14 X X X . X . . . . . . . . . . X X X .
13 X X . X . . . . . . . . . . . X . X .
12 . . X . X . . . . X . . . . . . X . X
11 X X X X . . . . . X . . . . . . . X .
10 X . X . . . . . . X . . . . . X X X .
 9 X X . . . . . . . . . . . . . X . X X
 8 . . . . . . . . . . . . . . X . X . .
 7 . . . . . . . . . X . . . . . X X X X
 6 . . . X . . . X X X . . . . . X . . .
 5 . . . X . . . X . X . . . . . X . . X
 4 . . . X . . . . X X X . . . . X X . .
 3 . X X X X X . X X . X X . . . X X X X
 2 . X . . X . X . X X X . X . . X . X .
 1 X X . . . X X X . . . X . . . . X . .

koPOSITIONALscoreAREAtaxNONEsui1komi7.5
Time taken: 0.00148989
Root visits: 43
New playouts: 43
NN rows: 0
NN batches: 0
NN avg batch size: -nan
PlayoutDoublingAdvantage: -2.75
PV: pass S5
Tree:
: T 101.20c W 100.00c S   0.29c (+323.0 L +323.9) N      43  --  pass S5
---Black(^)---
pss : T 118.59c W 100.00c S  17.31c (+344.9 L +343.5) LCB  105.55c P 23.59% WF  64.4 PSV      60 N      12  --  pass S5
G4  : T  88.14c W 100.00c S -11.86c (+306.9 L +309.7) LCB -262.00c P  3.61% WF   3.2 PSV       0 N       1  --  G4
G3  : T  88.19c W 100.00c S -11.81c (+307.0 L +309.8) LCB -261.81c P  3.47% WF   3.1 PSV       0 N       1  --  G3
F13 : T  88.26c W 100.00c S -11.74c (+307.5 L +310.3) LCB -261.88c P  3.07% WF   3.4 PSV       0 N       1  --  F13
P18 : T  88.14c W 100.00c S -11.86c (+306.8 L +309.6) LCB -261.86c P  2.72% WF   3.2 PSV       0 N       1  --  P18
Q19 : T  87.98c W 100.00c S -12.02c (+306.2 L +308.9) LCB -262.02c P  2.69% WF   3.3 PSV       0 N       1  --  Q19
S5  : T  88.32c W 100.00c S -11.68c (+307.4 L +310.5) LCB -261.82c P  2.46% WF   3.2 PSV       0 N       1  --  S5
N3  : T  87.98c W 100.00c S -12.02c (+306.3 L +309.0) LCB -262.02c P  2.31% WF   3.2 PSV       0 N       1  --  N3
F15 : T  88.33c W 100.00c S -11.67c (+307.8 L +310.4) LCB -261.81c P  2.12% WF   3.3 PSV       0 N       1  --  F15
Q12 : T  88.13c W 100.00c S -11.87c (+306.9 L +309.5) LCB -261.87c P  1.96% WF   3.2 PSV       0 N       1  --  Q12

2025-11-16 20:57:00-0500: play pass
2025-11-16 20:57:00-0500: Controller: kata-set-param maxVisits 100
2025-11-16 20:57:00-0500: = 
2025-11-16 20:57:00-0500: Controller: kata-genmove_analyze b
2025-11-16 20:57:00-0500: =
2025-11-16 20:57:00-0500: MoveNum: 0 HASH: A9048A049F5056910B148E5F089B2B04
   A B C D E F G H J K L M N O P Q R S T
19 . . . . . . . . . X . . . . X . . X .
18 X X X X . . . . X . X . . . . X X . X
17 . . . X . . . . . X X . . . . X . X .
16 . . . X X . . . . X X . . . . X X X .
15 . X X X . . . . . . . . . . . X X . X
14 X X X . X . . . . . . . . . . X X X .
13 X X . X . . . . . . . . . . . X . X .
12 . . X . X . . . . X . . . . . . X . X
11 X X X X . . . . . X . . . . . . . X .
10 X . X . . . . . . X . . . . . X X X .
 9 X X . . . . . . . . . . . . . X . X X
 8 . . . . . . . . . . . . . . X . X . .
 7 . . . . . . . . . X . . . . . X X X X
 6 . . . X . . . X X X . . . . . X . . .
 5 . . . X . . . X . X . . . . . X . . X
 4 . . . X . . . . X X X . . . . X X . .
 3 . X X X X X . X X . X X . . . X X X X
 2 . X . . X . X . X X X . X . . X . X .
 1 X X . . . X X X . . . X . . . . X . .

koPOSITIONALscoreAREAtaxNONEsui1komi7.5
Time taken: 0.001475
Root visits: 44
New playouts: 44
NN rows: 0
NN batches: 0
NN avg batch size: -nan
PlayoutDoublingAdvantage: -2.75
PV: pass S5
Tree:
: T 101.81c W 100.00c S   0.82c (+323.8 L +324.6) N      44  --  pass S5
---Black(^)---
pss : T 118.78c W 100.00c S  17.57c (+345.2 L +343.7) LCB  106.86c P 23.59% WF  69.5 PSV      64 N      13  --  pass S5
G4  : T  88.14c W 100.00c S -11.86c (+306.9 L +309.7) LCB -262.00c P  3.61% WF   3.2 PSV       0 N       1  --  G4
G3  : T  88.19c W 100.00c S -11.81c (+307.0 L +309.8) LCB -261.81c P  3.47% WF   3.1 PSV       0 N       1  --  G3
F13 : T  88.26c W 100.00c S -11.74c (+307.5 L +310.3) LCB -261.88c P  3.07% WF   3.4 PSV       0 N       1  --  F13
P18 : T  88.14c W 100.00c S -11.86c (+306.8 L +309.6) LCB -261.86c P  2.72% WF   3.2 PSV       0 N       1  --  P18
Q19 : T  87.98c W 100.00c S -12.02c (+306.2 L +308.9) LCB -262.02c P  2.69% WF   3.2 PSV       0 N       1  --  Q19
S5  : T  88.32c W 100.00c S -11.68c (+307.4 L +310.5) LCB -261.82c P  2.46% WF   3.1 PSV       0 N       1  --  S5
N3  : T  87.98c W 100.00c S -12.02c (+306.3 L +309.0) LCB -262.02c P  2.31% WF   3.2 PSV       0 N       1  --  N3
F15 : T  88.33c W 100.00c S -11.67c (+307.8 L +310.4) LCB -261.81c P  2.12% WF   3.3 PSV       0 N       1  --  F15
Q12 : T  88.13c W 100.00c S -11.87c (+306.9 L +309.5) LCB -261.87c P  1.96% WF   3.2 PSV       0 N       1  --  Q12

2025-11-16 20:57:00-0500: play pass
2025-11-16 20:57:00-0500: Controller: kata-set-param maxVisits 100
2025-11-16 20:57:00-0500: = 
2025-11-16 20:57:00-0500: Controller: kata-genmove_analyze b
2025-11-16 20:57:00-0500: =
2025-11-16 20:57:00-0500: MoveNum: 0 HASH: A9048A049F5056910B148E5F089B2B04
   A B C D E F G H J K L M N O P Q R S T
19 . . . . . . . . . X . . . . X . . X .
18 X X X X . . . . X . X . . . . X X . X
17 . . . X . . . . . X X . . . . X . X .
16 . . . X X . . . . X X . . . . X X X .
15 . X X X . . . . . . . . . . . X X . X
14 X X X . X . . . . . . . . . . X X X .
13 X X . X . . . . . . . . . . . X . X .
12 . . X . X . . . . X . . . . . . X . X
11 X X X X . . . . . X . . . . . . . X .
10 X . X . . . . . . X . . . . . X X X .
 9 X X . . . . . . . . . . . . . X . X X
 8 . . . . . . . . . . . . . . X . X . .
 7 . . . . . . . . . X . . . . . X X X X
 6 . . . X . . . X X X . . . . . X . . .
 5 . . . X . . . X . X . . . . . X . . X
 4 . . . X . . . . X X X . . . . X X . .
 3 . X X X X X . X X . X X . . . X X X X
 2 . X . . X . X . X X X . X . . X . X .
 1 X X . . . X X X . . . X . . . . X . .

koPOSITIONALscoreAREAtaxNONEsui1komi7.5
Time taken: 0.00127871
Root visits: 43
New playouts: 43
NN rows: 0
NN batches: 0
NN avg batch size: -nan
PlayoutDoublingAdvantage: -2.75
PV: pass S5
Tree:
: T 100.37c W 100.00c S  -0.41c (+322.0 L +323.0) N      43  --  pass S5
---Black(^)---
pss : T 118.44c W 100.00c S  17.09c (+344.8 L +343.4) LCB  104.01c P 23.59% WF  59.2 PSV      55 N      11  --  pass S5
G4  : T  88.14c W 100.00c S -11.86c (+306.9 L +309.7) LCB -262.00c P  3.61% WF   3.3 PSV       0 N       1  --  G4
G3  : T  88.19c W 100.00c S -11.81c (+307.0 L +309.8) LCB -261.81c P  3.47% WF   3.1 PSV       0 N       1  --  G3
F13 : T  88.26c W 100.00c S -11.74c (+307.5 L +310.3) LCB -261.88c P  3.07% WF   3.4 PSV       0 N       1  --  F13
P18 : T  88.14c W 100.00c S -11.86c (+306.8 L +309.6) LCB -261.86c P  2.72% WF   3.2 PSV       0 N       1  --  P18
Q19 : T  87.98c W 100.00c S -12.02c (+306.2 L +308.9) LCB -262.02c P  2.69% WF   3.3 PSV       0 N       1  --  Q19
S5  : T  88.32c W 100.00c S -11.68c (+307.4 L +310.5) LCB -261.82c P  2.46% WF   3.2 PSV       0 N       1  --  S5
N3  : T  87.98c W 100.00c S -12.02c (+306.3 L +309.0) LCB -262.02c P  2.31% WF   3.2 PSV       0 N       1  --  N3
F15 : T  88.33c W 100.00c S -11.67c (+307.8 L +310.4) LCB -261.81c P  2.12% WF   3.4 PSV       0 N       1  --  F15
Q12 : T  88.13c W 100.00c S -11.87c (+306.9 L +309.5) LCB -261.87c P  1.96% WF   3.2 PSV       0 N       1  --  Q12

2025-11-16 20:57:00-0500: play pass
2025-11-16 20:57:00-0500: Controller: kata-set-param maxVisits 300
2025-11-16 20:57:00-0500: = 
2025-11-16 20:57:00-0500: Controller: kata-genmove_analyze b
2025-11-16 20:57:00-0500: =
2025-11-16 20:57:01-0500: MoveNum: 0 HASH: A9048A049F5056910B148E5F089B2B04
   A B C D E F G H J K L M N O P Q R S T
19 . . . . . . . . . X . . . . X . . X .
18 X X X X . . . . X . X . . . . X X . X
17 . . . X . . . . . X X . . . . X . X .
16 . . . X X . . . . X X . . . . X X X .
15 . X X X . . . . . . . . . . . X X . X
14 X X X . X . . . . . . . . . . X X X .
13 X X . X . . . . . . . . . . . X . X .
12 . . X . X . . . . X . . . . . . X . X
11 X X X X . . . . . X . . . . . . . X .
10 X . X . . . . . . X . . . . . X X X .
 9 X X . . . . . . . . . . . . . X . X X
 8 . . . . . . . . . . . . . . X . X . .
 7 . . . . . . . . . X . . . . . X X X X
 6 . . . X . . . X X X . . . . . X . . .
 5 . . . X . . . X . X . . . . . X . . X
 4 . . . X . . . . X X X . . . . X X . .
 3 . X X X X X . X X . X X . . . X X X X
 2 . X . . X . X . X X X . X . . X . X .
 1 X X . . . X X X . . . X . . . . X . .

koPOSITIONALscoreAREAtaxNONEsui1komi7.5
Time taken: 1.00723
Root visits: 126
New playouts: 126
NN rows: 2
NN batches: 2
NN avg batch size: 1
PlayoutDoublingAdvantage: -2.75
PV: pass S5 S6 G18
Tree:
: T 108.27c W 100.00c S   6.06c (+331.5 L +331.2) N     126  --  pass S5 S6 G18
---Black(^)---
pss : T 119.24c W 100.00c S  17.03c (+345.1 L +343.1) LCB  114.70c P 23.59% WF 327.0 PSV     309 N      65  --  pass S5 S6 G18
G4  : T  88.14c W 100.00c S -11.86c (+306.9 L +309.7) LCB -262.00c P  3.61% WF   3.1 PSV       1 N       1  --  G4
G3  : T  88.19c W 100.00c S -11.81c (+307.0 L +309.8) LCB -261.81c P  3.47% WF   3.0 PSV       1 N       1  --  G3
F13 : T  88.26c W 100.00c S -11.74c (+307.5 L +310.3) LCB -261.88c P  3.07% WF   3.2 PSV       1 N       1  --  F13
P18 : T  88.14c W 100.00c S -11.86c (+306.8 L +309.6) LCB -261.86c P  2.72% WF   3.1 PSV       1 N       1  --  P18
Q19 : T  87.98c W 100.00c S -12.02c (+306.2 L +308.9) LCB -262.02c P  2.69% WF   3.1 PSV       1 N       1  --  Q19
S5  : T  88.32c W 100.00c S -11.68c (+307.4 L +310.5) LCB -261.82c P  2.46% WF   3.0 PSV       1 N       1  --  S5
N3  : T  87.98c W 100.00c S -12.02c (+306.3 L +309.0) LCB -262.02c P  2.31% WF   3.1 PSV       1 N       1  --  N3
F15 : T  88.33c W 100.00c S -11.67c (+307.8 L +310.4) LCB -261.81c P  2.12% WF   3.2 PSV       0 N       1  --  F15
Q12 : T  88.13c W 100.00c S -11.87c (+306.9 L +309.5) LCB -261.87c P  1.96% WF   3.1 PSV       0 N       1  --  Q12

2025-11-16 20:57:01-0500: play pass
2025-11-16 20:57:01-0500: Controller: kata-set-param maxVisits 300
2025-11-16 20:57:01-0500: = 
2025-11-16 20:57:01-0500: Controller: kata-genmove_analyze b
2025-11-16 20:57:01-0500: =
2025-11-16 20:57:02-0500: MoveNum: 0 HASH: A9048A049F5056910B148E5F089B2B04
   A B C D E F G H J K L M N O P Q R S T
19 . . . . . . . . . X . . . . X . . X .
18 X X X X . . . . X . X . . . . X X . X
17 . . . X . . . . . X X . . . . X . X .
16 . . . X X . . . . X X . . . . X X X .
15 . X X X . . . . . . . . . . . X X . X
14 X X X . X . . . . . . . . . . X X X .
13 X X . X . . . . . . . . . . . X . X .
12 . . X . X . . . . X . . . . . . X . X
11 X X X X . . . . . X . . . . . . . X .
10 X . X . . . . . . X . . . . . X X X .
 9 X X . . . . . . . . . . . . . X . X X
 8 . . . . . . . . . . . . . . X . X . .
 7 . . . . . . . . . X . . . . . X X X X
 6 . . . X . . . X X X . . . . . X . . .
 5 . . . X . . . X . X . . . . . X . . X
 4 . . . X . . . . X X X . . . . X X . .
 3 . X X X X X . X X . X X . . . X X X X
 2 . X . . X . X . X X X . X . . X . X .
 1 X X . . . X X X . . . X . . . . X . .

koPOSITIONALscoreAREAtaxNONEsui1komi7.5
Time taken: 0.995443
Root visits: 128
New playouts: 128
NN rows: 2
NN batches: 2
NN avg batch size: 1
PlayoutDoublingAdvantage: -2.75
PV: pass S5 T4 G18
Tree:
: T 108.59c W 100.00c S   6.28c (+331.8 L +331.4) N     128  --  pass S5 T4 G18
---Black(^)---
pss : T 119.66c W 100.00c S  17.30c (+345.5 L +343.4) LCB  115.47c P 23.59% WF 334.8 PSV     316 N      66  --  pass S5 T4 G18
G4  : T  88.14c W 100.00c S -11.86c (+306.9 L +309.7) LCB -262.00c P  3.61% WF   3.1 PSV       1 N       1  --  G4
G3  : T  88.19c W 100.00c S -11.81c (+307.0 L +309.8) LCB -261.81c P  3.47% WF   3.0 PSV       1 N       1  --  G3
F13 : T  88.26c W 100.00c S -11.74c (+307.5 L +310.3) LCB -261.88c P  3.07% WF   3.2 PSV       1 N       1  --  F13
P18 : T  88.14c W 100.00c S -11.86c (+306.8 L +309.6) LCB -261.86c P  2.72% WF   3.0 PSV       1 N       1  --  P18
Q19 : T  87.98c W 100.00c S -12.02c (+306.2 L +308.9) LCB -262.02c P  2.69% WF   3.1 PSV       1 N       1  --  Q19
S5  : T  88.32c W 100.00c S -11.68c (+307.4 L +310.5) LCB -261.82c P  2.46% WF   3.0 PSV       1 N       1  --  S5
N3  : T  87.98c W 100.00c S -12.02c (+306.3 L +309.0) LCB -262.02c P  2.31% WF   3.1 PSV       1 N       1  --  N3
F15 : T  88.33c W 100.00c S -11.67c (+307.8 L +310.4) LCB -261.81c P  2.12% WF   3.2 PSV       0 N       1  --  F15
Q12 : T  88.13c W 100.00c S -11.87c (+306.9 L +309.5) LCB -261.87c P  1.96% WF   3.0 PSV       0 N       1  --  Q12

2025-11-16 20:57:02-0500: play pass
2025-11-16 20:57:02-0500: Controller: kata-set-param maxVisits 100
2025-11-16 20:57:02-0500: = 
2025-11-16 20:57:02-0500: Controller: kata-genmove_analyze b
2025-11-16 20:57:02-0500: =
2025-11-16 20:57:02-0500: MoveNum: 0 HASH: A9048A049F5056910B148E5F089B2B04
   A B C D E F G H J K L M N O P Q R S T
19 . . . . . . . . . X . . . . X . . X .
18 X X X X . . . . X . X . . . . X X . X
17 . . . X . . . . . X X . . . . X . X .
16 . . . X X . . . . X X . . . . X X X .
15 . X X X . . . . . . . . . . . X X . X
14 X X X . X . . . . . . . . . . X X X .
13 X X . X . . . . . . . . . . . X . X .
12 . . X . X . . . . X . . . . . . X . X
11 X X X X . . . . . X . . . . . . . X .
10 X . X . . . . . . X . . . . . X X X .
 9 X X . . . . . . . . . . . . . X . X X
 8 . . . . . . . . . . . . . . X . X . .
 7 . . . . . . . . . X . . . . . X X X X
 6 . . . X . . . X X X . . . . . X . . .
 5 . . . X . . . X . X . . . . . X . . X
 4 . . . X . . . . X X X . . . . X X . .
 3 . X X X X X . X X . X X . . . X X X X
 2 . X . . X . X . X X X . X . . X . X .
 1 X X . . . X X X . . . X . . . . X . .

koPOSITIONALscoreAREAtaxNONEsui1komi7.5
Time taken: 0.00155988
Root visits: 44
New playouts: 44
NN rows: 0
NN batches: 0
NN avg batch size: -nan
PlayoutDoublingAdvantage: -2.75
PV: pass S5
Tree:
: T 100.99c W 100.00c S   0.11c (+322.8 L +323.7) N      44  --  pass S5
---Black(^)---
pss : T 118.59c W 100.00c S  17.31c (+344.9 L +343.5) LCB  105.55c P 23.59% WF  64.4 PSV      60 N      12  --  pass S5
G4  : T  88.14c W 100.00c S -11.86c (+306.9 L +309.7) LCB -262.00c P  3.61% WF   3.2 PSV       0 N       1  --  G4
G3  : T  88.19c W 100.00c S -11.81c (+307.0 L +309.8) LCB -261.81c P  3.47% WF   3.1 PSV       0 N       1  --  G3
F13 : T  88.26c W 100.00c S -11.74c (+307.5 L +310.3) LCB -261.88c P  3.07% WF   3.4 PSV       0 N       1  --  F13
P18 : T  88.14c W 100.00c S -11.86c (+306.8 L +309.6) LCB -261.86c P  2.72% WF   3.2 PSV       0 N       1  --  P18
Q19 : T  87.98c W 100.00c S -12.02c (+306.2 L +308.9) LCB -262.02c P  2.69% WF   3.3 PSV       0 N       1  --  Q19
S5  : T  88.32c W 100.00c S -11.68c (+307.4 L +310.5) LCB -261.82c P  2.46% WF   3.2 PSV       0 N       1  --  S5
N3  : T  87.98c W 100.00c S -12.02c (+306.3 L +309.0) LCB -262.02c P  2.31% WF   3.2 PSV       0 N       1  --  N3
F15 : T  88.33c W 100.00c S -11.67c (+307.8 L +310.4) LCB -261.81c P  2.12% WF   3.3 PSV       0 N       1  --  F15
Q12 : T  88.13c W 100.00c S -11.87c (+306.9 L +309.5) LCB -261.87c P  1.96% WF   3.2 PSV       0 N       1  --  Q12

2025-11-16 20:57:02-0500: play pass
2025-11-16 20:57:02-0500: Controller: kata-set-param maxVisits 100
2025-11-16 20:57:02-0500: = 
2025-11-16 20:57:02-0500: Controller: kata-genmove_analyze b
2025-11-16 20:57:02-0500: =
2025-11-16 20:57:02-0500: MoveNum: 0 HASH: A9048A049F5056910B148E5F089B2B04
   A B C D E F G H J K L M N O P Q R S T
19 . . . . . . . . . X . . . . X . . X .
18 X X X X . . . . X . X . . . . X X . X
17 . . . X . . . . . X X . . . . X . X .
16 . . . X X . . . . X X . . . . X X X .
15 . X X X . . . . . . . . . . . X X . X
14 X X X . X . . . . . . . . . . X X X .
13 X X . X . . . . . . . . . . . X . X .
12 . . X . X . . . . X . . . . . . X . X
11 X X X X . . . . . X . . . . . . . X .
10 X . X . . . . . . X . . . . . X X X .
 9 X X . . . . . . . . . . . . . X . X X
 8 . . . . . . . . . . . . . . X . X . .
 7 . . . . . . . . . X . . . . . X X X X
 6 . . . X . . . X X X . . . . . X . . .
 5 . . . X . . . X . X . . . . . X . . X
 4 . . . X . . . . X X X . . . . X X . .
 3 . X X X X X . X X . X X . . . X X X X
 2 . X . . X . X . X X X . X . . X . X .
 1 X X . . . X X X . . . X . . . . X . .

koPOSITIONALscoreAREAtaxNONEsui1komi7.5
Time taken: 0.00188879
Root visits: 42
New playouts: 42
NN rows: 0
NN batches: 0
NN avg batch size: -nan
PlayoutDoublingAdvantage: -2.75
PV: pass S5
Tree:
: T  99.78c W 100.00c S  -0.91c (+321.3 L +322.3) N      42  --  pass S5
---Black(^)---
pss : T 118.36c W 100.00c S  16.92c (+344.7 L +343.3) LCB  102.21c P 23.59% WF  54.4 PSV      50 N      10  --  pass S5
G4  : T  88.14c W 100.00c S -11.86c (+306.9 L +309.7) LCB -262.00c P  3.61% WF   3.3 PSV       0 N       1  --  G4
G3  : T  88.19c W 100.00c S -11.81c (+307.0 L +309.8) LCB -261.81c P  3.47% WF   3.2 PSV       0 N       1  --  G3
F13 : T  88.26c W 100.00c S -11.74c (+307.5 L +310.3) LCB -261.88c P  3.07% WF   3.4 PSV       0 N       1  --  F13
P18 : T  88.14c W 100.00c S -11.86c (+306.8 L +309.6) LCB -261.86c P  2.72% WF   3.2 PSV       0 N       1  --  P18
Q19 : T  87.98c W 100.00c S -12.02c (+306.2 L +308.9) LCB -262.02c P  2.69% WF   3.3 PSV       0 N       1  --  Q19
S5  : T  88.32c W 100.00c S -11.68c (+307.4 L +310.5) LCB -261.82c P  2.46% WF   3.2 PSV       0 N       1  --  S5
N3  : T  87.98c W 100.00c S -12.02c (+306.3 L +309.0) LCB -262.02c P  2.31% WF   3.3 PSV       0 N       1  --  N3
F15 : T  88.33c W 100.00c S -11.67c (+307.8 L +310.4) LCB -261.81c P  2.12% WF   3.4 PSV       0 N       1  --  F15
Q12 : T  88.13c W 100.00c S -11.87c (+306.9 L +309.5) LCB -261.87c P  1.96% WF   3.2 PSV       0 N       1  --  Q12

2025-11-16 20:57:02-0500: play pass
2025-11-16 20:57:02-0500: Controller: kata-set-param maxVisits 100
2025-11-16 20:57:02-0500: = 
2025-11-16 20:57:02-0500: Controller: kata-genmove_analyze b
2025-11-16 20:57:02-0500: =
2025-11-16 20:57:02-0500: MoveNum: 0 HASH: A9048A049F5056910B148E5F089B2B04
   A B C D E F G H J K L M N O P Q R S T
19 . . . . . . . . . X . . . . X . . X .
18 X X X X . . . . X . X . . . . X X . X
17 . . . X . . . . . X X . . . . X . X .
16 . . . X X . . . . X X . . . . X X X .
15 . X X X . . . . . . . . . . . X X . X
14 X X X . X . . . . . . . . . . X X X .
13 X X . X . . . . . . . . . . . X . X .
12 . . X . X . . . . X . . . . . . X . X
11 X X X X . . . . . X . . . . . . . X .
10 X . X . . . . . . X . . . . . X X X .
 9 X X . . . . . . . . . . . . . X . X X
 8 . . . . . . . . . . . . . . X . X . .
 7 . . . . . . . . . X . . . . . X X X X
 6 . . . X . . . X X X . . . . . X . . .
 5 . . . X . . . X . X . . . . . X . . X
 4 . . . X . . . . X X X . . . . X X . .
 3 . X X X X X . X X . X X . . . X X X X
 2 . X . . X . X . X X X . X . . X . X .
 1 X X . . . X X X . . . X . . . . X . .

koPOSITIONALscoreAREAtaxNONEsui1komi7.5
Time taken: 0.00150837
Root visits: 42
New playouts: 42
NN rows: 0
NN batches: 0
NN avg batch size: -nan
PlayoutDoublingAdvantage: -2.75
PV: pass S5
Tree:
: T 101.42c W 100.00c S   0.48c (+323.3 L +324.1) N      42  --  pass S5
---Black(^)---
pss : T 118.59c W 100.00c S  17.31c (+344.9 L +343.5) LCB  105.55c P 23.59% WF  64.3 PSV      60 N      12  --  pass S5
G4  : T  88.14c W 100.00c S -11.86c (+306.9 L +309.7) LCB -262.00c P  3.61% WF   3.2 PSV       0 N       1  --  G4
G3  : T  88.19c W 100.00c S -11.81c (+307.0 L +309.8) LCB -261.81c P  3.47% WF   3.1 PSV       0 N       1  --  G3
F13 : T  88.26c W 100.00c S -11.74c (+307.5 L +310.3) LCB -261.88c P  3.07% WF   3.4 PSV       0 N       1  --  F13
P18 : T  88.14c W 100.00c S -11.86c (+306.8 L +309.6) LCB -261.86c P  2.72% WF   3.2 PSV       0 N       1  --  P18
Q19 : T  87.98c W 100.00c S -12.02c (+306.2 L +308.9) LCB -262.02c P  2.69% WF   3.3 PSV       0 N       1  --  Q19
S5  : T  88.32c W 100.00c S -11.68c (+307.4 L +310.5) LCB -261.82c P  2.46% WF   3.2 PSV       0 N       1  --  S5
N3  : T  87.98c W 100.00c S -12.02c (+306.3 L +309.0) LCB -262.02c P  2.31% WF   3.2 PSV       0 N       1  --  N3
F15 : T  88.33c W 100.00c S -11.67c (+307.8 L +310.4) LCB -261.81c P  2.12% WF   3.3 PSV       0 N       1  --  F15
Q12 : T  88.13c W 100.00c S -11.87c (+306.9 L +309.5) LCB -261.87c P  1.96% WF   3.2 PSV       0 N       1  --  Q12

2025-11-16 20:57:02-0500: play pass
2025-11-16 20:57:02-0500: Controller: kata-set-param maxVisits 100
2025-11-16 20:57:02-0500: = 
2025-11-16 20:57:02-0500: Controller: kata-genmove_analyze b
2025-11-16 20:57:02-0500: =
2025-11-16 20:57:02-0500: MoveNum: 0 HASH: A9048A049F5056910B148E5F089B2B04
   A B C D E F G H J K L M N O P Q R S T
19 . . . . . . . . . X . . . . X . . X .
18 X X X X . . . . X . X . . . . X X . X
17 . . . X . . . . . X X . . . . X . X .
16 . . . X X . . . . X X . . . . X X X .
15 . X X X . . . . . . . . . . . X X . X
14 X X X . X . . . . . . . . . . X X X .
13 X X . X . . . . . . . . . . . X . X .
12 . . X . X . . . . X . . . . . . X . X
11 X X X X . . . . . X . . . . . . . X .
10 X . X . . . . . . X . . . . . X X X .
 9 X X . . . . . . . . . . . . . X . X X
 8 . . . . . . . . . . . . . . X . X . .
 7 . . . . . . . . . X . . . . . X X X X
 6 . . . X . . . X X X . . . . . X . . .
 5 . . . X . . . X . X . . . . . X . . X
 4 . . . X . . . . X X X . . . . X X . .
 3 . X X X X X . X X . X X . . . X X X X
 2 . X . . X . X . X X X . X . . X . X .
 1 X X . . . X X X . . . X . . . . X . .

koPOSITIONALscoreAREAtaxNONEsui1komi7.5
Time taken: 0.00158011
Root visits: 43
New playouts: 43
NN rows: 0
NN batches: 0
NN avg batch size: -nan
PlayoutDoublingAdvantage: -2.75
PV: pass S5
Tree:
: T 104.17c W 100.00c S   2.79c (+326.8 L +327.1) N      43  --  pass S5
---Black(^)---
pss : T 118.77c W 100.00c S  17.75c (+345.2 L +343.6) LCB  109.22c P 23.59% WF  84.3 PSV      79 N      16  --  pass S5
G4  : T  88.14c W 100.00c S -11.86c (+306.9 L +309.7) LCB -262.00c P  3.61% WF   3.2 PSV       0 N       1  --  G4
G3  : T  88.19c W 100.00c S -11.81c (+307.0 L +309.8) LCB -261.81c P  3.47% WF   3.1 PSV       0 N       1  --  G3
F13 : T  88.26c W 100.00c S -11.74c (+307.5 L +310.3) LCB -261.88c P  3.07% WF   3.4 PSV       0 N       1  --  F13
P18 : T  88.14c W 100.00c S -11.86c (+306.8 L +309.6) LCB -261.86c P  2.72% WF   3.2 PSV       0 N       1  --  P18
Q19 : T  87.98c W 100.00c S -12.02c (+306.2 L +308.9) LCB -262.02c P  2.69% WF   3.2 PSV       0 N       1  --  Q19
S5  : T  88.32c W 100.00c S -11.68c (+307.4 L +310.5) LCB -261.82c P  2.46% WF   3.1 PSV       0 N       1  --  S5
N3  : T  87.98c W 100.00c S -12.02c (+306.3 L +309.0) LCB -262.02c P  2.31% WF   3.2 PSV       0 N       1  --  N3
F15 : T  88.33c W 100.00c S -11.67c (+307.8 L +310.4) LCB -261.81c P  2.12% WF   3.3 PSV       0 N       1  --  F15
Q12 : T  88.13c W 100.00c S -11.87c (+306.9 L +309.5) LCB -261.87c P  1.96% WF   3.1 PSV       0 N       1  --  Q12

2025-11-16 20:57:02-0500: play pass
2025-11-16 20:57:02-0500: Controller: kata-set-param maxVisits 300
2025-11-16 20:57:02-0500: = 
2025-11-16 20:57:02-0500: Controller: kata-genmove_analyze b
2025-11-16 20:57:02-0500: =
2025-11-16 20:57:03-0500: MoveNum: 0 HASH: A9048A049F5056910B148E5F089B2B04
   A B C D E F G H J K L M N O P Q R S T
19 . . . . . . . . . X . . . . X . . X .
18 X X X X . . . . X . X . . . . X X . X
17 . . . X . . . . . X X . . . . X . X .
16 . . . X X . . . . X X . . . . X X X .
15 . X X X . . . . . . . . . . . X X . X
14 X X X . X . . . . . . . . . . X X X .
13 X X . X . . . . . . . . . . . X . X .
12 . . X . X . . . . X . . . . . . X . X
11 X X X X . . . . . X . . . . . . . X .
10 X . X . . . . . . X . . . . . X X X .
 9 X X . . . . . . . . . . . . . X . X X
 8 . . . . . . . . . . . . . . X . X . .
 7 . . . . . . . . . X . . . . . X X X X
 6 . . . X . . . X X X . . . . . X . . .
 5 . . . X . . . X . X . . . . . X . . X
 4 . . . X . . . . X X X . . . . X X . .
 3 . X X X X X . X X . X X . . . X X X X
 2 . X . . X . X . X X X . X . . X . X .
 1 X X . . . X X X . . . X . . . . X . .

koPOSITIONALscoreAREAtaxNONEsui1komi7.5
Time taken: 0.99134
Root visits: 127
New playouts: 127
NN rows: 1
NN batches: 1
NN avg batch size: 1
PlayoutDoublingAdvantage: -2.75
PV: pass S5 S4 G18
Tree:
: T 107.93c W 100.00c S   5.77c (+331.1 L +330.8) N     127  --  pass S5 S4 G18
---Black(^)---
pss : T 118.97c W 100.00c S  16.69c (+344.8 L +342.8) LCB  114.12c P 23.59% WF 324.4 PSV     306 N      65  --  pass S5 S4 G18
G4  : T  88.14c W 100.00c S -11.86c (+306.9 L +309.7) LCB -262.00c P  3.61% WF   3.1 PSV       1 N       1  --  G4
G3  : T  88.19c W 100.00c S -11.81c (+307.0 L +309.8) LCB -261.81c P  3.47% WF   3.0 PSV       1 N       1  --  G3
F13 : T  88.26c W 100.00c S -11.74c (+307.5 L +310.3) LCB -261.88c P  3.07% WF   3.3 PSV       1 N       1  --  F13
P18 : T  88.14c W 100.00c S -11.86c (+306.8 L +309.6) LCB -261.86c P  2.72% WF   3.1 PSV       1 N       1  --  P18
Q19 : T  87.98c W 100.00c S -12.02c (+306.2 L +308.9) LCB -262.02c P  2.69% WF   3.1 PSV       1 N       1  --  Q19
S5  : T  88.32c W 100.00c S -11.68c (+307.4 L +310.5) LCB -261.82c P  2.46% WF   3.0 PSV       1 N       1  --  S5
N3  : T  87.98c W 100.00c S -12.02c (+306.3 L +309.0) LCB -262.02c P  2.31% WF   3.1 PSV       1 N       1  --  N3
F15 : T  88.33c W 100.00c S -11.67c (+307.8 L +310.4) LCB -261.81c P  2.12% WF   3.2 PSV       1 N       1  --  F15
Q12 : T  88.13c W 100.00c S -11.87c (+306.9 L +309.5) LCB -261.87c P  1.96% WF   3.1 PSV       0 N       1  --  Q12

2025-11-16 20:57:03-0500: play pass
2025-11-16 20:57:03-0500: Controller: kata-set-param maxVisits 100
2025-11-16 20:57:03-0500: = 
2025-11-16 20:57:03-0500: Controller: kata-genmove_analyze b
2025-11-16 20:57:03-0500: =
2025-11-16 20:57:03-0500: MoveNum: 0 HASH: A9048A049F5056910B148E5F089B2B04
   A B C D E F G H J K L M N O P Q R S T
19 . . . . . . . . . X . . . . X . . X .
18 X X X X . . . . X . X . . . . X X . X
17 . . . X . . . . . X X . . . . X . X .
16 . . . X X . . . . X X . . . . X X X .
15 . X X X . . . . . . . . . . . X X . X
14 X X X . X . . . . . . . . . . X X X .
13 X X . X . . . . . . . . . . . X . X .
12 . . X . X . . . . X . . . . . . X . X
11 X X X X . . . . . X . . . . . . . X .
10 X . X . . . . . . X . . . . . X X X .
 9 X X . . . . . . . . . . . . . X . X X
 8 . . . . . . . . . . . . . . X . X . .
 7 . . . . . . . . . X . . . . . X X X X
 6 . . . X . . . X X X . . . . . X . . .
 5 . . . X . . . X . X . . . . . X . . X
 4 . . . X . . . . X X X . . . . X X . .
 3 . X X X X X . X X . X X . . . X X X X
 2 . X . . X . X . X X X . X . . X . X .
 1 X X . . . X X X . . . X . . . . X . .

koPOSITIONALscoreAREAtaxNONEsui1komi7.5
Time taken: 0.00255277
Root visits: 44
New playouts: 44
NN rows: 0
NN batches: 0
NN avg batch size: -nan
PlayoutDoublingAdvantage: -2.75
PV: pass S5
Tree:
: T 101.81c W 100.00c S   0.82c (+323.8 L +324.6) N      44  --  pass S5
---Black(^)---
pss : T 118.78c W 100.00c S  17.57c (+345.2 L +343.7) LCB  106.86c P 23.59% WF  69.5 PSV      64 N      13  --  pass S5
G4  : T  88.14c W 100.00c S -11.86c (+306.9 L +309.7) LCB -262.00c P  3.61% WF   3.2 PSV       0 N       1  --  G4
G3  : T  88.19c W 100.00c S -11.81c (+307.0 L +309.8) LCB -261.81c P  3.47% WF   3.1 PSV       0 N       1  --  G3
F13 : T  88.26c W 100.00c S -11.74c (+307.5 L +310.3) LCB -261.88c P  3.07% WF   3.4 PSV       0 N       1  --  F13
P18 : T  88.14c W 100.00c S -11.86c (+306.8 L +309.6) LCB -261.86c P  2.72% WF   3.2 PSV       0 N       1  --  P18
Q19 : T  87.98c W 100.00c S -12.02c (+306.2 L +308.9) LCB -262.02c P  2.69% WF   3.2 PSV       0 N       1  --  Q19
S5  : T  88.32c W 100.00c S -11.68c (+307.4 L +310.5) LCB -261.82c P  2.46% WF   3.1 PSV       0 N       1  --  S5
N3  : T  87.98c W 100.00c S -12.02c (+306.3 L +309.0) LCB -262.02c P  2.31% WF   3.2 PSV       0 N       1  --  N3
F15 : T  88.33c W 100.00c S -11.67c (+307.8 L +310.4) LCB -261.81c P  2.12% WF   3.3 PSV       0 N       1  --  F15
Q12 : T  88.13c W 100.00c S -11.87c (+306.9 L +309.5) LCB -261.87c P  1.96% WF   3.2 PSV       0 N       1  --  Q12

2025-11-16 20:57:03-0500: play pass
2025-11-16 20:57:03-0500: Controller: kata-set-param maxVisits 100
2025-11-16 20:57:03-0500: = 
2025-11-16 20:57:03-0500: Controller: kata-genmove_analyze b
2025-11-16 20:57:03-0500: =
2025-11-16 20:57:03-0500: MoveNum: 0 HASH: A9048A049F5056910B148E5F089B2B04
   A B C D E F G H J K L M N O P Q R S T
19 . . . . . . . . . X . . . . X . . X .
18 X X X X . . . . X . X . . . . X X . X
17 . . . X . . . . . X X . . . . X . X .
16 . . . X X . . . . X X . . . . X X X .
15 . X X X . . . . . . . . . . . X X . X
14 X X X . X . . . . . . . . . . X X X .
13 X X . X . . . . . . . . . . . X . X .
12 . . X . X . . . . X . . . . . . X . X
11 X X X X . . . . . X . . . . . . . X .
10 X . X . . . . . . X . . . . . X X X .
 9 X X . . . . . . . . . . . . . X . X X
 8 . . . . . . . . . . . . . . X . X . .
 7 . . . . . . . . . X . . . . . X X X X
 6 . . . X . . . X X X . . . . . X . . .
 5 . . . X . . . X . X . . . . . X . . X
 4 . . . X . . . . X X X . . . . X X . .
 3 . X X X X X . X X . X X . . . X X X X
 2 . X . . X . X . X X X . X . . X . X .
 1 X X . . . X X X . . . X . . . . X . .

koPOSITIONALscoreAREAtaxNONEsui1komi7.5
Time taken: 0.00163617
Root visits: 43
New playouts: 43
NN rows: 0
NN batches: 0
NN avg batch size: -nan
PlayoutDoublingAdvantage: -2.75
PV: pass S5
Tree:
: T 100.37c W 100.00c S  -0.41c (+322.0 L +323.0) N      43  --  pass S5
---Black(^)---
pss : T 118.44c W 100.00c S  17.09c (+344.8 L +343.4) LCB  104.01c P 23.59% WF  59.2 PSV      55 N      11  --  pass S5
G4  : T  88.14c W 100.00c S -11.86c (+306.9 L +309.7) LCB -262.00c P  3.61% WF   3.3 PSV       0 N       1  --  G4
G3  : T  88.19c W 100.00c S -11.81c (+307.0 L +309.8) LCB -261.81c P  3.47% WF   3.1 PSV       0 N       1  --  G3
F13 : T  88.26c W 100.00c S -11.74c (+307.5 L +310.3) LCB -261.88c P  3.07% WF   3.4 PSV       0 N       1  --  F13
P18 : T  88.14c W 100.00c S -11.86c (+306.8 L +309.6) LCB -261.86c P  2.72% WF   3.2 PSV       0 N       1  --  P18
Q19 : T  87.98c W 100.00c S -12.02c (+306.2 L +308.9) LCB -262.02c P  2.69% WF   3.3 PSV       0 N       1  --  Q19
S5  : T  88.32c W 100.00c S -11.68c (+307.4 L +310.5) LCB -261.82c P  2.46% WF   3.2 PSV       0 N       1  --  S5
N3  : T  87.98c W 100.00c S -12.02c (+306.3 L +309.0) LCB -262.02c P  2.31% WF   3.2 PSV       0 N       1  --  N3
F15 : T  88.33c W 100.00c S -11.67c (+307.8 L +310.4) LCB -261.81c P  2.12% WF   3.4 PSV       0 N       1  --  F15
Q12 : T  88.13c W 100.00c S -11.87c (+306.9 L +309.5) LCB -261.87c P  1.96% WF   3.2 PSV       0 N       1  --  Q12

2025-11-16 20:57:03-0500: play pass
2025-11-16 20:57:03-0500: Controller: kata-set-param maxVisits 100
2025-11-16 20:57:03-0500: = 
2025-11-16 20:57:03-0500: Controller: kata-genmove_analyze b
2025-11-16 20:57:03-0500: =
2025-11-16 20:57:03-0500: MoveNum: 0 HASH: A9048A049F5056910B148E5F089B2B04
   A B C D E F G H J K L M N O P Q R S T
19 . . . . . . . . . X . . . . X . . X .
18 X X X X . . . . X . X . . . . X X . X
17 . . . X . . . . . X X . . . . X . X .
16 . . . X X . . . . X X . . . . X X X .
15 . X X X . . . . . . . . . . . X X . X
14 X X X . X . . . . . . . . . . X X X .
13 X X . X . . . . . . . . . . . X . X .
12 . . X . X . . . . X . . . . . . X . X
11 X X X X . . . . . X . . . . . . . X .
10 X . X . . . . . . X . . . . . X X X .
 9 X X . . . . . . . . . . . . . X . X X
 8 . . . . . . . . . . . . . . X . X . .
 7 . . . . . . . . . X . . . . . X X X X
 6 . . . X . . . X X X . . . . . X . . .
 5 . . . X . . . X . X . . . . . X . . X
 4 . . . X . . . . X X X . . . . X X . .
 3 . X X X X X . X X . X X . . . X X X X
 2 . X . . X . X . X X X . X . . X . X .
 1 X X . . . X X X . . . X . . . . X . .

koPOSITIONALscoreAREAtaxNONEsui1komi7.5
Time taken: 0.00161855
Root visits: 42
New playouts: 42
NN rows: 0
NN batches: 0
NN avg batch size: -nan
PlayoutDoublingAdvantage: -2.75
PV: pass S5
Tree:
: T 101.42c W 100.00c S   0.48c (+323.3 L +324.1) N      42  --  pass S5
---Black(^)---
pss : T 118.59c W 100.00c S  17.31c (+344.9 L +343.5) LCB  105.55c P 23.59% WF  64.3 PSV      60 N      12  --  pass S5
G4  : T  88.14c W 100.00c S -11.86c (+306.9 L +309.7) LCB -262.00c P  3.61% WF   3.2 PSV       0 N       1  --  G4
G3  : T  88.19c W 100.00c S -11.81c (+307.0 L +309.8) LCB -261.81c P  3.47% WF   3.1 PSV       0 N       1  --  G3
F13 : T  88.26c W 100.00c S -11.74c (+307.5 L +310.3) LCB -261.88c P  3.07% WF   3.4 PSV       0 N       1  --  F13
P18 : T  88.14c W 100.00c S -11.86c (+306.8 L +309.6) LCB -261.86c P  2.72% WF   3.2 PSV       0 N       1  --  P18
Q19 : T  87.98c W 100.00c S -12.02c (+306.2 L +308.9) LCB -262.02c P  2.69% WF   3.3 PSV       0 N       1  --  Q19
S5  : T  88.32c W 100.00c S -11.68c (+307.4 L +310.5) LCB -261.82c P  2.46% WF   3.2 PSV       0 N       1  --  S5
N3  : T  87.98c W 100.00c S -12.02c (+306.3 L +309.0) LCB -262.02c P  2.31% WF   3.2 PSV       0 N       1  --  N3
F15 : T  88.33c W 100.00c S -11.67c (+307.8 L +310.4) LCB -261.81c P  2.12% WF   3.3 PSV       0 N       1  --  F15
Q12 : T  88.13c W 100.00c S -11.87c (+306.9 L +309.5) LCB -261.87c P  1.96% WF   3.2 PSV       0 N       1  --  Q12

2025-11-16 20:57:03-0500: play pass
2025-11-16 20:57:03-0500: Controller: kata-set-param maxVisits 300
2025-11-16 20:57:03-0500: = 
2025-11-16 20:57:03-0500: Controller: kata-genmove_analyze b
2025-11-16 20:57:03-0500: =
2025-11-16 20:57:03-0500: MoveNum: 0 HASH: A9048A049F5056910B148E5F089B2B04
   A B C D E F G H J K L M N O P Q R S T
19 . . . . . . . . . X . . . . X . . X .
18 X X X X . . . . X . X . . . . X X . X
17 . . . X . . . . . X X . . . . X . X .
16 . . . X X . . . . X X . . . . X X X .
15 . X X X . . . . . . . . . . . X X . X
14 X X X . X . . . . . . . . . . X X X .
13 X X . X . . . . . . . . . . . X . X .
12 . . X . X . . . . X . . . . . . X . X
11 X X X X . . . . . X . . . . . . . X .
10 X . X . . . . . . X . . . . . X X X .
 9 X X . . . . . . . . . . . . . X . X X
 8 . . . . . . . . . . . . . . X . X . .
 7 . . . . . . . . . X . . . . . X X X X
 6 . . . X . . . X X X . . . . . X . . .
 5 . . . X . . . X . X . . . . . X . . X
 4 . . . X . . . . X X X . . . . X X . .
 3 . X X X X X . X X . X X . . . X X X X
 2 . X . . X . X . X X X . X . . X . X .
 1 X X . . . X X X . . . X . . . . X . .

koPOSITIONALscoreAREAtaxNONEsui1komi7.5
Time taken: 0.00266997
Root visits: 124
New playouts: 124
NN rows: 0
NN batches: 0
NN avg batch size: -nan
PlayoutDoublingAdvantage: -2.75
PV: pass S5 T4 G18
Tree:
: T 108.23c W 100.00c S   6.02c (+331.5 L +331.2) N     124  --  pass S5 T4 G18
---Black(^)---
pss : T 119.20c W 100.00c S  17.06c (+345.1 L +343.1) LCB  114.76c P 23.59% WF 320.6 PSV     303 N      64  --  pass S5 T4 G18
G4  : T  88.14c W 100.00c S -11.86c (+306.9 L +309.7) LCB -262.00c P  3.61% WF   3.1 PSV       1 N       1  --  G4
G3  : T  88.19c W 100.00c S -11.81c (+307.0 L +309.8) LCB -261.81c P  3.47% WF   3.0 PSV       1 N       1  --  G3
F13 : T  88.26c W 100.00c S -11.74c (+307.5 L +310.3) LCB -261.88c P  3.07% WF   3.3 PSV       1 N       1  --  F13
P18 : T  88.14c W 100.00c S -11.86c (+306.8 L +309.6) LCB -261.86c P  2.72% WF   3.1 PSV       1 N       1  --  P18
Q19 : T  87.98c W 100.00c S -12.02c (+306.2 L +308.9) LCB -262.02c P  2.69% WF   3.1 PSV       1 N       1  --  Q19
S5  : T  88.32c W 100.00c S -11.68c (+307.4 L +310.5) LCB -261.82c P  2.46% WF   3.0 PSV       1 N       1  --  S5
N3  : T  87.98c W 100.00c S -12.02c (+306.3 L +309.0) LCB -262.02c P  2.31% WF   3.1 PSV       1 N       1  --  N3
F15 : T  88.33c W 100.00c S -11.67c (+307.8 L +310.4) LCB -261.81c P  2.12% WF   3.2 PSV       0 N       1  --  F15
Q12 : T  88.13c W 100.00c S -11.87c (+306.9 L +309.5) LCB -261.87c P  1.96% WF   3.1 PSV       0 N       1  --  Q12

2025-11-16 20:57:03-0500: play pass
2025-11-16 20:57:03-0500: Controller: kata-set-param maxVisits 100
2025-11-16 20:57:03-0500: = 
2025-11-16 20:57:03-0500: Controller: kata-genmove_analyze b
2025-11-16 20:57:03-0500: =
2025-11-16 20:57:03-0500: MoveNum: 0 HASH: A9048A049F5056910B148E5F089B2B04
   A B C D E F G H J K L M N O P Q R S T
19 . . . . . . . . . X . . . . X . . X .
18 X X X X . . . . X . X . . . . X X . X
17 . . . X . . . . . X X . . . . X . X .
16 . . . X X . . . . X X . . . . X X X .
15 . X X X . . . . . . . . . . . X X . X
14 X X X . X . . . . . . . . . . X X X .
13 X X . X . . . . . . . . . . . X . X .
12 . . X . X . . . . X . . . . . . X . X
11 X X X X . . . . . X . . . . . . . X .
10 X . X . . . . . . X . . . . . X X X .
 9 X X . . . . . . . . . . . . . X . X X
 8 . . . . . . . . . . . . . . X . X . .
 7 . . . . . . . . . X . . . . . X X X X
 6 . . . X . . . X X X . . . . . X . . .
 5 . . . X . . . X . X . . . . . X . . X
 4 . . . X . . . . X X X . . . . X X . .
 3 . X X X X X . X X . X X . . . X X X X
 2 . X . . X . X . X X X . X . . X . X .
 1 X X . . . X X X . . . X . . . . X . .

koPOSITIONALscoreAREAtaxNONEsui1komi7.5
Time taken: 0.00163092
Root visits: 42
New playouts: 42
NN rows: 0
NN batches: 0
NN avg batch size: -nan
PlayoutDoublingAdvantage: -2.75
PV: pass S5
Tree:
: T 101.42c W 100.00c S   0.48c (+323.3 L +324.1) N      42  --  pass S5
---Black(^)---
pss : T 118.59c W 100.00c S  17.31c (+344.9 L +343.5) LCB  105.55c P 23.59% WF  64.3 PSV      60 N      12  --  pass S5
G4  : T  88.14c W 100.00c S -11.86c (+306.9 L +309.7) LCB -262.00c P  3.61% WF   3.2 PSV       0 N       1  --  G4
G3  : T  88.19c W 100.00c S -11.81c (+307.0 L +309.8) LCB -261.81c P  3.47% WF   3.1 PSV       0 N       1  --  G3
F13 : T  88.26c W 100.00c S -11.74c (+307.5 L +310.3) LCB -261.88c P  3.07% WF   3.4 PSV       0 N       1  --  F13
P18 : T  88.14c W 100.00c S -11.86c (+306.8 L +309.6) LCB -261.86c P  2.72% WF   3.2 PSV       0 N       1  --  P18
Q19 : T  87.98c W 100.00c S -12.02c (+306.2 L +308.9) LCB -262.02c P  2.69% WF   3.3 PSV       0 N       1  --  Q19
S5  : T  88.32c W 100.00c S -11.68c (+307.4 L +310.5) LCB -261.82c P  2.46% WF   3.2 PSV       0 N       1  --  S5
N3  : T  87.98c W 100.00c S -12.02c (+306.3 L +309.0) LCB -262.02c P  2.31% WF   3.2 PSV       0 N       1  --  N3
F15 : T  88.33c W 100.00c S -11.67c (+307.8 L +310.4) LCB -261.81c P  2.12% WF   3.3 PSV       0 N       1  --  F15
Q12 : T  88.13c W 100.00c S -11.87c (+306.9 L +309.5) LCB -261.87c P  1.96% WF   3.2 PSV       0 N       1  --  Q12

2025-11-16 20:57:03-0500: play pass
2025-11-16 20:57:03-0500: Controller: kata-set-param maxVisits 100
2025-11-16 20:57:03-0500: = 
2025-11-16 20:57:03-0500: Controller: kata-genmove_analyze b
2025-11-16 20:57:03-0500: =
2025-11-16 20:57:03-0500: MoveNum: 0 HASH: A9048A049F5056910B148E5F089B2B04
   A B C D E F G H J K L M N O P Q R S T
19 . . . . . . . . . X . . . . X . . X .
18 X X X X . . . . X . X . . . . X X . X
17 . . . X . . . . . X X . . . . X . X .
16 . . . X X . . . . X X . . . . X X X .
15 . X X X . . . . . . . . . . . X X . X
14 X X X . X . . . . . . . . . . X X X .
13 X X . X . . . . . . . . . . . X . X .
12 . . X . X . . . . X . . . . . . X . X
11 X X X X . . . . . X . . . . . . . X .
10 X . X . . . . . . X . . . . . X X X .
 9 X X . . . . . . . . . . . . . X . X X
 8 . . . . . . . . . . . . . . X . X . .
 7 . . . . . . . . . X . . . . . X X X X
 6 . . . X . . . X X X . . . . . X . . .
 5 . . . X . . . X . X . . . . . X . . X
 4 . . . X . . . . X X X . . . . X X . .
 3 . X X X X X . X X . X X . . . X X X X
 2 . X . . X . X . X X X . X . . X . X .
 1 X X . . . X X X . . . X . . . . X . .

koPOSITIONALscoreAREAtaxNONEsui1komi7.5
Time taken: 0.00164514
Root visits: 44
New playouts: 44
NN rows: 0
NN batches: 0
NN avg batch size: -nan
PlayoutDoublingAdvantage: -2.75
PV: pass S5
Tree:
: T 101.81c W 100.00c S   0.82c (+323.8 L +324.6) N      44  --  pass S5
---Black(^)---
pss : T 118.78c W 100.00c S  17.57c (+345.2 L +343.7) LCB  106.86c P 23.59% WF  69.5 PSV      64 N      13  --  pass S5
G4  : T  88.14c W 100.00c S -11.86c (+306.9 L +309.7) LCB -262.00c P  3.61% WF   3.2 PSV       0 N       1  --  G4
G3  : T  88.19c W 100.00c S -11.81c (+307.0 L +309.8) LCB -261.81c P  3.47% WF   3.1 PSV       0 N       1  --  G3
F13 : T  88.26c W 100.00c S -11.74c (+307.5 L +310.3) LCB -261.88c P  3.07% WF   3.4 PSV       0 N       1  --  F13
P18 : T  88.14c W 100.00c S -11.86c (+306.8 L +309.6) LCB -261.86c P  2.72% WF   3.2 PSV       0 N       1  --  P18
Q19 : T  87.98c W 100.00c S -12.02c (+306.2 L +308.9) LCB -262.02c P  2.69% WF   3.2 PSV       0 N       1  --  Q19
S5  : T  88.32c W 100.00c S -11.68c (+307.4 L +310.5) LCB -261.82c P  2.46% WF   3.1 PSV       0 N       1  --  S5
N3  : T  87.98c W 100.00c S -12.02c (+306.3 L +309.0) LCB -262.02c P  2.31% WF   3.2 PSV       0 N       1  --  N3
F15 : T  88.33c W 100.00c S -11.67c (+307.8 L +310.4) LCB -261.81c P  2.12% WF   3.3 PSV       0 N       1  --  F15
Q12 : T  88.13c W 100.00c S -11.87c (+306.9 L +309.5) LCB -261.87c P  1.96% WF   3.2 PSV       0 N       1  --  Q12

2025-11-16 20:57:03-0500: play pass
2025-11-16 20:57:03-0500: Controller: kata-set-param maxVisits 300
2025-11-16 20:57:03-0500: = 
2025-11-16 20:57:03-0500: Controller: kata-genmove_analyze b
2025-11-16 20:57:03-0500: =
2025-11-16 20:57:04-0500: MoveNum: 0 HASH: A9048A049F5056910B148E5F089B2B04
   A B C D E F G H J K L M N O P Q R S T
19 . . . . . . . . . X . . . . X . . X .
18 X X X X . . . . X . X . . . . X X . X
17 . . . X . . . . . X X . . . . X . X .
16 . . . X X . . . . X X . . . . X X X .
15 . X X X . . . . . . . . . . . X X . X
14 X X X . X . . . . . . . . . . X X X .
13 X X . X . . . . . . . . . . . X . X .
12 . . X . X . . . . X . . . . . . X . X
11 X X X X . . . . . X . . . . . . . X .
10 X . X . . . . . . X . . . . . X X X .
 9 X X . . . . . . . . . . . . . X . X X
 8 . . . . . . . . . . . . . . X . X . .
 7 . . . . . . . . . X . . . . . X X X X
 6 . . . X . . . X X X . . . . . X . . .
 5 . . . X . . . X . X . . . . . X . . X
 4 . . . X . . . . X X X . . . . X X . .
 3 . X X X X X . X X . X X . . . X X X X
 2 . X . . X . X . X X X . X . . X . X .
 1 X X . . . X X X . . . X . . . . X . .

koPOSITIONALscoreAREAtaxNONEsui1komi7.5
Time taken: 1.00139
Root visits: 127
New playouts: 127
NN rows: 1
NN batches: 1
NN avg batch size: 1
PlayoutDoublingAdvantage: -2.75
PV: pass S5 S6 G18
Tree:
: T 108.83c W 100.00c S   6.50c (+332.1 L +331.7) N     127  --  pass S5 S6 G18
---Black(^)---
pss : T 119.79c W 100.00c S  17.45c (+345.6 L +343.6) LCB  115.60c P 23.59% WF 336.4 PSV     318 N      66  --  pass S5 S6 G18
G4  : T  88.14c W 100.00c S -11.86c (+306.9 L +309.7) LCB -262.00c P  3.61% WF   3.1 PSV       1 N       1  --  G4
G3  : T  88.19c W 100.00c S -11.81c (+307.0 L +309.8) LCB -261.81c P  3.47% WF   3.0 PSV       1 N       1  --  G3
F13 : T  88.26c W 100.00c S -11.74c (+307.5 L +310.3) LCB -261.88c P  3.07% WF   3.2 PSV       1 N       1  --  F13
P18 : T  88.14c W 100.00c S -11.86c (+306.8 L +309.6) LCB -261.86c P  2.72% WF   3.0 PSV       1 N       1  --  P18
Q19 : T  87.98c W 100.00c S -12.02c (+306.2 L +308.9) LCB -262.02c P  2.69% WF   3.1 PSV       1 N       1  --  Q19
S5  : T  88.32c W 100.00c S -11.68c (+307.4 L +310.5) LCB -261.82c P  2.46% WF   3.0 PSV       1 N       1  --  S5
N3  : T  87.98c W 100.00c S -12.02c (+306.3 L +309.0) LCB -262.02c P  2.31% WF   3.1 PSV       1 N       1  --  N3
F15 : T  88.33c W 100.00c S -11.67c (+307.8 L +310.4) LCB -261.81c P  2.12% WF   3.2 PSV       0 N       1  --  F15
Q12 : T  88.13c W 100.00c S -11.87c (+306.9 L +309.5) LCB -261.87c P  1.96% WF   3.0 PSV       0 N       1  --  Q12

2025-11-16 20:57:04-0500: play pass
2025-11-16 20:57:04-0500: Controller: kata-set-param maxVisits 100
2025-11-16 20:57:04-0500: = 
2025-11-16 20:57:04-0500: Controller: kata-genmove_analyze b
2025-11-16 20:57:04-0500: =
2025-11-16 20:57:04-0500: MoveNum: 0 HASH: A9048A049F5056910B148E5F089B2B04
   A B C D E F G H J K L M N O P Q R S T
19 . . . . . . . . . X . . . . X . . X .
18 X X X X . . . . X . X . . . . X X . X
17 . . . X . . . . . X X . . . . X . X .
16 . . . X X . . . . X X . . . . X X X .
15 . X X X . . . . . . . . . . . X X . X
14 X X X . X . . . . . . . . . . X X X .
13 X X . X . . . . . . . . . . . X . X .
12 . . X . X . . . . X . . . . . . X . X
11 X X X X . . . . . X . . . . . . . X .
10 X . X . . . . . . X . . . . . X X X .
 9 X X . . . . . . . . . . . . . X . X X
 8 . . . . . . . . . . . . . . X . X . .
 7 . . . . . . . . . X . . . . . X X X X
 6 . . . X . . . X X X . . . . . X . . .
 5 . . . X . . . X . X . . . . . X . . X
 4 . . . X . . . . X X X . . . . X X . .
 3 . X X X X X . X X . X X . . . X X X X
 2 . X . . X . X . X X X . X . . X . X .
 1 X X . . . X X X . . . X . . . . X . .

koPOSITIONALscoreAREAtaxNONEsui1komi7.5
Time taken: 0.001443
Root visits: 42
New playouts: 42
NN rows: 0
NN batches: 0
NN avg batch size: -nan
PlayoutDoublingAdvantage: -2.75
PV: pass S5
Tree:
: T 101.42c W 100.00c S   0.48c (+323.3 L +324.1) N      42  --  pass S5
---Black(^)---
pss : T 118.59c W 100.00c S  17.31c (+344.9 L +343.5) LCB  105.55c P 23.59% WF  64.3 PSV      60 N      12  --  pass S5
G4  : T  88.14c W 100.00c S -11.86c (+306.9 L +309.7) LCB -262.00c P  3.61% WF   3.2 PSV       0 N       1  --  G4
G3  : T  88.19c W 100.00c S -11.81c (+307.0 L +309.8) LCB -261.81c P  3.47% WF   3.1 PSV       0 N       1  --  G3
F13 : T  88.26c W 100.00c S -11.74c (+307.5 L +310.3) LCB -261.88c P  3.07% WF   3.4 PSV       0 N       1  --  F13
P18 : T  88.14c W 100.00c S -11.86c (+306.8 L +309.6) LCB -261.86c P  2.72% WF   3.2 PSV       0 N       1  --  P18
Q19 : T  87.98c W 100.00c S -12.02c (+306.2 L +308.9) LCB -262.02c P  2.69% WF   3.3 PSV       0 N       1  --  Q19
S5  : T  88.32c W 100.00c S -11.68c (+307.4 L +310.5) LCB -261.82c P  2.46% WF   3.2 PSV       0 N       1  --  S5
N3  : T  87.98c W 100.00c S -12.02c (+306.3 L +309.0) LCB -262.02c P  2.31% WF   3.2 PSV       0 N       1  --  N3
F15 : T  88.33c W 100.00c S -11.67c (+307.8 L +310.4) LCB -261.81c P  2.12% WF   3.3 PSV       0 N       1  --  F15
Q12 : T  88.13c W 100.00c S -11.87c (+306.9 L +309.5) LCB -261.87c P  1.96% WF   3.2 PSV       0 N       1  --  Q12

2025-11-16 20:57:04-0500: play pass
2025-11-16 20:57:04-0500: Controller: kata-set-param maxVisits 300
2025-11-16 20:57:04-0500: = 
2025-11-16 20:57:04-0500: Controller: kata-genmove_analyze b
2025-11-16 20:57:04-0500: =
2025-11-16 20:57:04-0500: MoveNum: 0 HASH: A9048A049F5056910B148E5F089B2B04
   A B C D E F G H J K L M N O P Q R S T
19 . . . . . . . . . X . . . . X . . X .
18 X X X X . . . . X . X . . . . X X . X
17 . . . X . . . . . X X . . . . X . X .
16 . . . X X . . . . X X . . . . X X X .
15 . X X X . . . . . . . . . . . X X . X
14 X X X . X . . . . . . . . . . X X X .
13 X X . X . . . . . . . . . . . X . X .
12 . . X . X . . . . X . . . . . . X . X
11 X X X X . . . . . X . . . . . . . X .
10 X . X . . . . . . X . . . . . X X X .
 9 X X . . . . . . . . . . . . . X . X X
 8 . . . . . . . . . . . . . . X . X . .
 7 . . . . . . . . . X . . . . . X X X X
 6 . . . X . . . X X X . . . . . X . . .
 5 . . . X . . . X . X . . . . . X . . X
 4 . . . X . . . . X X X . . . . X X . .
 3 . X X X X X . X X . X X . . . X X X X
 2 . X . . X . X . X X X . X . . X . X .
 1 X X . . . X X X . . . X . . . . X . .

koPOSITIONALscoreAREAtaxNONEsui1komi7.5
Time taken: 0.00280817
Root visits: 125
New playouts: 125
NN rows: 0
NN batches: 0
NN avg batch size: -nan
PlayoutDoublingAdvantage: -2.75
PV: pass S5 T4 G18
Tree:
: T 108.36c W 100.00c S   6.14c (+331.7 L +331.3) N     125  --  pass S5 T4 G18
---Black(^)---
pss : T 119.24c W 100.00c S  17.13c (+345.1 L +343.1) LCB  114.86c P 23.59% WF 325.9 PSV     308 N      65  --  pass S5 T4 G18
G4  : T  88.14c W 100.00c S -11.86c (+306.9 L +309.7) LCB -262.00c P  3.61% WF   3.1 PSV       1 N       1  --  G4
G3  : T  88.19c W 100.00c S -11.81c (+307.0 L +309.8) LCB -261.81c P  3.47% WF   3.0 PSV       1 N       1  --  G3
F13 : T  88.26c W 100.00c S -11.74c (+307.5 L +310.3) LCB -261.88c P  3.07% WF   3.2 PSV       1 N       1  --  F13
P18 : T  88.14c W 100.00c S -11.86c (+306.8 L +309.6) LCB -261.86c P  2.72% WF   3.1 PSV       1 N       1  --  P18
Q19 : T  87.98c W 100.00c S -12.02c (+306.2 L +308.9) LCB -262.02c P  2.69% WF   3.1 PSV       1 N       1  --  Q19
S5  : T  88.32c W 100.00c S -11.68c (+307.4 L +310.5) LCB -261.82c P  2.46% WF   3.0 PSV       1 N       1  --  S5
N3  : T  87.98c W 100.00c S -12.02c (+306.3 L +309.0) LCB -262.02c P  2.31% WF   3.1 PSV       1 N       1  --  N3
F15 : T  88.33c W 100.00c S -11.67c (+307.8 L +310.4) LCB -261.81c P  2.12% WF   3.2 PSV       0 N       1  --  F15
Q12 : T  88.13c W 100.00c S -11.87c (+306.9 L +309.5) LCB -261.87c P  1.96% WF   3.1 PSV       0 N       1  --  Q12

2025-11-16 20:57:04-0500: play pass
2025-11-16 20:57:04-0500: Controller: kata-set-param maxVisits 300
2025-11-16 20:57:04-0500: = 
2025-11-16 20:57:04-0500: Controller: kata-genmove_analyze b
2025-11-16 20:57:04-0500: =
2025-11-16 20:57:04-0500: MoveNum: 0 HASH: A9048A049F5056910B148E5F089B2B04
   A B C D E F G H J K L M N O P Q R S T
19 . . . . . . . . . X . . . . X . . X .
18 X X X X . . . . X . X . . . . X X . X
17 . . . X . . . . . X X . . . . X . X .
16 . . . X X . . . . X X . . . . X X X .
15 . X X X . . . . . . . . . . . X X . X
14 X X X . X . . . . . . . . . . X X X .
13 X X . X . . . . . . . . . . . X . X .
12 . . X . X . . . . X . . . . . . X . X
11 X X X X . . . . . X . . . . . . . X .
10 X . X . . . . . . X . . . . . X X X .
 9 X X . . . . . . . . . . . . . X . X X
 8 . . . . . . . . . . . . . . X . X . .
 7 . . . . . . . . . X . . . . . X X X X
 6 . . . X . . . X X X . . . . . X . . .
 5 . . . X . . . X . X . . . . . X . . X
 4 . . . X . . . . X X X . . . . X X . .
 3 . X X X X X . X X . X X . . . X X X X
 2 . X . . X . X . X X X . X . . X . X .
 1 X X . . . X X X . . . X . . . . X . .

koPOSITIONALscoreAREAtaxNONEsui1komi7.5
Time taken: 0.00294007
Root visits: 124
New playouts: 124
NN rows: 0
NN batches: 0
NN avg batch size: -nan
PlayoutDoublingAdvantage: -2.75
PV: pass S5 T4 G18
Tree:
: T 108.25c W 100.00c S   6.05c (+331.5 L +331.2) N     124  --  pass S5 T4 G18
---Black(^)---
pss : T 119.22c W 100.00c S  17.09c (+345.1 L +343.1) LCB  114.77c P 23.59% WF 321.4 PSV     303 N      64  --  pass S5 T4 G18
G4  : T  88.14c W 100.00c S -11.86c (+306.9 L +309.7) LCB -262.00c P  3.61% WF   3.1 PSV       1 N       1  --  G4
G3  : T  88.19c W 100.00c S -11.81c (+307.0 L +309.8) LCB -261.81c P  3.47% WF   3.0 PSV       1 N       1  --  G3
F13 : T  88.26c W 100.00c S -11.74c (+307.5 L +310.3) LCB -261.88c P  3.07% WF   3.3 PSV       1 N       1  --  F13
P18 : T  88.14c W 100.00c S -11.86c (+306.8 L +309.6) LCB -261.86c P  2.72% WF   3.1 PSV       1 N       1  --  P18
Q19 : T  87.98c W 100.00c S -12.02c (+306.2 L +308.9) LCB -262.02c P  2.69% WF   3.1 PSV       1 N       1  --  Q19
S5  : T  88.32c W 100.00c S -11.68c (+307.4 L +310.5) LCB -261.82c P  2.46% WF   3.0 PSV       1 N       1  --  S5
N3  : T  87.98c W 100.00c S -12.02c (+306.3 L +309.0) LCB -262.02c P  2.31% WF   3.1 PSV       1 N       1  --  N3
F15 : T  88.33c W 100.00c S -11.67c (+307.8 L +310.4) LCB -261.81c P  2.12% WF   3.2 PSV       0 N       1  --  F15
Q12 : T  88.13c W 100.00c S -11.87c (+306.9 L +309.5) LCB -261.87c P  1.96% WF   3.1 PSV       0 N       1  --  Q12

2025-11-16 20:57:04-0500: play pass
2025-11-16 20:57:04-0500: Controller: kata-set-param maxVisits 100
2025-11-16 20:57:04-0500: = 
2025-11-16 20:57:04-0500: Controller: kata-genmove_analyze b
2025-11-16 20:57:04-0500: =
2025-11-16 20:57:04-0500: MoveNum: 0 HASH: A9048A049F5056910B148E5F089B2B04
   A B C D E F G H J K L M N O P Q R S T
19 . . . . . . . . . X . . . . X . . X .
18 X X X X . . . . X . X . . . . X X . X
17 . . . X . . . . . X X . . . . X . X .
16 . . . X X . . . . X X . . . . X X X .
15 . X X X . . . . . . . . . . . X X . X
14 X X X . X . . . . . . . . . . X X X .
13 X X . X . . . . . . . . . . . X . X .
12 . . X . X . . . . X . . . . . . X . X
11 X X X X . . . . . X . . . . . . . X .
10 X . X . . . . . . X . . . . . X X X .
 9 X X . . . . . . . . . . . . . X . X X
 8 . . . . . . . . . . . . . . X . X . .
 7 . . . . . . . . . X . . . . . X X X X
 6 . . . X . . . X X X . . . . . X . . .
 5 . . . X . . . X . X . . . . . X . . X
 4 . . . X . . . . X X X . . . . X X . .
 3 . X X X X X . X X . X X . . . X X X X
 2 . X . . X . X . X X X . X . . X . X .
 1 X X . . . X X X . . . X . . . . X . .

koPOSITIONALscoreAREAtaxNONEsui1komi7.5
Time taken: 0.00195075
Root visits: 44
New playouts: 44
NN rows: 0
NN batches: 0
NN avg batch size: -nan
PlayoutDoublingAdvantage: -2.75
PV: pass S5
Tree:
: T 102.53c W 100.00c S   1.42c (+324.7 L +325.4) N      44  --  pass S5
---Black(^)---
pss : T 118.85c W 100.00c S  17.69c (+345.3 L +343.8) LCB  107.87c P 23.59% WF  74.3 PSV      69 N      14  --  pass S5
G4  : T  88.14c W 100.00c S -11.86c (+306.9 L +309.7) LCB -262.00c P  3.61% WF   3.2 PSV       0 N       1  --  G4
G3  : T  88.19c W 100.00c S -11.81c (+307.0 L +309.8) LCB -261.81c P  3.47% WF   3.1 PSV       0 N       1  --  G3
F13 : T  88.26c W 100.00c S -11.74c (+307.5 L +310.3) LCB -261.88c P  3.07% WF   3.4 PSV       0 N       1  --  F13
P18 : T  88.14c W 100.00c S -11.86c (+306.8 L +309.6) LCB -261.86c P  2.72% WF   3.2 PSV       0 N       1  --  P18
Q19 : T  87.98c W 100.00c S -12.02c (+306.2 L +308.9) LCB -262.02c P  2.69% WF   3.2 PSV       0 N       1  --  Q19
S5  : T  88.32c W 100.00c S -11.68c (+307.4 L +310.5) LCB -261.82c P  2.46% WF   3.1 PSV       0 N       1  --  S5
N3  : T  87.98c W 100.00c S -12.02c (+306.3 L +309.0) LCB -262.02c P  2.31% WF   3.2 PSV       0 N       1  --  N3
F15 : T  88.33c W 100.00c S -11.67c (+307.8 L +310.4) LCB -261.81c P  2.12% WF   3.3 PSV       0 N       1  --  F15
Q12 : T  88.13c W 100.00c S -11.87c (+306.9 L +309.5) LCB -261.87c P  1.96% WF   3.2 PSV       0 N       1  --  Q12

2025-11-16 20:57:04-0500: play pass
2025-11-16 20:57:04-0500: Controller: kata-set-param maxVisits 100
2025-11-16 20:57:04-0500: = 
2025-11-16 20:57:04-0500: Controller: kata-genmove_analyze b
2025-11-16 20:57:04-0500: =
2025-11-16 20:57:04-0500: MoveNum: 0 HASH: A9048A049F5056910B148E5F089B2B04
   A B C D E F G H J K L M N O P Q R S T
19 . . . . . . . . . X . . . . X . . X .
18 X X X X . . . . X . X . . . . X X . X
17 . . . X . . . . . X X . . . . X . X .
16 . . . X X . . . . X X . . . . X X X .
15 . X X X . . . . . . . . . . . X X . X
14 X X X . X . . . . . . . . . . X X X .
13 X X . X . . . . . . . . . . . X . X .
12 . . X . X . . . . X . . . . . . X . X
11 X X X X . . . . . X . . . . . . . X .
10 X . X . . . . . . X . . . . . X X X .
 9 X X . . . . . . . . . . . . . X . X X
 8 . . . . . . . . . . . . . . X . X . .
 7 . . . . . . . . . X . . . . . X X X X
 6 . . . X . . . X X X . . . . . X . . .
 5 . . . X . . . X . X . . . . . X . . X
 4 . . . X . . . . X X X . . . . X X . .
 3 . X X X X X . X X . X X . . . X X X X
 2 . X . . X . X . X X X . X . . X . X .
 1 X X . . . X X X . . . X . . . . X . .

koPOSITIONALscoreAREAtaxNONEsui1komi7.5
Time taken: 0.001701
Root visits: 42
New playouts: 42
NN rows: 0
NN batches: 0
NN avg batch size: -nan
PlayoutDoublingAdvantage: -2.75
PV: pass S5
Tree:
: T  99.78c W 100.00c S  -0.91c (+321.3 L +322.3) N      42  --  pass S5
---Black(^)---
pss : T 118.36c W 100.00c S  16.92c (+344.7 L +343.3) LCB  102.21c P 23.59% WF  54.4 PSV      50 N      10  --  pass S5
G4  : T  88.14c W 100.00c S -11.86c (+306.9 L +309.7) LCB -262.00c P  3.61% WF   3.3 PSV       0 N       1  --  G4
G3  : T  88.19c W 100.00c S -11.81c (+307.0 L +309.8) LCB -261.81c P  3.47% WF   3.2 PSV       0 N       1  --  G3
F13 : T  88.26c W 100.00c S -11.74c (+307.5 L +310.3) LCB -261.88c P  3.07% WF   3.4 PSV       0 N       1  --  F13
P18 : T  88.14c W 100.00c S -11.86c (+306.8 L +309.6) LCB -261.86c P  2.72% WF   3.2 PSV       0 N       1  --  P18
Q19 : T  87.98c W 100.00c S -12.02c (+306.2 L +308.9) LCB -262.02c P  2.69% WF   3.3 PSV       0 N       1  --  Q19
S5  : T  88.32c W 100.00c S -11.68c (+307.4 L +310.5) LCB -261.82c P  2.46% WF   3.2 PSV       0 N       1  --  S5
N3  : T  87.98c W 100.00c S -12.02c (+306.3 L +309.0) LCB -262.02c P  2.31% WF   3.3 PSV       0 N       1  --  N3
F15 : T  88.33c W 100.00c S -11.67c (+307.8 L +310.4) LCB -261.81c P  2.12% WF   3.4 PSV       0 N       1  --  F15
Q12 : T  88.13c W 100.00c S -11.87c (+306.9 L +309.5) LCB -261.87c P  1.96% WF   3.2 PSV       0 N       1  --  Q12

2025-11-16 20:57:04-0500: play pass
2025-11-16 20:57:04-0500: Controller: kata-set-param maxVisits 100
2025-11-16 20:57:04-0500: = 
2025-11-16 20:57:04-0500: Controller: kata-genmove_analyze b
2025-11-16 20:57:04-0500: =
2025-11-16 20:57:04-0500: MoveNum: 0 HASH: A9048A049F5056910B148E5F089B2B04
   A B C D E F G H J K L M N O P Q R S T
19 . . . . . . . . . X . . . . X . . X .
18 X X X X . . . . X . X . . . . X X . X
17 . . . X . . . . . X X . . . . X . X .
16 . . . X X . . . . X X . . . . X X X .
15 . X X X . . . . . . . . . . . X X . X
14 X X X . X . . . . . . . . . . X X X .
13 X X . X . . . . . . . . . . . X . X .
12 . . X . X . . . . X . . . . . . X . X
11 X X X X . . . . . X . . . . . . . X .
10 X . X . . . . . . X . . . . . X X X .
 9 X X . . . . . . . . . . . . . X . X X
 8 . . . . . . . . . . . . . . X . X . .
 7 . . . . . . . . . X . . . . . X X X X
 6 . . . X . . . X X X . . . . . X . . .
 5 . . . X . . . X . X . . . . . X . . X
 4 . . . X . . . . X X X . . . . X X . .
 3 . X X X X X . X X . X X . . . X X X X
 2 . X . . X . X . X X X . X . . X . X .
 1 X X . . . X X X . . . X . . . . X . .

koPOSITIONALscoreAREAtaxNONEsui1komi7.5
Time taken: 0.00190948
Root visits: 42
New playouts: 42
NN rows: 0
NN batches: 0
NN avg batch size: -nan
PlayoutDoublingAdvantage: -2.75
PV: pass S5
Tree:
: T 103.02c W 100.00c S   1.84c (+325.3 L +325.9) N      42  --  pass S5
---Black(^)---
pss : T 118.85c W 100.00c S  17.69c (+345.3 L +343.8) LCB  107.87c P 23.59% WF  74.2 PSV      69 N      14  --  pass S5
G4  : T  88.14c W 100.00c S -11.86c (+306.9 L +309.7) LCB -262.00c P  3.61% WF   3.2 PSV       0 N       1  --  G4
G3  : T  88.19c W 100.00c S -11.81c (+307.0 L +309.8) LCB -261.81c P  3.47% WF   3.1 PSV       0 N       1  --  G3
F13 : T  88.26c W 100.00c S -11.74c (+307.5 L +310.3) LCB -261.88c P  3.07% WF   3.4 PSV       0 N       1  --  F13
P18 : T  88.14c W 100.00c S -11.86c (+306.8 L +309.6) LCB -261.86c P  2.72% WF   3.2 PSV       0 N       1  --  P18
Q19 : T  87.98c W 100.00c S -12.02c (+306.2 L +308.9) LCB -262.02c P  2.69% WF   3.2 PSV       0 N       1  --  Q19
S5  : T  88.32c W 100.00c S -11.68c (+307.4 L +310.5) LCB -261.82c P  2.46% WF   3.1 PSV       0 N       1  --  S5
N3  : T  87.98c W 100.00c S -12.02c (+306.3 L +309.0) LCB -262.02c P  2.31% WF   3.2 PSV       0 N       1  --  N3
F15 : T  88.33c W 100.00c S -11.67c (+307.8 L +310.4) LCB -261.81c P  2.12% WF   3.3 PSV       0 N       1  --  F15
Q12 : T  88.13c W 100.00c S -11.87c (+306.9 L +309.5) LCB -261.87c P  1.96% WF   3.2 PSV       0 N       1  --  Q12

2025-11-16 20:57:04-0500: play pass
2025-11-16 20:57:04-0500: Controller: kata-set-param maxVisits 100
2025-11-16 20:57:04-0500: = 
2025-11-16 20:57:04-0500: Controller: kata-genmove_analyze b
2025-11-16 20:57:04-0500: =
2025-11-16 20:57:04-0500: MoveNum: 0 HASH: A9048A049F5056910B148E5F089B2B04
   A B C D E F G H J K L M N O P Q R S T
19 . . . . . . . . . X . . . . X . . X .
18 X X X X . . . . X . X . . . . X X . X
17 . . . X . . . . . X X . . . . X . X .
16 . . . X X . . . . X X . . . . X X X .
15 . X X X . . . . . . . . . . . X X . X
14 X X X . X . . . . . . . . . . X X X .
13 X X . X . . . . . . . . . . . X . X .
12 . . X . X . . . . X . . . . . . X . X
11 X X X X . . . . . X . . . . . . . X .
10 X . X . . . . . . X . . . . . X X X .
 9 X X . . . . . . . . . . . . . X . X X
 8 . . . . . . . . . . . . . . X . X . .
 7 . . . . . . . . . X . . . . . X X X X
 6 . . . X . . . X X X . . . . . X . . .
 5 . . . X . . . X . X . . . . . X . . X
 4 . . . X . . . . X X X . . . . X X . .
 3 . X X X X X . X X . X X . . . X X X X
 2 . X . . X . X . X X X . X . . X . X .
 1 X X . . . X X X . . . X . . . . X . .

koPOSITIONALscoreAREAtaxNONEsui1komi7.5
Time taken: 0.00160232
Root visits: 43
New playouts: 43
NN rows: 0
NN batches: 0
NN avg batch size: -nan
PlayoutDoublingAdvantage: -2.75
PV: pass S5
Tree:
: T 102.03c W 100.00c S   1.00c (+324.1 L +324.8) N      43  --  pass S5
---Black(^)---
pss : T 118.78c W 100.00c S  17.57c (+345.2 L +343.7) LCB  106.86c P 23.59% WF  69.5 PSV      64 N      13  --  pass S5
G4  : T  88.14c W 100.00c S -11.86c (+306.9 L +309.7) LCB -262.00c P  3.61% WF   3.2 PSV       0 N       1  --  G4
G3  : T  88.19c W 100.00c S -11.81c (+307.0 L +309.8) LCB -261.81c P  3.47% WF   3.1 PSV       0 N       1  --  G3
F13 : T  88.26c W 100.00c S -11.74c (+307.5 L +310.3) LCB -261.88c P  3.07% WF   3.4 PSV       0 N       1  --  F13
P18 : T  88.14c W 100.00c S -11.86c (+306.8 L +309.6) LCB -261.86c P  2.72% WF   3.2 PSV       0 N       1  --  P18
Q19 : T  87.98c W 100.00c S -12.02c (+306.2 L +308.9) LCB -262.02c P  2.69% WF   3.2 PSV       0 N       1  --  Q19
S5  : T  88.32c W 100.00c S -11.68c (+307.4 L +310.5) LCB -261.82c P  2.46% WF   3.1 PSV       0 N       1  --  S5
N3  : T  87.98c W 100.00c S -12.02c (+306.3 L +309.0) LCB -262.02c P  2.31% WF   3.2 PSV       0 N       1  --  N3
F15 : T  88.33c W 100.00c S -11.67c (+307.8 L +310.4) LCB -261.81c P  2.12% WF   3.3 PSV       0 N       1  --  F15
Q12 : T  88.13c W 100.00c S -11.87c (+306.9 L +309.5) LCB -261.87c P  1.96% WF   3.2 PSV       0 N       1  --  Q12

2025-11-16 20:57:04-0500: play pass
2025-11-16 20:57:04-0500: Controller: kata-set-param maxVisits 300
2025-11-16 20:57:04-0500: = 
2025-11-16 20:57:04-0500: Controller: kata-genmove_analyze b
2025-11-16 20:57:04-0500: =
2025-11-16 20:57:05-0500: MoveNum: 0 HASH: A9048A049F5056910B148E5F089B2B04
   A B C D E F G H J K L M N O P Q R S T
19 . . . . . . . . . X . . . . X . . X .
18 X X X X . . . . X . X . . . . X X . X
17 . . . X . . . . . X X . . . . X . X .
16 . . . X X . . . . X X . . . . X X X .
15 . X X X . . . . . . . . . . . X X . X
14 X X X . X . . . . . . . . . . X X X .
13 X X . X . . . . . . . . . . . X . X .
12 . . X . X . . . . X . . . . . . X . X
11 X X X X . . . . . X . . . . . . . X .
10 X . X . . . . . . X . . . . . X X X .
 9 X X . . . . . . . . . . . . . X . X X
 8 . . . . . . . . . . . . . . X . X . .
 7 . . . . . . . . . X . . . . . X X X X
 6 . . . X . . . X X X . . . . . X . . .
 5 . . . X . . . X . X . . . . . X . . X
 4 . . . X . . . . X X X . . . . X X . .
 3 . X X X X X . X X . X X . . . X X X X
 2 . X . . X . X . X X X . X . . X . X .
 1 X X . . . X X X . . . X . . . . X . .

koPOSITIONALscoreAREAtaxNONEsui1komi7.5
Time taken: 0.96522
Root visits: 126
New playouts: 126
NN rows: 1
NN batches: 1
NN avg batch size: 1
PlayoutDoublingAdvantage: -2.75
PV: pass S5 T4 O18
Tree:
: T 107.82c W 100.00c S   5.68c (+331.0 L +330.7) N     126  --  pass S5 T4 O18
---Black(^)---
pss : T 119.19c W 100.00c S  17.04c (+345.0 L +343.1) LCB  114.69c P 23.59% WF 317.5 PSV     299 N      63  --  pass S5 T4 O18
G4  : T  88.14c W 100.00c S -11.86c (+306.9 L +309.7) LCB -262.00c P  3.61% WF   3.1 PSV       1 N       1  --  G4
G3  : T  88.19c W 100.00c S -11.81c (+307.0 L +309.8) LCB -261.81c P  3.47% WF   3.0 PSV       1 N       1  --  G3
F13 : T  88.26c W 100.00c S -11.74c (+307.5 L +310.3) LCB -261.88c P  3.07% WF   3.3 PSV       1 N       1  --  F13
P18 : T  88.14c W 100.00c S -11.86c (+306.8 L +309.6) LCB -261.86c P  2.72% WF   3.1 PSV       1 N       1  --  P18
Q19 : T  87.98c W 100.00c S -12.02c (+306.2 L +308.9) LCB -262.02c P  2.69% WF   3.1 PSV       1 N       1  --  Q19
S5  : T  88.32c W 100.00c S -11.68c (+307.4 L +310.5) LCB -261.82c P  2.46% WF   3.0 PSV       1 N       1  --  S5
N3  : T  87.98c W 100.00c S -12.02c (+306.3 L +309.0) LCB -262.02c P  2.31% WF   3.1 PSV       1 N       1  --  N3
F15 : T  88.33c W 100.00c S -11.67c (+307.8 L +310.4) LCB -261.81c P  2.12% WF   3.2 PSV       0 N       1  --  F15
Q12 : T  88.13c W 100.00c S -11.87c (+306.9 L +309.5) LCB -261.87c P  1.96% WF   3.1 PSV       0 N       1  --  Q12

2025-11-16 20:57:05-0500: play pass
2025-11-16 20:57:05-0500: Controller: kata-set-param maxVisits 100
2025-11-16 20:57:05-0500: = 
2025-11-16 20:57:05-0500: Controller: kata-genmove_analyze b
2025-11-16 20:57:05-0500: =
2025-11-16 20:57:05-0500: MoveNum: 0 HASH: A9048A049F5056910B148E5F089B2B04
   A B C D E F G H J K L M N O P Q R S T
19 . . . . . . . . . X . . . . X . . X .
18 X X X X . . . . X . X . . . . X X . X
17 . . . X . . . . . X X . . . . X . X .
16 . . . X X . . . . X X . . . . X X X .
15 . X X X . . . . . . . . . . . X X . X
14 X X X . X . . . . . . . . . . X X X .
13 X X . X . . . . . . . . . . . X . X .
12 . . X . X . . . . X . . . . . . X . X
11 X X X X . . . . . X . . . . . . . X .
10 X . X . . . . . . X . . . . . X X X .
 9 X X . . . . . . . . . . . . . X . X X
 8 . . . . . . . . . . . . . . X . X . .
 7 . . . . . . . . . X . . . . . X X X X
 6 . . . X . . . X X X . . . . . X . . .
 5 . . . X . . . X . X . . . . . X . . X
 4 . . . X . . . . X X X . . . . X X . .
 3 . X X X X X . X X . X X . . . X X X X
 2 . X . . X . X . X X X . X . . X . X .
 1 X X . . . X X X . . . X . . . . X . .

koPOSITIONALscoreAREAtaxNONEsui1komi7.5
Time taken: 0.00167803
Root visits: 42
New playouts: 42
NN rows: 0
NN batches: 0
NN avg batch size: -nan
PlayoutDoublingAdvantage: -2.75
PV: pass S5
Tree:
: T 100.58c W 100.00c S  -0.23c (+322.3 L +323.2) N      42  --  pass S5
---Black(^)---
pss : T 118.44c W 100.00c S  17.09c (+344.8 L +343.4) LCB  104.01c P 23.59% WF  59.2 PSV      55 N      11  --  pass S5
G4  : T  88.14c W 100.00c S -11.86c (+306.9 L +309.7) LCB -262.00c P  3.61% WF   3.3 PSV       0 N       1  --  G4
G3  : T  88.19c W 100.00c S -11.81c (+307.0 L +309.8) LCB -261.81c P  3.47% WF   3.1 PSV       0 N       1  --  G3
F13 : T  88.26c W 100.00c S -11.74c (+307.5 L +310.3) LCB -261.88c P  3.07% WF   3.4 PSV       0 N       1  --  F13
P18 : T  88.14c W 100.00c S -11.86c (+306.8 L +309.6) LCB -261.86c P  2.72% WF   3.2 PSV       0 N       1  --  P18
Q19 : T  87.98c W 100.00c S -12.02c (+306.2 L +308.9) LCB -262.02c P  2.69% WF   3.3 PSV       0 N       1  --  Q19
S5  : T  88.32c W 100.00c S -11.68c (+307.4 L +310.5) LCB -261.82c P  2.46% WF   3.2 PSV       0 N       1  --  S5
N3  : T  87.98c W 100.00c S -12.02c (+306.3 L +309.0) LCB -262.02c P  2.31% WF   3.2 PSV       0 N       1  --  N3
F15 : T  88.33c W 100.00c S -11.67c (+307.8 L +310.4) LCB -261.81c P  2.12% WF   3.4 PSV       0 N       1  --  F15
Q12 : T  88.13c W 100.00c S -11.87c (+306.9 L +309.5) LCB -261.87c P  1.96% WF   3.2 PSV       0 N       1  --  Q12

2025-11-16 20:57:05-0500: play pass
2025-11-16 20:57:05-0500: Controller: kata-set-param maxVisits 100
2025-11-16 20:57:05-0500: = 
2025-11-16 20:57:05-0500: Controller: kata-genmove_analyze b
2025-11-16 20:57:05-0500: =
2025-11-16 20:57:05-0500: MoveNum: 0 HASH: A9048A049F5056910B148E5F089B2B04
   A B C D E F G H J K L M N O P Q R S T
19 . . . . . . . . . X . . . . X . . X .
18 X X X X . . . . X . X . . . . X X . X
17 . . . X . . . . . X X . . . . X . X .
16 . . . X X . . . . X X . . . . X X X .
15 . X X X . . . . . . . . . . . X X . X
14 X X X . X . . . . . . . . . . X X X .
13 X X . X . . . . . . . . . . . X . X .
12 . . X . X . . . . X . . . . . . X . X
11 X X X X . . . . . X . . . . . . . X .
10 X . X . . . . . . X . . . . . X X X .
 9 X X . . . . . . . . . . . . . X . X X
 8 . . . . . . . . . . . . . . X . X . .
 7 . . . . . . . . . X . . . . . X X X X
 6 . . . X . . . X X X . . . . . X . . .
 5 . . . X . . . X . X . . . . . X . . X
 4 . . . X . . . . X X X . . . . X X . .
 3 . X X X X X . X X . X X . . . X X X X
 2 . X . . X . X . X X X . X . . X . X .
 1 X X . . . X X X . . . X . . . . X . .

koPOSITIONALscoreAREAtaxNONEsui1komi7.5
Time taken: 0.00151438
Root visits: 43
New playouts: 43
NN rows: 0
NN batches: 0
NN avg batch size: -nan
PlayoutDoublingAdvantage: -2.75
PV: pass S5
Tree:
: T 102.03c W 100.00c S   1.00c (+324.1 L +324.8) N      43  --  pass S5
---Black(^)---
pss : T 118.78c W 100.00c S  17.57c (+345.2 L +343.7) LCB  106.86c P 23.59% WF  69.5 PSV      64 N      13  --  pass S5
G4  : T  88.14c W 100.00c S -11.86c (+306.9 L +309.7) LCB -262.00c P  3.61% WF   3.2 PSV       0 N       1  --  G4
G3  : T  88.19c W 100.00c S -11.81c (+307.0 L +309.8) LCB -261.81c P  3.47% WF   3.1 PSV       0 N       1  --  G3
F13 : T  88.26c W 100.00c S -11.74c (+307.5 L +310.3) LCB -261.88c P  3.07% WF   3.4 PSV       0 N       1  --  F13
P18 : T  88.14c W 100.00c S -11.86c (+306.8 L +309.6) LCB -261.86c P  2.72% WF   3.2 PSV       0 N       1  --  P18
Q19 : T  87.98c W 100.00c S -12.02c (+306.2 L +308.9) LCB -262.02c P  2.69% WF   3.2 PSV       0 N       1  --  Q19
S5  : T  88.32c W 100.00c S -11.68c (+307.4 L +310.5) LCB -261.82c P  2.46% WF   3.1 PSV       0 N       1  --  S5
N3  : T  87.98c W 100.00c S -12.02c (+306.3 L +309.0) LCB -262.02c P  2.31% WF   3.2 PSV       0 N       1  --  N3
F15 : T  88.33c W 100.00c S -11.67c (+307.8 L +310.4) LCB -261.81c P  2.12% WF   3.3 PSV       0 N       1  --  F15
Q12 : T  88.13c W 100.00c S -11.87c (+306.9 L +309.5) LCB -261.87c P  1.96% WF   3.2 PSV       0 N       1  --  Q12

2025-11-16 20:57:05-0500: play pass
2025-11-16 20:57:05-0500: Controller: kata-set-param maxVisits 100
2025-11-16 20:57:05-0500: = 
2025-11-16 20:57:05-0500: Controller: kata-genmove_analyze b
2025-11-16 20:57:05-0500: =
2025-11-16 20:57:05-0500: MoveNum: 0 HASH: A9048A049F5056910B148E5F089B2B04
   A B C D E F G H J K L M N O P Q R S T
19 . . . . . . . . . X . . . . X . . X .
18 X X X X . . . . X . X . . . . X X . X
17 . . . X . . . . . X X . . . . X . X .
16 . . . X X . . . . X X . . . . X X X .
15 . X X X . . . . . . . . . . . X X . X
14 X X X . X . . . . . . . . . . X X X .
13 X X . X . . . . . . . . . . . X . X .
12 . . X . X . . . . X . . . . . . X . X
11 X X X X . . . . . X . . . . . . . X .
10 X . X . . . . . . X . . . . . X X X .
 9 X X . . . . . . . . . . . . . X . X X
 8 . . . . . . . . . . . . . . X . X . .
 7 . . . . . . . . . X . . . . . X X X X
 6 . . . X . . . X X X . . . . . X . . .
 5 . . . X . . . X . X . . . . . X . . X
 4 . . . X . . . . X X X . . . . X X . .
 3 . X X X X X . X X . X X . . . X X X X
 2 . X . . X . X . X X X . X . . X . X .
 1 X X . . . X X X . . . X . . . . X . .

koPOSITIONALscoreAREAtaxNONEsui1komi7.5
Time taken: 0.00129579
Root visits: 42
New playouts: 42
NN rows: 0
NN batches: 0
NN avg batch size: -nan
PlayoutDoublingAdvantage: -2.75
PV: pass S5
Tree:
: T 101.42c W 100.00c S   0.48c (+323.3 L +324.1) N      42  --  pass S5
---Black(^)---
pss : T 118.59c W 100.00c S  17.31c (+344.9 L +343.5) LCB  105.55c P 23.59% WF  64.3 PSV      60 N      12  --  pass S5
G4  : T  88.14c W 100.00c S -11.86c (+306.9 L +309.7) LCB -262.00c P  3.61% WF   3.2 PSV       0 N       1  --  G4
G3  : T  88.19c W 100.00c S -11.81c (+307.0 L +309.8) LCB -261.81c P  3.47% WF   3.1 PSV       0 N       1  --  G3
F13 : T  88.26c W 100.00c S -11.74c (+307.5 L +310.3) LCB -261.88c P  3.07% WF   3.4 PSV       0 N       1  --  F13
P18 : T  88.14c W 100.00c S -11.86c (+306.8 L +309.6) LCB -261.86c P  2.72% WF   3.2 PSV       0 N       1  --  P18
Q19 : T  87.98c W 100.00c S -12.02c (+306.2 L +308.9) LCB -262.02c P  2.69% WF   3.3 PSV       0 N       1  --  Q19
S5  : T  88.32c W 100.00c S -11.68c (+307.4 L +310.5) LCB -261.82c P  2.46% WF   3.2 PSV       0 N       1  --  S5
N3  : T  87.98c W 100.00c S -12.02c (+306.3 L +309.0) LCB -262.02c P  2.31% WF   3.2 PSV       0 N       1  --  N3
F15 : T  88.33c W 100.00c S -11.67c (+307.8 L +310.4) LCB -261.81c P  2.12% WF   3.3 PSV       0 N       1  --  F15
Q12 : T  88.13c W 100.00c S -11.87c (+306.9 L +309.5) LCB -261.87c P  1.96% WF   3.2 PSV       0 N       1  --  Q12

2025-11-16 20:57:05-0500: play pass
2025-11-16 20:57:05-0500: Controller: kata-set-param maxVisits 300
2025-11-16 20:57:05-0500: = 
2025-11-16 20:57:05-0500: Controller: kata-genmove_analyze b
2025-11-16 20:57:05-0500: =
2025-11-16 20:57:05-0500: MoveNum: 0 HASH: A9048A049F5056910B148E5F089B2B04
   A B C D E F G H J K L M N O P Q R S T
19 . . . . . . . . . X . . . . X . . X .
18 X X X X . . . . X . X . . . . X X . X
17 . . . X . . . . . X X . . . . X . X .
16 . . . X X . . . . X X . . . . X X X .
15 . X X X . . . . . . . . . . . X X . X
14 X X X . X . . . . . . . . . . X X X .
13 X X . X . . . . . . . . . . . X . X .
12 . . X . X . . . . X . . . . . . X . X
11 X X X X . . . . . X . . . . . . . X .
10 X . X . . . . . . X . . . . . X X X .
 9 X X . . . . . . . . . . . . . X . X X
 8 . . . . . . . . . . . . . . X . X . .
 7 . . . . . . . . . X . . . . . X X X X
 6 . . . X . . . X X X . . . . . X . . .
 5 . . . X . . . X . X . . . . . X . . X
 4 . . . X . . . . X X X . . . . X X . .
 3 . X X X X X . X X . X X . . . X X X X
 2 . X . . X . X . X X X . X . . X . X .
 1 X X . . . X X X . . . X . . . . X . .

koPOSITIONALscoreAREAtaxNONEsui1komi7.5
Time taken: 0.00310012
Root visits: 126
New playouts: 126
NN rows: 0
NN batches: 0
NN avg batch size: -nan
PlayoutDoublingAdvantage: -2.75
PV: pass S5 T4 G18
Tree:
: T 108.03c W 100.00c S   5.87c (+331.3 L +331.0) N     126  --  pass S5 T4 G18
---Black(^)---
pss : T 119.22c W 100.00c S  17.09c (+345.1 L +343.1) LCB  114.77c P 23.59% WF 321.7 PSV     303 N      64  --  pass S5 T4 G18
G4  : T  88.14c W 100.00c S -11.86c (+306.9 L +309.7) LCB -262.00c P  3.61% WF   3.1 PSV       1 N       1  --  G4
G3  : T  88.19c W 100.00c S -11.81c (+307.0 L +309.8) LCB -261.81c P  3.47% WF   3.0 PSV       1 N       1  --  G3
F13 : T  88.26c W 100.00c S -11.74c (+307.5 L +310.3) LCB -261.88c P  3.07% WF   3.3 PSV       1 N       1  --  F13
P18 : T  88.14c W 100.00c S -11.86c (+306.8 L +309.6) LCB -261.86c P  2.72% WF   3.1 PSV       1 N       1  --  P18
Q19 : T  87.98c W 100.00c S -12.02c (+306.2 L +308.9) LCB -262.02c P  2.69% WF   3.1 PSV       1 N       1  --  Q19
S5  : T  88.32c W 100.00c S -11.68c (+307.4 L +310.5) LCB -261.82c P  2.46% WF   3.0 PSV       1 N       1  --  S5
N3  : T  87.98c W 100.00c S -12.02c (+306.3 L +309.0) LCB -262.02c P  2.31% WF   3.1 PSV       1 N       1  --  N3
F15 : T  88.33c W 100.00c S -11.67c (+307.8 L +310.4) LCB -261.81c P  2.12% WF   3.2 PSV       0 N       1  --  F15
Q12 : T  88.13c W 100.00c S -11.87c (+306.9 L +309.5) LCB -261.87c P  1.96% WF   3.1 PSV       0 N       1  --  Q12

2025-11-16 20:57:05-0500: play pass
2025-11-16 20:57:05-0500: Controller: kata-set-param maxVisits 100
2025-11-16 20:57:05-0500: = 
2025-11-16 20:57:05-0500: Controller: kata-genmove_analyze b
2025-11-16 20:57:05-0500: =
2025-11-16 20:57:05-0500: MoveNum: 0 HASH: A9048A049F5056910B148E5F089B2B04
   A B C D E F G H J K L M N O P Q R S T
19 . . . . . . . . . X . . . . X . . X .
18 X X X X . . . . X . X . . . . X X . X
17 . . . X . . . . . X X . . . . X . X .
16 . . . X X . . . . X X . . . . X X X .
15 . X X X . . . . . . . . . . . X X . X
14 X X X . X . . . . . . . . . . X X X .
13 X X . X . . . . . . . . . . . X . X .
12 . . X . X . . . . X . . . . . . X . X
11 X X X X . . . . . X . . . . . . . X .
10 X . X . . . . . . X . . . . . X X X .
 9 X X . . . . . . . . . . . . . X . X X
 8 . . . . . . . . . . . . . . X . X . .
 7 . . . . . . . . . X . . . . . X X X X
 6 . . . X . . . X X X . . . . . X . . .
 5 . . . X . . . X . X . . . . . X . . X
 4 . . . X . . . . X X X . . . . X X . .
 3 . X X X X X . X X . X X . . . X X X X
 2 . X . . X . X . X X X . X . . X . X .
 1 X X . . . X X X . . . X . . . . X . .

koPOSITIONALscoreAREAtaxNONEsui1komi7.5
Time taken: 0.00182016
Root visits: 42
New playouts: 42
NN rows: 0
NN batches: 0
NN avg batch size: -nan
PlayoutDoublingAdvantage: -2.75
PV: pass S5
Tree:
: T  99.78c W 100.00c S  -0.91c (+321.3 L +322.3) N      42  --  pass S5
---Black(^)---
pss : T 118.36c W 100.00c S  16.92c (+344.7 L +343.3) LCB  102.21c P 23.59% WF  54.4 PSV      50 N      10  --  pass S5
G4  : T  88.14c W 100.00c S -11.86c (+306.9 L +309.7) LCB -262.00c P  3.61% WF   3.3 PSV       0 N       1  --  G4
G3  : T  88.19c W 100.00c S -11.81c (+307.0 L +309.8) LCB -261.81c P  3.47% WF   3.2 PSV       0 N       1  --  G3
F13 : T  88.26c W 100.00c S -11.74c (+307.5 L +310.3) LCB -261.88c P  3.07% WF   3.4 PSV       0 N       1  --  F13
P18 : T  88.14c W 100.00c S -11.86c (+306.8 L +309.6) LCB -261.86c P  2.72% WF   3.2 PSV       0 N       1  --  P18
Q19 : T  87.98c W 100.00c S -12.02c (+306.2 L +308.9) LCB -262.02c P  2.69% WF   3.3 PSV       0 N       1  --  Q19
S5  : T  88.32c W 100.00c S -11.68c (+307.4 L +310.5) LCB -261.82c P  2.46% WF   3.2 PSV       0 N       1  --  S5
N3  : T  87.98c W 100.00c S -12.02c (+306.3 L +309.0) LCB -262.02c P  2.31% WF   3.3 PSV       0 N       1  --  N3
F15 : T  88.33c W 100.00c S -11.67c (+307.8 L +310.4) LCB -261.81c P  2.12% WF   3.4 PSV       0 N       1  --  F15
Q12 : T  88.13c W 100.00c S -11.87c (+306.9 L +309.5) LCB -261.87c P  1.96% WF   3.2 PSV       0 N       1  --  Q12

2025-11-16 20:57:05-0500: play pass
2025-11-16 20:57:05-0500: Controller: kata-set-param maxVisits 100
2025-11-16 20:57:05-0500: = 
2025-11-16 20:57:05-0500: Controller: kata-genmove_analyze b
2025-11-16 20:57:05-0500: =
2025-11-16 20:57:05-0500: MoveNum: 0 HASH: A9048A049F5056910B148E5F089B2B04
   A B C D E F G H J K L M N O P Q R S T
19 . . . . . . . . . X . . . . X . . X .
18 X X X X . . . . X . X . . . . X X . X
17 . . . X . . . . . X X . . . . X . X .
16 . . . X X . . . . X X . . . . X X X .
15 . X X X . . . . . . . . . . . X X . X
14 X X X . X . . . . . . . . . . X X X .
13 X X . X . . . . . . . . . . . X . X .
12 . . X . X . . . . X . . . . . . X . X
11 X X X X . . . . . X . . . . . . . X .
10 X . X . . . . . . X . . . . . X X X .
 9 X X . . . . . . . . . . . . . X . X X
 8 . . . . . . . . . . . . . . X . X . .
 7 . . . . . . . . . X . . . . . X X X X
 6 . . . X . . . X X X . . . . . X . . .
 5 . . . X . . . X . X . . . . . X . . X
 4 . . . X . . . . X X X . . . . X X . .
 3 . X X X X X . X X . X X . . . X X X X
 2 . X . . X . X . X X X . X . . X . X .
 1 X X . . . X X X . . . X . . . . X . .

koPOSITIONALscoreAREAtaxNONEsui1komi7.5
Time taken: 0.00164142
Root visits: 42
New playouts: 42
NN rows: 0
NN batches: 0
NN avg batch size: -nan
PlayoutDoublingAdvantage: -2.75
PV: pass S5
Tree:
: T 100.58c W 100.00c S  -0.23c (+322.3 L +323.2) N      42  --  pass S5
---Black(^)---
pss : T 118.44c W 100.00c S  17.09c (+344.8 L +343.4) LCB  104.01c P 23.59% WF  59.2 PSV      55 N      11  --  pass S5
G4  : T  88.14c W 100.00c S -11.86c (+306.9 L +309.7) LCB -262.00c P  3.61% WF   3.3 PSV       0 N       1  --  G4
G3  : T  88.19c W 100.00c S -11.81c (+307.0 L +309.8) LCB -261.81c P  3.47% WF   3.1 PSV       0 N       1  --  G3
F13 : T  88.26c W 100.00c S -11.74c (+307.5 L +310.3) LCB -261.88c P  3.07% WF   3.4 PSV       0 N       1  --  F13
P18 : T  88.14c W 100.00c S -11.86c (+306.8 L +309.6) LCB -261.86c P  2.72% WF   3.2 PSV       0 N       1  --  P18
Q19 : T  87.98c W 100.00c S -12.02c (+306.2 L +308.9) LCB -262.02c P  2.69% WF   3.3 PSV       0 N       1  --  Q19
S5  : T  88.32c W 100.00c S -11.68c (+307.4 L +310.5) LCB -261.82c P  2.46% WF   3.2 PSV       0 N       1  --  S5
N3  : T  87.98c W 100.00c S -12.02c (+306.3 L +309.0) LCB -262.02c P  2.31% WF   3.2 PSV       0 N       1  --  N3
F15 : T  88.33c W 100.00c S -11.67c (+307.8 L +310.4) LCB -261.81c P  2.12% WF   3.4 PSV       0 N       1  --  F15
Q12 : T  88.13c W 100.00c S -11.87c (+306.9 L +309.5) LCB -261.87c P  1.96% WF   3.2 PSV       0 N       1  --  Q12

2025-11-16 20:57:05-0500: play pass
2025-11-16 20:57:05-0500: Controller: kata-set-param maxVisits 300
2025-11-16 20:57:05-0500: = 
2025-11-16 20:57:05-0500: Controller: kata-genmove_analyze b
2025-11-16 20:57:05-0500: =
2025-11-16 20:57:05-0500: MoveNum: 0 HASH: A9048A049F5056910B148E5F089B2B04
   A B C D E F G H J K L M N O P Q R S T
19 . . . . . . . . . X . . . . X . . X .
18 X X X X . . . . X . X . . . . X X . X
17 . . . X . . . . . X X . . . . X . X .
16 . . . X X . . . . X X . . . . X X X .
15 . X X X . . . . . . . . . . . X X . X
14 X X X . X . . . . . . . . . . X X X .
13 X X . X . . . . . . . . . . . X . X .
12 . . X . X . . . . X . . . . . . X . X
11 X X X X . . . . . X . . . . . . . X .
10 X . X . . . . . . X . . . . . X X X .
 9 X X . . . . . . . . . . . . . X . X X
 8 . . . . . . . . . . . . . . X . X . .
 7 . . . . . . . . . X . . . . . X X X X
 6 . . . X . . . X X X . . . . . X . . .
 5 . . . X . . . X . X . . . . . X . . X
 4 . . . X . . . . X X X . . . . X X . .
 3 . X X X X X . X X . X X . . . X X X X
 2 . X . . X . X . X X X . X . . X . X .
 1 X X . . . X X X . . . X . . . . X . .

koPOSITIONALscoreAREAtaxNONEsui1komi7.5
Time taken: 0.00280144
Root visits: 126
New playouts: 126
NN rows: 0
NN batches: 0
NN avg batch size: -nan
PlayoutDoublingAdvantage: -2.75
PV: pass S5 S6 G18
Tree:
: T 107.98c W 100.00c S   5.91c (+331.3 L +331.1) N     126  --  pass S5 S6 G18
---Black(^)---
pss : T 118.91c W 100.00c S  16.99c (+344.9 L +343.0) LCB  114.23c P 23.59% WF 323.5 PSV     305 N      65  --  pass S5 S6 G18
G4  : T  88.14c W 100.00c S -11.86c (+306.9 L +309.7) LCB -262.00c P  3.61% WF   3.1 PSV       1 N       1  --  G4
G3  : T  88.19c W 100.00c S -11.81c (+307.0 L +309.8) LCB -261.81c P  3.47% WF   3.0 PSV       1 N       1  --  G3
F13 : T  88.26c W 100.00c S -11.74c (+307.5 L +310.3) LCB -261.88c P  3.07% WF   3.3 PSV       1 N       1  --  F13
P18 : T  88.14c W 100.00c S -11.86c (+306.8 L +309.6) LCB -261.86c P  2.72% WF   3.1 PSV       1 N       1  --  P18
Q19 : T  87.98c W 100.00c S -12.02c (+306.2 L +308.9) LCB -262.02c P  2.69% WF   3.1 PSV       1 N       1  --  Q19
S5  : T  88.32c W 100.00c S -11.68c (+307.4 L +310.5) LCB -261.82c P  2.46% WF   3.0 PSV       1 N       1  --  S5
N3  : T  87.98c W 100.00c S -12.02c (+306.3 L +309.0) LCB -262.02c P  2.31% WF   3.1 PSV       1 N       1  --  N3
F15 : T  88.33c W 100.00c S -11.67c (+307.8 L +310.4) LCB -261.81c P  2.12% WF   3.2 PSV       1 N       1  --  F15
Q12 : T  88.13c W 100.00c S -11.87c (+306.9 L +309.5) LCB -261.87c P  1.96% WF   3.1 PSV       0 N       1  --  Q12

2025-11-16 20:57:05-0500: play pass
2025-11-16 20:57:05-0500: Controller: kata-set-param maxVisits 100
2025-11-16 20:57:05-0500: = 
2025-11-16 20:57:05-0500: Controller: kata-genmove_analyze b
2025-11-16 20:57:05-0500: =
2025-11-16 20:57:05-0500: MoveNum: 0 HASH: A9048A049F5056910B148E5F089B2B04
   A B C D E F G H J K L M N O P Q R S T
19 . . . . . . . . . X . . . . X . . X .
18 X X X X . . . . X . X . . . . X X . X
17 . . . X . . . . . X X . . . . X . X .
16 . . . X X . . . . X X . . . . X X X .
15 . X X X . . . . . . . . . . . X X . X
14 X X X . X . . . . . . . . . . X X X .
13 X X . X . . . . . . . . . . . X . X .
12 . . X . X . . . . X . . . . . . X . X
11 X X X X . . . . . X . . . . . . . X .
10 X . X . . . . . . X . . . . . X X X .
 9 X X . . . . . . . . . . . . . X . X X
 8 . . . . . . . . . . . . . . X . X . .
 7 . . . . . . . . . X . . . . . X X X X
 6 . . . X . . . X X X . . . . . X . . .
 5 . . . X . . . X . X . . . . . X . . X
 4 . . . X . . . . X X X . . . . X X . .
 3 . X X X X X . X X . X X . . . X X X X
 2 . X . . X . X . X X X . X . . X . X .
 1 X X . . . X X X . . . X . . . . X . .

koPOSITIONALscoreAREAtaxNONEsui1komi7.5
Time taken: 0.00164722
Root visits: 43
New playouts: 43
NN rows: 0
NN batches: 0
NN avg batch size: -nan
PlayoutDoublingAdvantage: -2.75
PV: pass S5
Tree:
: T 100.37c W 100.00c S  -0.41c (+322.0 L +323.0) N      43  --  pass S5
---Black(^)---
pss : T 118.44c W 100.00c S  17.09c (+344.8 L +343.4) LCB  104.01c P 23.59% WF  59.2 PSV      55 N      11  --  pass S5
G4  : T  88.14c W 100.00c S -11.86c (+306.9 L +309.7) LCB -262.00c P  3.61% WF   3.3 PSV       0 N       1  --  G4
G3  : T  88.19c W 100.00c S -11.81c (+307.0 L +309.8) LCB -261.81c P  3.47% WF   3.1 PSV       0 N       1  --  G3
F13 : T  88.26c W 100.00c S -11.74c (+307.5 L +310.3) LCB -261.88c P  3.07% WF   3.4 PSV       0 N       1  --  F13
P18 : T  88.14c W 100.00c S -11.86c (+306.8 L +309.6) LCB -261.86c P  2.72% WF   3.2 PSV       0 N       1  --  P18
Q19 : T  87.98c W 100.00c S -12.02c (+306.2 L +308.9) LCB -262.02c P  2.69% WF   3.3 PSV       0 N       1  --  Q19
S5  : T  88.32c W 100.00c S -11.68c (+307.4 L +310.5) LCB -261.82c P  2.46% WF   3.2 PSV       0 N       1  --  S5
N3  : T  87.98c W 100.00c S -12.02c (+306.3 L +309.0) LCB -262.02c P  2.31% WF   3.2 PSV       0 N       1  --  N3
F15 : T  88.33c W 100.00c S -11.67c (+307.8 L +310.4) LCB -261.81c P  2.12% WF   3.4 PSV       0 N       1  --  F15
Q12 : T  88.13c W 100.00c S -11.87c (+306.9 L +309.5) LCB -261.87c P  1.96% WF   3.2 PSV       0 N       1  --  Q12

2025-11-16 20:57:05-0500: play pass
2025-11-16 20:57:05-0500: Controller: kata-set-param maxVisits 300
2025-11-16 20:57:05-0500: = 
2025-11-16 20:57:05-0500: Controller: kata-genmove_analyze b
2025-11-16 20:57:05-0500: =
2025-11-16 20:57:05-0500: MoveNum: 0 HASH: A9048A049F5056910B148E5F089B2B04
   A B C D E F G H J K L M N O P Q R S T
19 . . . . . . . . . X . . . . X . . X .
18 X X X X . . . . X . X . . . . X X . X
17 . . . X . . . . . X X . . . . X . X .
16 . . . X X . . . . X X . . . . X X X .
15 . X X X . . . . . . . . . . . X X . X
14 X X X . X . . . . . . . . . . X X X .
13 X X . X . . . . . . . . . . . X . X .
12 . . X . X . . . . X . . . . . . X . X
11 X X X X . . . . . X . . . . . . . X .
10 X . X . . . . . . X . . . . . X X X .
 9 X X . . . . . . . . . . . . . X . X X
 8 . . . . . . . . . . . . . . X . X . .
 7 . . . . . . . . . X . . . . . X X X X
 6 . . . X . . . X X X . . . . . X . . .
 5 . . . X . . . X . X . . . . . X . . X
 4 . . . X . . . . X X X . . . . X X . .
 3 . X X X X X . X X . X X . . . X X X X
 2 . X . . X . X . X X X . X . . X . X .
 1 X X . . . X X X . . . X . . . . X . .

koPOSITIONALscoreAREAtaxNONEsui1komi7.5
Time taken: 0.00280669
Root visits: 127
New playouts: 127
NN rows: 0
NN batches: 0
NN avg batch size: -nan
PlayoutDoublingAdvantage: -2.75
PV: pass S5 T4 O18
Tree:
: T 108.38c W 100.00c S   6.15c (+331.7 L +331.3) N     127  --  pass S5 T4 O18
---Black(^)---
pss : T 119.24c W 100.00c S  17.07c (+345.1 L +343.1) LCB  114.78c P 23.59% WF 332.0 PSV     314 N      66  --  pass S5 T4 O18
G4  : T  88.14c W 100.00c S -11.86c (+306.9 L +309.7) LCB -262.00c P  3.61% WF   3.1 PSV       1 N       1  --  G4
G3  : T  88.19c W 100.00c S -11.81c (+307.0 L +309.8) LCB -261.81c P  3.47% WF   3.0 PSV       1 N       1  --  G3
F13 : T  88.26c W 100.00c S -11.74c (+307.5 L +310.3) LCB -261.88c P  3.07% WF   3.2 PSV       1 N       1  --  F13
P18 : T  88.14c W 100.00c S -11.86c (+306.8 L +309.6) LCB -261.86c P  2.72% WF   3.1 PSV       1 N       1  --  P18
Q19 : T  87.98c W 100.00c S -12.02c (+306.2 L +308.9) LCB -262.02c P  2.69% WF   3.1 PSV       1 N       1  --  Q19
S5  : T  88.32c W 100.00c S -11.68c (+307.4 L +310.5) LCB -261.82c P  2.46% WF   3.0 PSV       1 N       1  --  S5
N3  : T  87.98c W 100.00c S -12.02c (+306.3 L +309.0) LCB -262.02c P  2.31% WF   3.1 PSV       1 N       1  --  N3
F15 : T  88.33c W 100.00c S -11.67c (+307.8 L +310.4) LCB -261.81c P  2.12% WF   3.2 PSV       1 N       1  --  F15
Q12 : T  88.13c W 100.00c S -11.87c (+306.9 L +309.5) LCB -261.87c P  1.96% WF   3.1 PSV       0 N       1  --  Q12

2025-11-16 20:57:05-0500: play pass
2025-11-16 20:57:05-0500: Controller: kata-set-param maxVisits 300
2025-11-16 20:57:05-0500: = 
2025-11-16 20:57:05-0500: Controller: kata-genmove_analyze b
2025-11-16 20:57:05-0500: =
2025-11-16 20:57:05-0500: MoveNum: 0 HASH: A9048A049F5056910B148E5F089B2B04
   A B C D E F G H J K L M N O P Q R S T
19 . . . . . . . . . X . . . . X . . X .
18 X X X X . . . . X . X . . . . X X . X
17 . . . X . . . . . X X . . . . X . X .
16 . . . X X . . . . X X . . . . X X X .
15 . X X X . . . . . . . . . . . X X . X
14 X X X . X . . . . . . . . . . X X X .
13 X X . X . . . . . . . . . . . X . X .
12 . . X . X . . . . X . . . . . . X . X
11 X X X X . . . . . X . . . . . . . X .
10 X . X . . . . . . X . . . . . X X X .
 9 X X . . . . . . . . . . . . . X . X X
 8 . . . . . . . . . . . . . . X . X . .
 7 . . . . . . . . . X . . . . . X X X X
 6 . . . X . . . X X X . . . . . X . . .
 5 . . . X . . . X . X . . . . . X . . X
 4 . . . X . . . . X X X . . . . X X . .
 3 . X X X X X . X X . X X . . . X X X X
 2 . X . . X . X . X X X . X . . X . X .
 1 X X . . . X X X . . . X . . . . X . .

koPOSITIONALscoreAREAtaxNONEsui1komi7.5
Time taken: 0.00275172
Root visits: 128
New playouts: 128
NN rows: 0
NN batches: 0
NN avg batch size: -nan
PlayoutDoublingAdvantage: -2.75
PV: pass S5 S6 G18
Tree:
: T 108.21c W 100.00c S   6.05c (+331.5 L +331.2) N     128  --  pass S5 S6 G18
---Black(^)---
pss : T 119.40c W 100.00c S  17.33c (+345.4 L +343.4) LCB  114.99c P 23.59% WF 329.6 PSV     311 N      65  --  pass S5 S6 G18
G4  : T  88.14c W 100.00c S -11.86c (+306.9 L +309.7) LCB -262.00c P  3.61% WF   3.1 PSV       1 N       1  --  G4
G3  : T  88.19c W 100.00c S -11.81c (+307.0 L +309.8) LCB -261.81c P  3.47% WF   3.0 PSV       1 N       1  --  G3
F13 : T  88.26c W 100.00c S -11.74c (+307.5 L +310.3) LCB -261.88c P  3.07% WF   3.3 PSV       1 N       1  --  F13
P18 : T  88.14c W 100.00c S -11.86c (+306.8 L +309.6) LCB -261.86c P  2.72% WF   3.1 PSV       1 N       1  --  P18
Q19 : T  87.98c W 100.00c S -12.02c (+306.2 L +308.9) LCB -262.02c P  2.69% WF   3.1 PSV       1 N       1  --  Q19
S5  : T  88.32c W 100.00c S -11.68c (+307.4 L +310.5) LCB -261.82c P  2.46% WF   3.0 PSV       1 N       1  --  S5
N3  : T  87.98c W 100.00c S -12.02c (+306.3 L +309.0) LCB -262.02c P  2.31% WF   3.1 PSV       1 N       1  --  N3
F15 : T  88.33c W 100.00c S -11.67c (+307.8 L +310.4) LCB -261.81c P  2.12% WF   3.2 PSV       1 N       1  --  F15
Q12 : T  88.13c W 100.00c S -11.87c (+306.9 L +309.5) LCB -261.87c P  1.96% WF   3.1 PSV       0 N       1  --  Q12

2025-11-16 20:57:05-0500: play pass
2025-11-16 20:57:05-0500: Controller: kata-set-param maxVisits 100
2025-11-16 20:57:05-0500: = 
2025-11-16 20:57:05-0500: Controller: kata-genmove_analyze b
2025-11-16 20:57:05-0500: =
2025-11-16 20:57:05-0500: MoveNum: 0 HASH: A9048A049F5056910B148E5F089B2B04
   A B C D E F G H J K L M N O P Q R S T
19 . . . . . . . . . X . . . . X . . X .
18 X X X X . . . . X . X . . . . X X . X
17 . . . X . . . . . X X . . . . X . X .
16 . . . X X . . . . X X . . . . X X X .
15 . X X X . . . . . . . . . . . X X . X
14 X X X . X . . . . . . . . . . X X X .
13 X X . X . . . . . . . . . . . X . X .
12 . . X . X . . . . X . . . . . . X . X
11 X X X X . . . . . X . . . . . . . X .
10 X . X . . . . . . X . . . . . X X X .
 9 X X . . . . . . . . . . . . . X . X X
 8 . . . . . . . . . . . . . . X . X . .
 7 . . . . . . . . . X . . . . . X X X X
 6 . . . X . . . X X X . . . . . X . . .
 5 . . . X . . . X . X . . . . . X . . X
 4 . . . X . . . . X X X . . . . X X . .
 3 . X X X X X . X X . X X . . . X X X X
 2 . X . . X . X . X X X . X . . X . X .
 1 X X . . . X X X . . . X . . . . X . .

koPOSITIONALscoreAREAtaxNONEsui1komi7.5
Time taken: 0.00137742
Root visits: 43
New playouts: 43
NN rows: 0
NN batches: 0
NN avg batch size: -nan
PlayoutDoublingAdvantage: -2.75
PV: pass S5
Tree:
: T 100.37c W 100.00c S  -0.41c (+322.0 L +323.0) N      43  --  pass S5
---Black(^)---
pss : T 118.44c W 100.00c S  17.09c (+344.8 L +343.4) LCB  104.01c P 23.59% WF  59.2 PSV      55 N      11  --  pass S5
G4  : T  88.14c W 100.00c S -11.86c (+306.9 L +309.7) LCB -262.00c P  3.61% WF   3.3 PSV       0 N       1  --  G4
G3  : T  88.19c W 100.00c S -11.81c (+307.0 L +309.8) LCB -261.81c P  3.47% WF   3.1 PSV       0 N       1  --  G3
F13 : T  88.26c W 100.00c S -11.74c (+307.5 L +310.3) LCB -261.88c P  3.07% WF   3.4 PSV       0 N       1  --  F13
P18 : T  88.14c W 100.00c S -11.86c (+306.8 L +309.6) LCB -261.86c P  2.72% WF   3.2 PSV       0 N       1  --  P18
Q19 : T  87.98c W 100.00c S -12.02c (+306.2 L +308.9) LCB -262.02c P  2.69% WF   3.3 PSV       0 N       1  --  Q19
S5  : T  88.32c W 100.00c S -11.68c (+307.4 L +310.5) LCB -261.82c P  2.46% WF   3.2 PSV       0 N       1  --  S5
N3  : T  87.98c W 100.00c S -12.02c (+306.3 L +309.0) LCB -262.02c P  2.31% WF   3.2 PSV       0 N       1  --  N3
F15 : T  88.33c W 100.00c S -11.67c (+307.8 L +310.4) LCB -261.81c P  2.12% WF   3.4 PSV       0 N       1  --  F15
Q12 : T  88.13c W 100.00c S -11.87c (+306.9 L +309.5) LCB -261.87c P  1.96% WF   3.2 PSV       0 N       1  --  Q12

2025-11-16 20:57:05-0500: play pass
2025-11-16 20:57:05-0500: Controller: kata-set-param maxVisits 100
2025-11-16 20:57:05-0500: = 
2025-11-16 20:57:05-0500: Controller: kata-genmove_analyze b
2025-11-16 20:57:05-0500: =
2025-11-16 20:57:05-0500: MoveNum: 0 HASH: A9048A049F5056910B148E5F089B2B04
   A B C D E F G H J K L M N O P Q R S T
19 . . . . . . . . . X . . . . X . . X .
18 X X X X . . . . X . X . . . . X X . X
17 . . . X . . . . . X X . . . . X . X .
16 . . . X X . . . . X X . . . . X X X .
15 . X X X . . . . . . . . . . . X X . X
14 X X X . X . . . . . . . . . . X X X .
13 X X . X . . . . . . . . . . . X . X .
12 . . X . X . . . . X . . . . . . X . X
11 X X X X . . . . . X . . . . . . . X .
10 X . X . . . . . . X . . . . . X X X .
 9 X X . . . . . . . . . . . . . X . X X
 8 . . . . . . . . . . . . . . X . X . .
 7 . . . . . . . . . X . . . . . X X X X
 6 . . . X . . . X X X . . . . . X . . .
 5 . . . X . . . X . X . . . . . X . . X
 4 . . . X . . . . X X X . . . . X X . .
 3 . X X X X X . X X . X X . . . X X X X
 2 . X . . X . X . X X X . X . . X . X .
 1 X X . . . X X X . . . X . . . . X . .

koPOSITIONALscoreAREAtaxNONEsui1komi7.5
Time taken: 0.00227941
Root visits: 43
New playouts: 43
NN rows: 0
NN batches: 0
NN avg batch size: -nan
PlayoutDoublingAdvantage: -2.75
PV: pass S5
Tree:
: T 105.65c W 100.00c S   4.05c (+328.7 L +328.8) N      43  --  pass S5
---Black(^)---
pss : T 118.96c W 100.00c S  18.03c (+345.5 L +343.8) LCB  110.51c P 23.59% WF  93.7 PSV      88 N      18  --  pass S5
G4  : T  88.14c W 100.00c S -11.86c (+306.9 L +309.7) LCB -262.00c P  3.61% WF   3.2 PSV       0 N       1  --  G4
G3  : T  88.19c W 100.00c S -11.81c (+307.0 L +309.8) LCB -261.81c P  3.47% WF   3.1 PSV       0 N       1  --  G3
F13 : T  88.26c W 100.00c S -11.74c (+307.5 L +310.3) LCB -261.88c P  3.07% WF   3.3 PSV       0 N       1  --  F13
P18 : T  88.14c W 100.00c S -11.86c (+306.8 L +309.6) LCB -261.86c P  2.72% WF   3.1 PSV       0 N       1  --  P18
Q19 : T  87.98c W 100.00c S -12.02c (+306.2 L +308.9) LCB -262.02c P  2.69% WF   3.2 PSV       0 N       1  --  Q19
S5  : T  88.32c W 100.00c S -11.68c (+307.4 L +310.5) LCB -261.82c P  2.46% WF   3.1 PSV       0 N       1  --  S5
N3  : T  87.98c W 100.00c S -12.02c (+306.3 L +309.0) LCB -262.02c P  2.31% WF   3.2 PSV       0 N       1  --  N3
F15 : T  88.33c W 100.00c S -11.67c (+307.8 L +310.4) LCB -261.81c P  2.12% WF   3.3 PSV       0 N       1  --  F15
Q12 : T  88.13c W 100.00c S -11.87c (+306.9 L +309.5) LCB -261.87c P  1.96% WF   3.1 PSV       0 N       1  --  Q12

2025-11-16 20:57:05-0500: play pass
2025-11-16 20:57:05-0500: Controller: kata-set-param maxVisits 100
2025-11-16 20:57:05-0500: = 
2025-11-16 20:57:05-0500: Controller: kata-genmove_analyze b
2025-11-16 20:57:05-0500: =
2025-11-16 20:57:05-0500: MoveNum: 0 HASH: A9048A049F5056910B148E5F089B2B04
   A B C D E F G H J K L M N O P Q R S T
19 . . . . . . . . . X . . . . X . . X .
18 X X X X . . . . X . X . . . . X X . X
17 . . . X . . . . . X X . . . . X . X .
16 . . . X X . . . . X X . . . . X X X .
15 . X X X . . . . . . . . . . . X X . X
14 X X X . X . . . . . . . . . . X X X .
13 X X . X . . . . . . . . . . . X . X .
12 . . X . X . . . . X . . . . . . X . X
11 X X X X . . . . . X . . . . . . . X .
10 X . X . . . . . . X . . . . . X X X .
 9 X X . . . . . . . . . . . . . X . X X
 8 . . . . . . . . . . . . . . X . X . .
 7 . . . . . . . . . X . . . . . X X X X
 6 . . . X . . . X X X . . . . . X . . .
 5 . . . X . . . X . X . . . . . X . . X
 4 . . . X . . . . X X X . . . . X X . .
 3 . X X X X X . X X . X X . . . X X X X
 2 . X . . X . X . X X X . X . . X . X .
 1 X X . . . X X X . . . X . . . . X . .

koPOSITIONALscoreAREAtaxNONEsui1komi7.5
Time taken: 0.00155687
Root visits: 43
New playouts: 43
NN rows: 0
NN batches: 0
NN avg batch size: -nan
PlayoutDoublingAdvantage: -2.75
PV: pass S5
Tree:
: T 102.77c W 100.00c S   1.62c (+325.0 L +325.6) N      43  --  pass S5
---Black(^)---
pss : T 118.85c W 100.00c S  17.69c (+345.3 L +343.8) LCB  107.87c P 23.59% WF  74.3 PSV      69 N      14  --  pass S5
G4  : T  88.14c W 100.00c S -11.86c (+306.9 L +309.7) LCB -262.00c P  3.61% WF   3.2 PSV       0 N       1  --  G4
G3  : T  88.19c W 100.00c S -11.81c (+307.0 L +309.8) LCB -261.81c P  3.47% WF   3.1 PSV       0 N       1  --  G3
F13 : T  88.26c W 100.00c S -11.74c (+307.5 L +310.3) LCB -261.88c P  3.07% WF   3.4 PSV       0 N       1  --  F13
P18 : T  88.14c W 100.00c S -11.86c (+306.8 L +309.6) LCB -261.86c P  2.72% WF   3.2 PSV       0 N       1  --  P18
Q19 : T  87.98c W 100.00c S -12.02c (+306.2 L +308.9) LCB -262.02c P  2.69% WF   3.2 PSV       0 N       1  --  Q19
S5  : T  88.32c W 100.00c S -11.68c (+307.4 L +310.5) LCB -261.82c P  2.46% WF   3.1 PSV       0 N       1  --  S5
N3  : T  87.98c W 100.00c S -12.02c (+306.3 L +309.0) LCB -262.02c P  2.31% WF   3.2 PSV       0 N       1  --  N3
F15 : T  88.33c W 100.00c S -11.67c (+307.8 L +310.4) LCB -261.81c P  2.12% WF   3.3 PSV       0 N       1  --  F15
Q12 : T  88.13c W 100.00c S -11.87c (+306.9 L +309.5) LCB -261.87c P  1.96% WF   3.2 PSV       0 N       1  --  Q12

2025-11-16 20:57:05-0500: play pass
2025-11-16 20:57:05-0500: Controller: kata-set-param maxVisits 100
2025-11-16 20:57:05-0500: = 
2025-11-16 20:57:05-0500: Controller: kata-genmove_analyze b
2025-11-16 20:57:05-0500: =
2025-11-16 20:57:05-0500: MoveNum: 0 HASH: A9048A049F5056910B148E5F089B2B04
   A B C D E F G H J K L M N O P Q R S T
19 . . . . . . . . . X . . . . X . . X .
18 X X X X . . . . X . X . . . . X X . X
17 . . . X . . . . . X X . . . . X . X .
16 . . . X X . . . . X X . . . . X X X .
15 . X X X . . . . . . . . . . . X X . X
14 X X X . X . . . . . . . . . . X X X .
13 X X . X . . . . . . . . . . . X . X .
12 . . X . X . . . . X . . . . . . X . X
11 X X X X . . . . . X . . . . . . . X .
10 X . X . . . . . . X . . . . . X X X .
 9 X X . . . . . . . . . . . . . X . X X
 8 . . . . . . . . . . . . . . X . X . .
 7 . . . . . . . . . X . . . . . X X X X
 6 . . . X . . . X X X . . . . . X . . .
 5 . . . X . . . X . X . . . . . X . . X
 4 . . . X . . . . X X X . . . . X X . .
 3 . X X X X X . X X . X X . . . X X X X
 2 . X . . X . X . X X X . X . . X . X .
 1 X X . . . X X X . . . X . . . . X . .

koPOSITIONALscoreAREAtaxNONEsui1komi7.5
Time taken: 0.00195109
Root visits: 44
New playouts: 44
NN rows: 0
NN batches: 0
NN avg batch size: -nan
PlayoutDoublingAdvantage: -2.75
PV: pass S5
Tree:
: T 102.53c W 100.00c S   1.42c (+324.7 L +325.4) N      44  --  pass S5
---Black(^)---
pss : T 118.85c W 100.00c S  17.69c (+345.3 L +343.8) LCB  107.87c P 23.59% WF  74.3 PSV      69 N      14  --  pass S5
G4  : T  88.14c W 100.00c S -11.86c (+306.9 L +309.7) LCB -262.00c P  3.61% WF   3.2 PSV       0 N       1  --  G4
G3  : T  88.19c W 100.00c S -11.81c (+307.0 L +309.8) LCB -261.81c P  3.47% WF   3.1 PSV       0 N       1  --  G3
F13 : T  88.26c W 100.00c S -11.74c (+307.5 L +310.3) LCB -261.88c P  3.07% WF   3.4 PSV       0 N       1  --  F13
P18 : T  88.14c W 100.00c S -11.86c (+306.8 L +309.6) LCB -261.86c P  2.72% WF   3.2 PSV       0 N       1  --  P18
Q19 : T  87.98c W 100.00c S -12.02c (+306.2 L +308.9) LCB -262.02c P  2.69% WF   3.2 PSV       0 N       1  --  Q19
S5  : T  88.32c W 100.00c S -11.68c (+307.4 L +310.5) LCB -261.82c P  2.46% WF   3.1 PSV       0 N       1  --  S5
N3  : T  87.98c W 100.00c S -12.02c (+306.3 L +309.0) LCB -262.02c P  2.31% WF   3.2 PSV       0 N       1  --  N3
F15 : T  88.33c W 100.00c S -11.67c (+307.8 L +310.4) LCB -261.81c P  2.12% WF   3.3 PSV       0 N       1  --  F15
Q12 : T  88.13c W 100.00c S -11.87c (+306.9 L +309.5) LCB -261.87c P  1.96% WF   3.2 PSV       0 N       1  --  Q12

2025-11-16 20:57:05-0500: play pass
2025-11-16 20:57:05-0500: Controller: kata-set-param maxVisits 300
2025-11-16 20:57:05-0500: = 
2025-11-16 20:57:05-0500: Controller: kata-genmove_analyze b
2025-11-16 20:57:05-0500: =
2025-11-16 20:57:05-0500: MoveNum: 0 HASH: A9048A049F5056910B148E5F089B2B04
   A B C D E F G H J K L M N O P Q R S T
19 . . . . . . . . . X . . . . X . . X .
18 X X X X . . . . X . X . . . . X X . X
17 . . . X . . . . . X X . . . . X . X .
16 . . . X X . . . . X X . . . . X X X .
15 . X X X . . . . . . . . . . . X X . X
14 X X X . X . . . . . . . . . . X X X .
13 X X . X . . . . . . . . . . . X . X .
12 . . X . X . . . . X . . . . . . X . X
11 X X X X . . . . . X . . . . . . . X .
10 X . X . . . . . . X . . . . . X X X .
 9 X X . . . . . . . . . . . . . X . X X
 8 . . . . . . . . . . . . . . X . X . .
 7 . . . . . . . . . X . . . . . X X X X
 6 . . . X . . . X X X . . . . . X . . .
 5 . . . X . . . X . X . . . . . X . . X
 4 . . . X . . . . X X X . . . . X X . .
 3 . X X X X X . X X . X X . . . X X X X
 2 . X . . X . X . X X X . X . . X . X .
 1 X X . . . X X X . . . X . . . . X . .

koPOSITIONALscoreAREAtaxNONEsui1komi7.5
Time taken: 0.00265987
Root visits: 124
New playouts: 124
NN rows: 0
NN batches: 0
NN avg batch size: -nan
PlayoutDoublingAdvantage: -2.75
PV: pass S5 T4 G18
Tree:
: T 108.47c W 100.00c S   6.23c (+331.8 L +331.4) N     124  --  pass S5 T4 G18
---Black(^)---
pss : T 119.24c W 100.00c S  17.13c (+345.1 L +343.1) LCB  114.86c P 23.59% WF 325.7 PSV     308 N      65  --  pass S5 T4 G18
G4  : T  88.14c W 100.00c S -11.86c (+306.9 L +309.7) LCB -262.00c P  3.61% WF   3.1 PSV       1 N       1  --  G4
G3  : T  88.19c W 100.00c S -11.81c (+307.0 L +309.8) LCB -261.81c P  3.47% WF   3.0 PSV       1 N       1  --  G3
F13 : T  88.26c W 100.00c S -11.74c (+307.5 L +310.3) LCB -261.88c P  3.07% WF   3.2 PSV       1 N       1  --  F13
P18 : T  88.14c W 100.00c S -11.86c (+306.8 L +309.6) LCB -261.86c P  2.72% WF   3.1 PSV       1 N       1  --  P18
Q19 : T  87.98c W 100.00c S -12.02c (+306.2 L +308.9) LCB -262.02c P  2.69% WF   3.1 PSV       1 N       1  --  Q19
S5  : T  88.32c W 100.00c S -11.68c (+307.4 L +310.5) LCB -261.82c P  2.46% WF   3.0 PSV       1 N       1  --  S5
N3  : T  87.98c W 100.00c S -12.02c (+306.3 L +309.0) LCB -262.02c P  2.31% WF   3.1 PSV       1 N       1  --  N3
F15 : T  88.33c W 100.00c S -11.67c (+307.8 L +310.4) LCB -261.81c P  2.12% WF   3.2 PSV       0 N       1  --  F15
Q12 : T  88.13c W 100.00c S -11.87c (+306.9 L +309.5) LCB -261.87c P  1.96% WF   3.0 PSV       0 N       1  --  Q12

2025-11-16 20:57:05-0500: play pass
2025-11-16 20:57:05-0500: Controller: kata-set-param maxVisits 100
2025-11-16 20:57:05-0500: = 
2025-11-16 20:57:05-0500: Controller: kata-genmove_analyze b
2025-11-16 20:57:05-0500: =
2025-11-16 20:57:05-0500: MoveNum: 0 HASH: A9048A049F5056910B148E5F089B2B04
   A B C D E F G H J K L M N O P Q R S T
19 . . . . . . . . . X . . . . X . . X .
18 X X X X . . . . X . X . . . . X X . X
17 . . . X . . . . . X X . . . . X . X .
16 . . . X X . . . . X X . . . . X X X .
15 . X X X . . . . . . . . . . . X X . X
14 X X X . X . . . . . . . . . . X X X .
13 X X . X . . . . . . . . . . . X . X .
12 . . X . X . . . . X . . . . . . X . X
11 X X X X . . . . . X . . . . . . . X .
10 X . X . . . . . . X . . . . . X X X .
 9 X X . . . . . . . . . . . . . X . X X
 8 . . . . . . . . . . . . . . X . X . .
 7 . . . . . . . . . X . . . . . X X X X
 6 . . . X . . . X X X . . . . . X . . .
 5 . . . X . . . X . X . . . . . X . . X
 4 . . . X . . . . X X X . . . . X X . .
 3 . X X X X X . X X . X X . . . X X X X
 2 . X . . X . X . X X X . X . . X . X .
 1 X X . . . X X X . . . X . . . . X . .

koPOSITIONALscoreAREAtaxNONEsui1komi7.5
Time taken: 0.00151578
Root visits: 42
New playouts: 42
NN rows: 0
NN batches: 0
NN avg batch size: -nan
PlayoutDoublingAdvantage: -2.75
PV: pass S5
Tree:
: T  99.78c W 100.00c S  -0.91c (+321.3 L +322.3) N      42  --  pass S5
---Black(^)---
pss : T 118.36c W 100.00c S  16.92c (+344.7 L +343.3) LCB  102.21c P 23.59% WF  54.4 PSV      50 N      10  --  pass S5
G4  : T  88.14c W 100.00c S -11.86c (+306.9 L +309.7) LCB -262.00c P  3.61% WF   3.3 PSV       0 N       1  --  G4
G3  : T  88.19c W 100.00c S -11.81c (+307.0 L +309.8) LCB -261.81c P  3.47% WF   3.2 PSV       0 N       1  --  G3
F13 : T  88.26c W 100.00c S -11.74c (+307.5 L +310.3) LCB -261.88c P  3.07% WF   3.4 PSV       0 N       1  --  F13
P18 : T  88.14c W 100.00c S -11.86c (+306.8 L +309.6) LCB -261.86c P  2.72% WF   3.2 PSV       0 N       1  --  P18
Q19 : T  87.98c W 100.00c S -12.02c (+306.2 L +308.9) LCB -262.02c P  2.69% WF   3.3 PSV       0 N       1  --  Q19
S5  : T  88.32c W 100.00c S -11.68c (+307.4 L +310.5) LCB -261.82c P  2.46% WF   3.2 PSV       0 N       1  --  S5
N3  : T  87.98c W 100.00c S -12.02c (+306.3 L +309.0) LCB -262.02c P  2.31% WF   3.3 PSV       0 N       1  --  N3
F15 : T  88.33c W 100.00c S -11.67c (+307.8 L +310.4) LCB -261.81c P  2.12% WF   3.4 PSV       0 N       1  --  F15
Q12 : T  88.13c W 100.00c S -11.87c (+306.9 L +309.5) LCB -261.87c P  1.96% WF   3.2 PSV       0 N       1  --  Q12

2025-11-16 20:57:05-0500: play pass
2025-11-16 20:57:05-0500: Controller: kata-set-param maxVisits 100
2025-11-16 20:57:05-0500: = 
2025-11-16 20:57:05-0500: Controller: kata-genmove_analyze b
2025-11-16 20:57:05-0500: =
2025-11-16 20:57:05-0500: MoveNum: 0 HASH: A9048A049F5056910B148E5F089B2B04
   A B C D E F G H J K L M N O P Q R S T
19 . . . . . . . . . X . . . . X . . X .
18 X X X X . . . . X . X . . . . X X . X
17 . . . X . . . . . X X . . . . X . X .
16 . . . X X . . . . X X . . . . X X X .
15 . X X X . . . . . . . . . . . X X . X
14 X X X . X . . . . . . . . . . X X X .
13 X X . X . . . . . . . . . . . X . X .
12 . . X . X . . . . X . . . . . . X . X
11 X X X X . . . . . X . . . . . . . X .
10 X . X . . . . . . X . . . . . X X X .
 9 X X . . . . . . . . . . . . . X . X X
 8 . . . . . . . . . . . . . . X . X . .
 7 . . . . . . . . . X . . . . . X X X X
 6 . . . X . . . X X X . . . . . X . . .
 5 . . . X . . . X . X . . . . . X . . X
 4 . . . X . . . . X X X . . . . X X . .
 3 . X X X X X . X X . X X . . . X X X X
 2 . X . . X . X . X X X . X . . X . X .
 1 X X . . . X X X . . . X . . . . X . .

koPOSITIONALscoreAREAtaxNONEsui1komi7.5
Time taken: 0.00140325
Root visits: 43
New playouts: 43
NN rows: 0
NN batches: 0
NN avg batch size: -nan
PlayoutDoublingAdvantage: -2.75
PV: pass S5
Tree:
: T 102.77c W 100.00c S   1.63c (+325.0 L +325.6) N      43  --  pass S5
---Black(^)---
pss : T 118.78c W 100.00c S  17.57c (+345.2 L +343.7) LCB  107.45c P 23.59% WF  74.6 PSV      69 N      13  --  pass S5
G4  : T  88.14c W 100.00c S -11.86c (+306.9 L +309.7) LCB -262.00c P  3.61% WF   3.2 PSV       0 N       1  --  G4
G3  : T  88.19c W 100.00c S -11.81c (+307.0 L +309.8) LCB -261.81c P  3.47% WF   3.1 PSV       0 N       1  --  G3
F13 : T  88.26c W 100.00c S -11.74c (+307.5 L +310.3) LCB -261.88c P  3.07% WF   3.4 PSV       0 N       1  --  F13
P18 : T  88.14c W 100.00c S -11.86c (+306.8 L +309.6) LCB -261.86c P  2.72% WF   3.2 PSV       0 N       1  --  P18
Q19 : T  87.98c W 100.00c S -12.02c (+306.2 L +308.9) LCB -262.02c P  2.69% WF   3.2 PSV       0 N       1  --  Q19
S5  : T  88.32c W 100.00c S -11.68c (+307.4 L +310.5) LCB -261.82c P  2.46% WF   3.1 PSV       0 N       1  --  S5
N3  : T  87.98c W 100.00c S -12.02c (+306.3 L +309.0) LCB -262.02c P  2.31% WF   3.2 PSV       0 N       1  --  N3
F15 : T  88.33c W 100.00c S -11.67c (+307.8 L +310.4) LCB -261.81c P  2.12% WF   3.3 PSV       0 N       1  --  F15
Q12 : T  88.13c W 100.00c S -11.87c (+306.9 L +309.5) LCB -261.87c P  1.96% WF   3.2 PSV       0 N       1  --  Q12

2025-11-16 20:57:05-0500: play pass
2025-11-16 20:57:05-0500: Controller: kata-set-param maxVisits 100
2025-11-16 20:57:05-0500: = 
2025-11-16 20:57:05-0500: Controller: kata-genmove_analyze b
2025-11-16 20:57:05-0500: =
2025-11-16 20:57:05-0500: MoveNum: 0 HASH: A9048A049F5056910B148E5F089B2B04
   A B C D E F G H J K L M N O P Q R S T
19 . . . . . . . . . X . . . . X . . X .
18 X X X X . . . . X . X . . . . X X . X
17 . . . X . . . . . X X . . . . X . X .
16 . . . X X . . . . X X . . . . X X X .
15 . X X X . . . . . . . . . . . X X . X
14 X X X . X . . . . . . . . . . X X X .
13 X X . X . . . . . . . . . . . X . X .
12 . . X . X . . . . X . . . . . . X . X
11 X X X X . . . . . X . . . . . . . X .
10 X . X . . . . . . X . . . . . X X X .
 9 X X . . . . . . . . . . . . . X . X X
 8 . . . . . . . . . . . . . . X . X . .
 7 . . . . . . . . . X . . . . . X X X X
 6 . . . X . . . X X X . . . . . X . . .
 5 . . . X . . . X . X . . . . . X . . X
 4 . . . X . . . . X X X . . . . X X . .
 3 . X X X X X . X X . X X . . . X X X X
 2 . X . . X . X . X X X . X . . X . X .
 1 X X . . . X X X . . . X . . . . X . .

koPOSITIONALscoreAREAtaxNONEsui1komi7.5
Time taken: 0.0014923
Root visits: 42
New playouts: 42
NN rows: 0
NN batches: 0
NN avg batch size: -nan
PlayoutDoublingAdvantage: -2.75
PV: pass S5
Tree:
: T 104.44c W 100.00c S   3.02c (+327.1 L +327.4) N      42  --  pass S5
---Black(^)---
pss : T 118.77c W 100.00c S  17.75c (+345.2 L +343.6) LCB  109.22c P 23.59% WF  84.2 PSV      79 N      16  --  pass S5
G4  : T  88.14c W 100.00c S -11.86c (+306.9 L +309.7) LCB -262.00c P  3.61% WF   3.2 PSV       0 N       1  --  G4
G3  : T  88.19c W 100.00c S -11.81c (+307.0 L +309.8) LCB -261.81c P  3.47% WF   3.1 PSV       0 N       1  --  G3
F13 : T  88.26c W 100.00c S -11.74c (+307.5 L +310.3) LCB -261.88c P  3.07% WF   3.3 PSV       0 N       1  --  F13
P18 : T  88.14c W 100.00c S -11.86c (+306.8 L +309.6) LCB -261.86c P  2.72% WF   3.1 PSV       0 N       1  --  P18
Q19 : T  87.98c W 100.00c S -12.02c (+306.2 L +308.9) LCB -262.02c P  2.69% WF   3.2 PSV       0 N       1  --  Q19
S5  : T  88.32c W 100.00c S -11.68c (+307.4 L +310.5) LCB -261.82c P  2.46% WF   3.1 PSV       0 N       1  --  S5
N3  : T  87.98c W 100.00c S -12.02c (+306.3 L +309.0) LCB -262.02c P  2.31% WF   3.2 PSV       0 N       1  --  N3
F15 : T  88.33c W 100.00c S -11.67c (+307.8 L +310.4) LCB -261.81c P  2.12% WF   3.3 PSV       0 N       1  --  F15
Q12 : T  88.13c W 100.00c S -11.87c (+306.9 L +309.5) LCB -261.87c P  1.96% WF   3.1 PSV       0 N       1  --  Q12

2025-11-16 20:57:05-0500: play pass
2025-11-16 20:57:05-0500: Controller: kata-set-param maxVisits 300
2025-11-16 20:57:05-0500: = 
2025-11-16 20:57:05-0500: Controller: kata-genmove_analyze b
2025-11-16 20:57:05-0500: =
2025-11-16 20:57:05-0500: MoveNum: 0 HASH: A9048A049F5056910B148E5F089B2B04
   A B C D E F G H J K L M N O P Q R S T
19 . . . . . . . . . X . . . . X . . X .
18 X X X X . . . . X . X . . . . X X . X
17 . . . X . . . . . X X . . . . X . X .
16 . . . X X . . . . X X . . . . X X X .
15 . X X X . . . . . . . . . . . X X . X
14 X X X . X . . . . . . . . . . X X X .
13 X X . X . . . . . . . . . . . X . X .
12 . . X . X . . . . X . . . . . . X . X
11 X X X X . . . . . X . . . . . . . X .
10 X . X . . . . . . X . . . . . X X X .
 9 X X . . . . . . . . . . . . . X . X X
 8 . . . . . . . . . . . . . . X . X . .
 7 . . . . . . . . . X . . . . . X X X X
 6 . . . X . . . X X X . . . . . X . . .
 5 . . . X . . . X . X . . . . . X . . X
 4 . . . X . . . . X X X . . . . X X . .
 3 . X X X X X . X X . X X . . . X X X X
 2 . X . . X . X . X X X . X . . X . X .
 1 X X . . . X X X . . . X . . . . X . .

koPOSITIONALscoreAREAtaxNONEsui1komi7.5
Time taken: 0.00227789
Root visits: 126
New playouts: 126
NN rows: 0
NN batches: 0
NN avg batch size: -nan
PlayoutDoublingAdvantage: -2.75
PV: pass S5 S6 G18
Tree:
: T 108.40c W 100.00c S   6.12c (+331.6 L +331.2) N     126  --  pass S5 S6 G18
---Black(^)---
pss : T 119.65c W 100.00c S  17.25c (+345.4 L +343.4) LCB  115.34c P 23.59% WF 325.9 PSV     307 N      64  --  pass S5 S6 G18
G4  : T  88.14c W 100.00c S -11.86c (+306.9 L +309.7) LCB -262.00c P  3.61% WF   3.1 PSV       1 N       1  --  G4
G3  : T  88.19c W 100.00c S -11.81c (+307.0 L +309.8) LCB -261.81c P  3.47% WF   3.0 PSV       1 N       1  --  G3
F13 : T  88.26c W 100.00c S -11.74c (+307.5 L +310.3) LCB -261.88c P  3.07% WF   3.2 PSV       1 N       1  --  F13
P18 : T  88.14c W 100.00c S -11.86c (+306.8 L +309.6) LCB -261.86c P  2.72% WF   3.1 PSV       1 N       1  --  P18
Q19 : T  87.98c W 100.00c S -12.02c (+306.2 L +308.9) LCB -262.02c P  2.69% WF   3.1 PSV       1 N       1  --  Q19
S5  : T  88.32c W 100.00c S -11.68c (+307.4 L +310.5) LCB -261.82c P  2.46% WF   3.0 PSV       1 N       1  --  S5
N3  : T  87.98c W 100.00c S -12.02c (+306.3 L +309.0) LCB -262.02c P  2.31% WF   3.1 PSV       1 N       1  --  N3
F15 : T  88.33c W 100.00c S -11.67c (+307.8 L +310.4) LCB -261.81c P  2.12% WF   3.2 PSV       0 N       1  --  F15
Q12 : T  88.13c W 100.00c S -11.87c (+306.9 L +309.5) LCB -261.87c P  1.96% WF   3.1 PSV       0 N       1  --  Q12

2025-11-16 20:57:05-0500: play pass
2025-11-16 20:57:05-0500: Controller: kata-set-param maxVisits 100
2025-11-16 20:57:05-0500: = 
2025-11-16 20:57:05-0500: Controller: kata-genmove_analyze b
2025-11-16 20:57:05-0500: =
2025-11-16 20:57:05-0500: MoveNum: 0 HASH: A9048A049F5056910B148E5F089B2B04
   A B C D E F G H J K L M N O P Q R S T
19 . . . . . . . . . X . . . . X . . X .
18 X X X X . . . . X . X . . . . X X . X
17 . . . X . . . . . X X . . . . X . X .
16 . . . X X . . . . X X . . . . X X X .
15 . X X X . . . . . . . . . . . X X . X
14 X X X . X . . . . . . . . . . X X X .
13 X X . X . . . . . . . . . . . X . X .
12 . . X . X . . . . X . . . . . . X . X
11 X X X X . . . . . X . . . . . . . X .
10 X . X . . . . . . X . . . . . X X X .
 9 X X . . . . . . . . . . . . . X . X X
 8 . . . . . . . . . . . . . . X . X . .
 7 . . . . . . . . . X . . . . . X X X X
 6 . . . X . . . X X X . . . . . X . . .
 5 . . . X . . . X . X . . . . . X . . X
 4 . . . X . . . . X X X . . . . X X . .
 3 . X X X X X . X X . X X . . . X X X X
 2 . X . . X . X . X X X . X . . X . X .
 1 X X . . . X X X . . . X . . . . X . .

koPOSITIONALscoreAREAtaxNONEsui1komi7.5
Time taken: 0.00114546
Root visits: 43
New playouts: 43
NN rows: 0
NN batches: 0
NN avg batch size: -nan
PlayoutDoublingAdvantage: -2.75
PV: pass S5
Tree:
: T 102.03c W 100.00c S   1.00c (+324.1 L +324.8) N      43  --  pass S5
---Black(^)---
pss : T 118.78c W 100.00c S  17.57c (+345.2 L +343.7) LCB  106.86c P 23.59% WF  69.5 PSV      64 N      13  --  pass S5
G4  : T  88.14c W 100.00c S -11.86c (+306.9 L +309.7) LCB -262.00c P  3.61% WF   3.2 PSV       0 N       1  --  G4
G3  : T  88.19c W 100.00c S -11.81c (+307.0 L +309.8) LCB -261.81c P  3.47% WF   3.1 PSV       0 N       1  --  G3
F13 : T  88.26c W 100.00c S -11.74c (+307.5 L +310.3) LCB -261.88c P  3.07% WF   3.4 PSV       0 N       1  --  F13
P18 : T  88.14c W 100.00c S -11.86c (+306.8 L +309.6) LCB -261.86c P  2.72% WF   3.2 PSV       0 N       1  --  P18
Q19 : T  87.98c W 100.00c S -12.02c (+306.2 L +308.9) LCB -262.02c P  2.69% WF   3.2 PSV       0 N       1  --  Q19
S5  : T  88.32c W 100.00c S -11.68c (+307.4 L +310.5) LCB -261.82c P  2.46% WF   3.1 PSV       0 N       1  --  S5
N3  : T  87.98c W 100.00c S -12.02c (+306.3 L +309.0) LCB -262.02c P  2.31% WF   3.2 PSV       0 N       1  --  N3
F15 : T  88.33c W 100.00c S -11.67c (+307.8 L +310.4) LCB -261.81c P  2.12% WF   3.3 PSV       0 N       1  --  F15
Q12 : T  88.13c W 100.00c S -11.87c (+306.9 L +309.5) LCB -261.87c P  1.96% WF   3.2 PSV       0 N       1  --  Q12

2025-11-16 20:57:05-0500: play pass
2025-11-16 20:57:05-0500: Controller: kata-set-param maxVisits 100
2025-11-16 20:57:05-0500: = 
2025-11-16 20:57:05-0500: Controller: kata-genmove_analyze b
2025-11-16 20:57:05-0500: =
2025-11-16 20:57:05-0500: MoveNum: 0 HASH: A9048A049F5056910B148E5F089B2B04
   A B C D E F G H J K L M N O P Q R S T
19 . . . . . . . . . X . . . . X . . X .
18 X X X X . . . . X . X . . . . X X . X
17 . . . X . . . . . X X . . . . X . X .
16 . . . X X . . . . X X . . . . X X X .
15 . X X X . . . . . . . . . . . X X . X
14 X X X . X . . . . . . . . . . X X X .
13 X X . X . . . . . . . . . . . X . X .
12 . . X . X . . . . X . . . . . . X . X
11 X X X X . . . . . X . . . . . . . X .
10 X . X . . . . . . X . . . . . X X X .
 9 X X . . . . . . . . . . . . . X . X X
 8 . . . . . . . . . . . . . . X . X . .
 7 . . . . . . . . . X . . . . . X X X X
 6 . . . X . . . X X X . . . . . X . . .
 5 . . . X . . . X . X . . . . . X . . X
 4 . . . X . . . . X X X . . . . X X . .
 3 . X X X X X . X X . X X . . . X X X X
 2 . X . . X . X . X X X . X . . X . X .
 1 X X . . . X X X . . . X . . . . X . .

koPOSITIONALscoreAREAtaxNONEsui1komi7.5
Time taken: 0.0015053
Root visits: 44
New playouts: 44
NN rows: 0
NN batches: 0
NN avg batch size: -nan
PlayoutDoublingAdvantage: -2.75
PV: pass S5
Tree:
: T 101.81c W 100.00c S   0.82c (+323.8 L +324.6) N      44  --  pass S5
---Black(^)---
pss : T 118.78c W 100.00c S  17.57c (+345.2 L +343.7) LCB  106.86c P 23.59% WF  69.5 PSV      64 N      13  --  pass S5
G4  : T  88.14c W 100.00c S -11.86c (+306.9 L +309.7) LCB -262.00c P  3.61% WF   3.2 PSV       0 N       1  --  G4
G3  : T  88.19c W 100.00c S -11.81c (+307.0 L +309.8) LCB -261.81c P  3.47% WF   3.1 PSV       0 N       1  --  G3
F13 : T  88.26c W 100.00c S -11.74c (+307.5 L +310.3) LCB -261.88c P  3.07% WF   3.4 PSV       0 N       1  --  F13
P18 : T  88.14c W 100.00c S -11.86c (+306.8 L +309.6) LCB -261.86c P  2.72% WF   3.2 PSV       0 N       1  --  P18
Q19 : T  87.98c W 100.00c S -12.02c (+306.2 L +308.9) LCB -262.02c P  2.69% WF   3.2 PSV       0 N       1  --  Q19
S5  : T  88.32c W 100.00c S -11.68c (+307.4 L +310.5) LCB -261.82c P  2.46% WF   3.1 PSV       0 N       1  --  S5
N3  : T  87.98c W 100.00c S -12.02c (+306.3 L +309.0) LCB -262.02c P  2.31% WF   3.2 PSV       0 N       1  --  N3
F15 : T  88.33c W 100.00c S -11.67c (+307.8 L +310.4) LCB -261.81c P  2.12% WF   3.3 PSV       0 N       1  --  F15
Q12 : T  88.13c W 100.00c S -11.87c (+306.9 L +309.5) LCB -261.87c P  1.96% WF   3.2 PSV       0 N       1  --  Q12

2025-11-16 20:57:05-0500: play pass
2025-11-16 20:57:05-0500: Controller: kata-set-param maxVisits 300
2025-11-16 20:57:05-0500: = 
2025-11-16 20:57:05-0500: Controller: kata-genmove_analyze b
2025-11-16 20:57:05-0500: =
2025-11-16 20:57:06-0500: MoveNum: 0 HASH: A9048A049F5056910B148E5F089B2B04
   A B C D E F G H J K L M N O P Q R S T
19 . . . . . . . . . X . . . . X . . X .
18 X X X X . . . . X . X . . . . X X . X
17 . . . X . . . . . X X . . . . X . X .
16 . . . X X . . . . X X . . . . X X X .
15 . X X X . . . . . . . . . . . X X . X
14 X X X . X . . . . . . . . . . X X X .
13 X X . X . . . . . . . . . . . X . X .
12 . . X . X . . . . X . . . . . . X . X
11 X X X X . . . . . X . . . . . . . X .
10 X . X . . . . . . X . . . . . X X X .
 9 X X . . . . . . . . . . . . . X . X X
 8 . . . . . . . . . . . . . . X . X . .
 7 . . . . . . . . . X . . . . . X X X X
 6 . . . X . . . X X X . . . . . X . . .
 5 . . . X . . . X . X . . . . . X . . X
 4 . . . X . . . . X X X . . . . X X . .
 3 . X X X X X . X X . X X . . . X X X X
 2 . X . . X . X . X X X . X . . X . X .
 1 X X . . . X X X . . . X . . . . X . .

koPOSITIONALscoreAREAtaxNONEsui1komi7.5
Time taken: 0.694996
Root visits: 125
New playouts: 125
NN rows: 1
NN batches: 1
NN avg batch size: 1
PlayoutDoublingAdvantage: -2.75
PV: pass S5 T4 G4
Tree:
: T 108.19c W 100.00c S   6.02c (+331.5 L +331.2) N     125  --  pass S5 T4 G4
---Black(^)---
pss : T 119.00c W 100.00c S  16.83c (+344.9 L +342.9) LCB  114.28c P 23.59% WF 325.5 PSV     308 N      65  --  pass S5 T4 G4
G4  : T  88.14c W 100.00c S -11.86c (+306.9 L +309.7) LCB -262.00c P  3.61% WF   3.1 PSV       1 N       1  --  G4
G3  : T  88.19c W 100.00c S -11.81c (+307.0 L +309.8) LCB -261.81c P  3.47% WF   3.0 PSV       1 N       1  --  G3
F13 : T  88.26c W 100.00c S -11.74c (+307.5 L +310.3) LCB -261.88c P  3.07% WF   3.3 PSV       1 N       1  --  F13
P18 : T  88.14c W 100.00c S -11.86c (+306.8 L +309.6) LCB -261.86c P  2.72% WF   3.1 PSV       1 N       1  --  P18
Q19 : T  87.98c W 100.00c S -12.02c (+306.2 L +308.9) LCB -262.02c P  2.69% WF   3.1 PSV       1 N       1  --  Q19
S5  : T  88.32c W 100.00c S -11.68c (+307.4 L +310.5) LCB -261.82c P  2.46% WF   3.0 PSV       1 N       1  --  S5
N3  : T  87.98c W 100.00c S -12.02c (+306.3 L +309.0) LCB -262.02c P  2.31% WF   3.1 PSV       1 N       1  --  N3
F15 : T  88.33c W 100.00c S -11.67c (+307.8 L +310.4) LCB -261.81c P  2.12% WF   3.2 PSV       0 N       1  --  F15
Q12 : T  88.13c W 100.00c S -11.87c (+306.9 L +309.5) LCB -261.87c P  1.96% WF   3.1 PSV       0 N       1  --  Q12

2025-11-16 20:57:06-0500: play pass
2025-11-16 20:57:06-0500: Controller: kata-set-param maxVisits 100
2025-11-16 20:57:06-0500: = 
2025-11-16 20:57:06-0500: Controller: kata-genmove_analyze b
2025-11-16 20:57:06-0500: =
2025-11-16 20:57:06-0500: MoveNum: 0 HASH: A9048A049F5056910B148E5F089B2B04
   A B C D E F G H J K L M N O P Q R S T
19 . . . . . . . . . X . . . . X . . X .
18 X X X X . . . . X . X . . . . X X . X
17 . . . X . . . . . X X . . . . X . X .
16 . . . X X . . . . X X . . . . X X X .
15 . X X X . . . . . . . . . . . X X . X
14 X X X . X . . . . . . . . . . X X X .
13 X X . X . . . . . . . . . . . X . X .
12 . . X . X . . . . X . . . . . . X . X
11 X X X X . . . . . X . . . . . . . X .
10 X . X . . . . . . X . . . . . X X X .
 9 X X . . . . . . . . . . . . . X . X X
 8 . . . . . . . . . . . . . . X . X . .
 7 . . . . . . . . . X . . . . . X X X X
 6 . . . X . . . X X X . . . . . X . . .
 5 . . . X . . . X . X . . . . . X . . X
 4 . . . X . . . . X X X . . . . X X . .
 3 . X X X X X . X X . X X . . . X X X X
 2 . X . . X . X . X X X . X . . X . X .
 1 X X . . . X X X . . . X . . . . X . .

koPOSITIONALscoreAREAtaxNONEsui1komi7.5
Time taken: 0.00156136
Root visits: 43
New playouts: 43
NN rows: 0
NN batches: 0
NN avg batch size: -nan
PlayoutDoublingAdvantage: -2.75
PV: pass S5
Tree:
: T 101.20c W 100.00c S   0.29c (+323.0 L +323.9) N      43  --  pass S5
---Black(^)---
pss : T 118.59c W 100.00c S  17.31c (+344.9 L +343.5) LCB  105.55c P 23.59% WF  64.4 PSV      60 N      12  --  pass S5
G4  : T  88.14c W 100.00c S -11.86c (+306.9 L +309.7) LCB -262.00c P  3.61% WF   3.2 PSV       0 N       1  --  G4
G3  : T  88.19c W 100.00c S -11.81c (+307.0 L +309.8) LCB -261.81c P  3.47% WF   3.1 PSV       0 N       1  --  G3
F13 : T  88.26c W 100.00c S -11.74c (+307.5 L +310.3) LCB -261.88c P  3.07% WF   3.4 PSV       0 N       1  --  F13
P18 : T  88.14c W 100.00c S -11.86c (+306.8 L +309.6) LCB -261.86c P  2.72% WF   3.2 PSV       0 N       1  --  P18
Q19 : T  87.98c W 100.00c S -12.02c (+306.2 L +308.9) LCB -262.02c P  2.69% WF   3.3 PSV       0 N       1  --  Q19
S5  : T  88.32c W 100.00c S -11.68c (+307.4 L +310.5) LCB -261.82c P  2.46% WF   3.2 PSV       0 N       1  --  S5
N3  : T  87.98c W 100.00c S -12.02c (+306.3 L +309.0) LCB -262.02c P  2.31% WF   3.2 PSV       0 N       1  --  N3
F15 : T  88.33c W 100.00c S -11.67c (+307.8 L +310.4) LCB -261.81c P  2.12% WF   3.3 PSV       0 N       1  --  F15
Q12 : T  88.13c W 100.00c S -11.87c (+306.9 L +309.5) LCB -261.87c P  1.96% WF   3.2 PSV       0 N       1  --  Q12

2025-11-16 20:57:06-0500: play pass
2025-11-16 20:57:06-0500: Controller: kata-set-param maxVisits 300
2025-11-16 20:57:06-0500: = 
2025-11-16 20:57:06-0500: Controller: kata-genmove_analyze b
2025-11-16 20:57:06-0500: =
2025-11-16 20:57:06-0500: MoveNum: 0 HASH: A9048A049F5056910B148E5F089B2B04
   A B C D E F G H J K L M N O P Q R S T
19 . . . . . . . . . X . . . . X . . X .
18 X X X X . . . . X . X . . . . X X . X
17 . . . X . . . . . X X . . . . X . X .
16 . . . X X . . . . X X . . . . X X X .
15 . X X X . . . . . . . . . . . X X . X
14 X X X . X . . . . . . . . . . X X X .
13 X X . X . . . . . . . . . . . X . X .
12 . . X . X . . . . X . . . . . . X . X
11 X X X X . . . . . X . . . . . . . X .
10 X . X . . . . . . X . . . . . X X X .
 9 X X . . . . . . . . . . . . . X . X X
 8 . . . . . . . . . . . . . . X . X . .
 7 . . . . . . . . . X . . . . . X X X X
 6 . . . X . . . X X X . . . . . X . . .
 5 . . . X . . . X . X . . . . . X . . X
 4 . . . X . . . . X X X . . . . X X . .
 3 . X X X X X . X X . X X . . . X X X X
 2 . X . . X . X . X X X . X . . X . X .
 1 X X . . . X X X . . . X . . . . X . .

koPOSITIONALscoreAREAtaxNONEsui1komi7.5
Time taken: 0.00204202
Root visits: 125
New playouts: 125
NN rows: 0
NN batches: 0
NN avg batch size: -nan
PlayoutDoublingAdvantage: -2.75
PV: pass S5 S4 pass
Tree:
: T 108.06c W 100.00c S   5.85c (+331.2 L +330.9) N     125  --  pass S5 S4 pass
---Black(^)---
pss : T 119.12c W 100.00c S  16.83c (+344.9 L +342.9) LCB  114.51c P 23.59% WF 320.4 PSV     302 N      64  --  pass S5 S4 pass
G4  : T  88.14c W 100.00c S -11.86c (+306.9 L +309.7) LCB -262.00c P  3.61% WF   3.1 PSV       1 N       1  --  G4
G3  : T  88.19c W 100.00c S -11.81c (+307.0 L +309.8) LCB -261.81c P  3.47% WF   3.0 PSV       1 N       1  --  G3
F13 : T  88.26c W 100.00c S -11.74c (+307.5 L +310.3) LCB -261.88c P  3.07% WF   3.3 PSV       1 N       1  --  F13
P18 : T  88.14c W 100.00c S -11.86c (+306.8 L +309.6) LCB -261.86c P  2.72% WF   3.1 PSV       1 N       1  --  P18
Q19 : T  87.98c W 100.00c S -12.02c (+306.2 L +308.9) LCB -262.02c P  2.69% WF   3.1 PSV       1 N       1  --  Q19
S5  : T  88.32c W 100.00c S -11.68c (+307.4 L +310.5) LCB -261.82c P  2.46% WF   3.0 PSV       1 N       1  --  S5
N3  : T  87.98c W 100.00c S -12.02c (+306.3 L +309.0) LCB -262.02c P  2.31% WF   3.1 PSV       1 N       1  --  N3
F15 : T  88.33c W 100.00c S -11.67c (+307.8 L +310.4) LCB -261.81c P  2.12% WF   3.2 PSV       0 N       1  --  F15
Q12 : T  88.13c W 100.00c S -11.87c (+306.9 L +309.5) LCB -261.87c P  1.96% WF   3.1 PSV       0 N       1  --  Q12

2025-11-16 20:57:06-0500: play pass
2025-11-16 20:57:06-0500: Controller: kata-set-param maxVisits 300
2025-11-16 20:57:06-0500: = 
2025-11-16 20:57:06-0500: Controller: kata-genmove_analyze b
2025-11-16 20:57:06-0500: =
2025-11-16 20:57:06-0500: MoveNum: 0 HASH: A9048A049F5056910B148E5F089B2B04
   A B C D E F G H J K L M N O P Q R S T
19 . . . . . . . . . X . . . . X . . X .
18 X X X X . . . . X . X . . . . X X . X
17 . . . X . . . . . X X . . . . X . X .
16 . . . X X . . . . X X . . . . X X X .
15 . X X X . . . . . . . . . . . X X . X
14 X X X . X . . . . . . . . . . X X X .
13 X X . X . . . . . . . . . . . X . X .
12 . . X . X . . . . X . . . . . . X . X
11 X X X X . . . . . X . . . . . . . X .
10 X . X . . . . . . X . . . . . X X X .
 9 X X . . . . . . . . . . . . . X . X X
 8 . . . . . . . . . . . . . . X . X . .
 7 . . . . . . . . . X . . . . . X X X X
 6 . . . X . . . X X X . . . . . X . . .
 5 . . . X . . . X . X . . . . . X . . X
 4 . . . X . . . . X X X . . . . X X . .
 3 . X X X X X . X X . X X . . . X X X X
 2 . X . . X . X . X X X . X . . X . X .
 1 X X . . . X X X . . . X . . . . X . .

koPOSITIONALscoreAREAtaxNONEsui1komi7.5
Time taken: 0.00194629
Root visits: 125
New playouts: 125
NN rows: 0
NN batches: 0
NN avg batch size: -nan
PlayoutDoublingAdvantage: -2.75
PV: pass S5 S6 G18
Tree:
: T 107.65c W 100.00c S   5.62c (+330.9 L +330.7) N     125  --  pass S5 S6 G18
---Black(^)---
pss : T 118.85c W 100.00c S  16.90c (+344.9 L +342.9) LCB  114.03c P 23.59% WF 314.6 PSV     297 N      63  --  pass S5 S6 G18
G4  : T  88.14c W 100.00c S -11.86c (+306.9 L +309.7) LCB -262.00c P  3.61% WF   3.1 PSV       1 N       1  --  G4
G3  : T  88.19c W 100.00c S -11.81c (+307.0 L +309.8) LCB -261.81c P  3.47% WF   3.0 PSV       1 N       1  --  G3
F13 : T  88.26c W 100.00c S -11.74c (+307.5 L +310.3) LCB -261.88c P  3.07% WF   3.3 PSV       1 N       1  --  F13
P18 : T  88.14c W 100.00c S -11.86c (+306.8 L +309.6) LCB -261.86c P  2.72% WF   3.1 PSV       1 N       1  --  P18
Q19 : T  87.98c W 100.00c S -12.02c (+306.2 L +308.9) LCB -262.02c P  2.69% WF   3.1 PSV       1 N       1  --  Q19
S5  : T  88.32c W 100.00c S -11.68c (+307.4 L +310.5) LCB -261.82c P  2.46% WF   3.0 PSV       1 N       1  --  S5
N3  : T  87.98c W 100.00c S -12.02c (+306.3 L +309.0) LCB -262.02c P  2.31% WF   3.1 PSV       1 N       1  --  N3
F15 : T  88.33c W 100.00c S -11.67c (+307.8 L +310.4) LCB -261.81c P  2.12% WF   3.2 PSV       0 N       1  --  F15
Q12 : T  88.13c W 100.00c S -11.87c (+306.9 L +309.5) LCB -261.87c P  1.96% WF   3.1 PSV       0 N       1  --  Q12

2025-11-16 20:57:06-0500: play pass
2025-11-16 20:57:06-0500: Controller: kata-set-param maxVisits 100
2025-11-16 20:57:06-0500: = 
2025-11-16 20:57:06-0500: Controller: kata-genmove_analyze b
2025-11-16 20:57:06-0500: =
2025-11-16 20:57:06-0500: MoveNum: 0 HASH: A9048A049F5056910B148E5F089B2B04
   A B C D E F G H J K L M N O P Q R S T
19 . . . . . . . . . X . . . . X . . X .
18 X X X X . . . . X . X . . . . X X . X
17 . . . X . . . . . X X . . . . X . X .
16 . . . X X . . . . X X . . . . X X X .
15 . X X X . . . . . . . . . . . X X . X
14 X X X . X . . . . . . . . . . X X X .
13 X X . X . . . . . . . . . . . X . X .
12 . . X . X . . . . X . . . . . . X . X
11 X X X X . . . . . X . . . . . . . X .
10 X . X . . . . . . X . . . . . X X X .
 9 X X . . . . . . . . . . . . . X . X X
 8 . . . . . . . . . . . . . . X . X . .
 7 . . . . . . . . . X . . . . . X X X X
 6 . . . X . . . X X X . . . . . X . . .
 5 . . . X . . . X . X . . . . . X . . X
 4 . . . X . . . . X X X . . . . X X . .
 3 . X X X X X . X X . X X . . . X X X X
 2 . X . . X . X . X X X . X . . X . X .
 1 X X . . . X X X . . . X . . . . X . .

koPOSITIONALscoreAREAtaxNONEsui1komi7.5
Time taken: 0.000992253
Root visits: 44
New playouts: 44
NN rows: 0
NN batches: 0
NN avg batch size: -nan
PlayoutDoublingAdvantage: -2.75
PV: pass S5
Tree:
: T 102.53c W 100.00c S   1.42c (+324.7 L +325.4) N      44  --  pass S5
---Black(^)---
pss : T 118.85c W 100.00c S  17.69c (+345.3 L +343.8) LCB  107.87c P 23.59% WF  74.3 PSV      69 N      14  --  pass S5
G4  : T  88.14c W 100.00c S -11.86c (+306.9 L +309.7) LCB -262.00c P  3.61% WF   3.2 PSV       0 N       1  --  G4
G3  : T  88.19c W 100.00c S -11.81c (+307.0 L +309.8) LCB -261.81c P  3.47% WF   3.1 PSV       0 N       1  --  G3
F13 : T  88.26c W 100.00c S -11.74c (+307.5 L +310.3) LCB -261.88c P  3.07% WF   3.4 PSV       0 N       1  --  F13
P18 : T  88.14c W 100.00c S -11.86c (+306.8 L +309.6) LCB -261.86c P  2.72% WF   3.2 PSV       0 N       1  --  P18
Q19 : T  87.98c W 100.00c S -12.02c (+306.2 L +308.9) LCB -262.02c P  2.69% WF   3.2 PSV       0 N       1  --  Q19
S5  : T  88.32c W 100.00c S -11.68c (+307.4 L +310.5) LCB -261.82c P  2.46% WF   3.1 PSV       0 N       1  --  S5
N3  : T  87.98c W 100.00c S -12.02c (+306.3 L +309.0) LCB -262.02c P  2.31% WF   3.2 PSV       0 N       1  --  N3
F15 : T  88.33c W 100.00c S -11.67c (+307.8 L +310.4) LCB -261.81c P  2.12% WF   3.3 PSV       0 N       1  --  F15
Q12 : T  88.13c W 100.00c S -11.87c (+306.9 L +309.5) LCB -261.87c P  1.96% WF   3.2 PSV       0 N       1  --  Q12

2025-11-16 20:57:06-0500: play pass
2025-11-16 20:57:06-0500: Controller: kata-set-param maxVisits 100
2025-11-16 20:57:06-0500: = 
2025-11-16 20:57:06-0500: Controller: kata-genmove_analyze b
2025-11-16 20:57:06-0500: =
2025-11-16 20:57:06-0500: MoveNum: 0 HASH: A9048A049F5056910B148E5F089B2B04
   A B C D E F G H J K L M N O P Q R S T
19 . . . . . . . . . X . . . . X . . X .
18 X X X X . . . . X . X . . . . X X . X
17 . . . X . . . . . X X . . . . X . X .
16 . . . X X . . . . X X . . . . X X X .
15 . X X X . . . . . . . . . . . X X . X
14 X X X . X . . . . . . . . . . X X X .
13 X X . X . . . . . . . . . . . X . X .
12 . . X . X . . . . X . . . . . . X . X
11 X X X X . . . . . X . . . . . . . X .
10 X . X . . . . . . X . . . . . X X X .
 9 X X . . . . . . . . . . . . . X . X X
 8 . . . . . . . . . . . . . . X . X . .
 7 . . . . . . . . . X . . . . . X X X X
 6 . . . X . . . X X X . . . . . X . . .
 5 . . . X . . . X . X . . . . . X . . X
 4 . . . X . . . . X X X . . . . X X . .
 3 . X X X X X . X X . X X . . . X X X X
 2 . X . . X . X . X X X . X . . X . X .
 1 X X . . . X X X . . . X . . . . X . .

koPOSITIONALscoreAREAtaxNONEsui1komi7.5
Time taken: 0.00119688
Root visits: 43
New playouts: 43
NN rows: 0
NN batches: 0
NN avg batch size: -nan
PlayoutDoublingAdvantage: -2.75
PV: pass S5
Tree:
: T 100.37c W 100.00c S  -0.41c (+322.0 L +323.0) N      43  --  pass S5
---Black(^)---
pss : T 118.44c W 100.00c S  17.09c (+344.8 L +343.4) LCB  104.01c P 23.59% WF  59.2 PSV      55 N      11  --  pass S5
G4  : T  88.14c W 100.00c S -11.86c (+306.9 L +309.7) LCB -262.00c P  3.61% WF   3.3 PSV       0 N       1  --  G4
G3  : T  88.19c W 100.00c S -11.81c (+307.0 L +309.8) LCB -261.81c P  3.47% WF   3.1 PSV       0 N       1  --  G3
F13 : T  88.26c W 100.00c S -11.74c (+307.5 L +310.3) LCB -261.88c P  3.07% WF   3.4 PSV       0 N       1  --  F13
P18 : T  88.14c W 100.00c S -11.86c (+306.8 L +309.6) LCB -261.86c P  2.72% WF   3.2 PSV       0 N       1  --  P18
Q19 : T  87.98c W 100.00c S -12.02c (+306.2 L +308.9) LCB -262.02c P  2.69% WF   3.3 PSV       0 N       1  --  Q19
S5  : T  88.32c W 100.00c S -11.68c (+307.4 L +310.5) LCB -261.82c P  2.46% WF   3.2 PSV       0 N       1  --  S5
N3  : T  87.98c W 100.00c S -12.02c (+306.3 L +309.0) LCB -262.02c P  2.31% WF   3.2 PSV       0 N       1  --  N3
F15 : T  88.33c W 100.00c S -11.67c (+307.8 L +310.4) LCB -261.81c P  2.12% WF   3.4 PSV       0 N       1  --  F15
Q12 : T  88.13c W 100.00c S -11.87c (+306.9 L +309.5) LCB -261.87c P  1.96% WF   3.2 PSV       0 N       1  --  Q12

2025-11-16 20:57:06-0500: play pass
2025-11-16 20:57:06-0500: Controller: kata-set-param maxVisits 100
2025-11-16 20:57:06-0500: = 
2025-11-16 20:57:06-0500: Controller: kata-genmove_analyze b
2025-11-16 20:57:06-0500: =
2025-11-16 20:57:06-0500: MoveNum: 0 HASH: A9048A049F5056910B148E5F089B2B04
   A B C D E F G H J K L M N O P Q R S T
19 . . . . . . . . . X . . . . X . . X .
18 X X X X . . . . X . X . . . . X X . X
17 . . . X . . . . . X X . . . . X . X .
16 . . . X X . . . . X X . . . . X X X .
15 . X X X . . . . . . . . . . . X X . X
14 X X X . X . . . . . . . . . . X X X .
13 X X . X . . . . . . . . . . . X . X .
12 . . X . X . . . . X . . . . . . X . X
11 X X X X . . . . . X . . . . . . . X .
10 X . X . . . . . . X . . . . . X X X .
 9 X X . . . . . . . . . . . . . X . X X
 8 . . . . . . . . . . . . . . X . X . .
 7 . . . . . . . . . X . . . . . X X X X
 6 . . . X . . . X X X . . . . . X . . .
 5 . . . X . . . X . X . . . . . X . . X
 4 . . . X . . . . X X X . . . . X X . .
 3 . X X X X X . X X . X X . . . X X X X
 2 . X . . X . X . X X X . X . . X . X .
 1 X X . . . X X X . . . X . . . . X . .

koPOSITIONALscoreAREAtaxNONEsui1komi7.5
Time taken: 0.0010306
Root visits: 42
New playouts: 42
NN rows: 0
NN batches: 0
NN avg batch size: -nan
PlayoutDoublingAdvantage: -2.75
PV: pass S5
Tree:
: T 101.42c W 100.00c S   0.48c (+323.3 L +324.1) N      42  --  pass S5
---Black(^)---
pss : T 118.59c W 100.00c S  17.31c (+344.9 L +343.5) LCB  105.55c P 23.59% WF  64.3 PSV      60 N      12  --  pass S5
G4  : T  88.14c W 100.00c S -11.86c (+306.9 L +309.7) LCB -262.00c P  3.61% WF   3.2 PSV       0 N       1  --  G4
G3  : T  88.19c W 100.00c S -11.81c (+307.0 L +309.8) LCB -261.81c P  3.47% WF   3.1 PSV       0 N       1  --  G3
F13 : T  88.26c W 100.00c S -11.74c (+307.5 L +310.3) LCB -261.88c P  3.07% WF   3.4 PSV       0 N       1  --  F13
P18 : T  88.14c W 100.00c S -11.86c (+306.8 L +309.6) LCB -261.86c P  2.72% WF   3.2 PSV       0 N       1  --  P18
Q19 : T  87.98c W 100.00c S -12.02c (+306.2 L +308.9) LCB -262.02c P  2.69% WF   3.3 PSV       0 N       1  --  Q19
S5  : T  88.32c W 100.00c S -11.68c (+307.4 L +310.5) LCB -261.82c P  2.46% WF   3.2 PSV       0 N       1  --  S5
N3  : T  87.98c W 100.00c S -12.02c (+306.3 L +309.0) LCB -262.02c P  2.31% WF   3.2 PSV       0 N       1  --  N3
F15 : T  88.33c W 100.00c S -11.67c (+307.8 L +310.4) LCB -261.81c P  2.12% WF   3.3 PSV       0 N       1  --  F15
Q12 : T  88.13c W 100.00c S -11.87c (+306.9 L +309.5) LCB -261.87c P  1.96% WF   3.2 PSV       0 N       1  --  Q12

2025-11-16 20:57:06-0500: play pass
2025-11-16 20:57:06-0500: Controller: kata-set-param maxVisits 100
2025-11-16 20:57:06-0500: = 
2025-11-16 20:57:06-0500: Controller: kata-genmove_analyze b
2025-11-16 20:57:06-0500: =
2025-11-16 20:57:06-0500: MoveNum: 0 HASH: A9048A049F5056910B148E5F089B2B04
   A B C D E F G H J K L M N O P Q R S T
19 . . . . . . . . . X . . . . X . . X .
18 X X X X . . . . X . X . . . . X X . X
17 . . . X . . . . . X X . . . . X . X .
16 . . . X X . . . . X X . . . . X X X .
15 . X X X . . . . . . . . . . . X X . X
14 X X X . X . . . . . . . . . . X X X .
13 X X . X . . . . . . . . . . . X . X .
12 . . X . X . . . . X . . . . . . X . X
11 X X X X . . . . . X . . . . . . . X .
10 X . X . . . . . . X . . . . . X X X .
 9 X X . . . . . . . . . . . . . X . X X
 8 . . . . . . . . . . . . . . X . X . .
 7 . . . . . . . . . X . . . . . X X X X
 6 . . . X . . . X X X . . . . . X . . .
 5 . . . X . . . X . X . . . . . X . . X
 4 . . . X . . . . X X X . . . . X X . .
 3 . X X X X X . X X . X X . . . X X X X
 2 . X . . X . X . X X X . X . . X . X .
 1 X X . . . X X X . . . X . . . . X . .

koPOSITIONALscoreAREAtaxNONEsui1komi7.5
Time taken: 0.000957711
Root visits: 44
New playouts: 44
NN rows: 0
NN batches: 0
NN avg batch size: -nan
PlayoutDoublingAdvantage: -2.75
PV: pass S5
Tree:
: T 101.81c W 100.00c S   0.82c (+323.8 L +324.6) N      44  --  pass S5
---Black(^)---
pss : T 118.78c W 100.00c S  17.57c (+345.2 L +343.7) LCB  106.86c P 23.59% WF  69.5 PSV      64 N      13  --  pass S5
G4  : T  88.14c W 100.00c S -11.86c (+306.9 L +309.7) LCB -262.00c P  3.61% WF   3.2 PSV       0 N       1  --  G4
G3  : T  88.19c W 100.00c S -11.81c (+307.0 L +309.8) LCB -261.81c P  3.47% WF   3.1 PSV       0 N       1  --  G3
F13 : T  88.26c W 100.00c S -11.74c (+307.5 L +310.3) LCB -261.88c P  3.07% WF   3.4 PSV       0 N       1  --  F13
P18 : T  88.14c W 100.00c S -11.86c (+306.8 L +309.6) LCB -261.86c P  2.72% WF   3.2 PSV       0 N       1  --  P18
Q19 : T  87.98c W 100.00c S -12.02c (+306.2 L +308.9) LCB -262.02c P  2.69% WF   3.2 PSV       0 N       1  --  Q19
S5  : T  88.32c W 100.00c S -11.68c (+307.4 L +310.5) LCB -261.82c P  2.46% WF   3.1 PSV       0 N       1  --  S5
N3  : T  87.98c W 100.00c S -12.02c (+306.3 L +309.0) LCB -262.02c P  2.31% WF   3.2 PSV       0 N       1  --  N3
F15 : T  88.33c W 100.00c S -11.67c (+307.8 L +310.4) LCB -261.81c P  2.12% WF   3.3 PSV       0 N       1  --  F15
Q12 : T  88.13c W 100.00c S -11.87c (+306.9 L +309.5) LCB -261.87c P  1.96% WF   3.2 PSV       0 N       1  --  Q12

2025-11-16 20:57:06-0500: play pass
2025-11-16 20:57:06-0500: Controller: kata-set-param maxVisits 300
2025-11-16 20:57:06-0500: = 
2025-11-16 20:57:06-0500: Controller: kata-genmove_analyze b
2025-11-16 20:57:06-0500: =
2025-11-16 20:57:06-0500: MoveNum: 0 HASH: A9048A049F5056910B148E5F089B2B04
   A B C D E F G H J K L M N O P Q R S T
19 . . . . . . . . . X . . . . X . . X .
18 X X X X . . . . X . X . . . . X X . X
17 . . . X . . . . . X X . . . . X . X .
16 . . . X X . . . . X X . . . . X X X .
15 . X X X . . . . . . . . . . . X X . X
14 X X X . X . . . . . . . . . . X X X .
13 X X . X . . . . . . . . . . . X . X .
12 . . X . X . . . . X . . . . . . X . X
11 X X X X . . . . . X . . . . . . . X .
10 X . X . . . . . . X . . . . . X X X .
 9 X X . . . . . . . . . . . . . X . X X
 8 . . . . . . . . . . . . . . X . X . .
 7 . . . . . . . . . X . . . . . X X X X
 6 . . . X . . . X X X . . . . . X . . .
 5 . . . X . . . X . X . . . . . X . . X
 4 . . . X . . . . X X X . . . . X X . .
 3 . X X X X X . X X . X X . . . X X X X
 2 . X . . X . X . X X X . X . . X . X .
 1 X X . . . X X X . . . X . . . . X . .

koPOSITIONALscoreAREAtaxNONEsui1komi7.5
Time taken: 0.002307
Root visits: 125
New playouts: 125
NN rows: 0
NN batches: 0
NN avg batch size: -nan
PlayoutDoublingAdvantage: -2.75
PV: pass S5 T4 G18
Tree:
: T 109.14c W 100.00c S   6.76c (+332.5 L +332.1) N     125  --  pass S5 T4 G18
---Black(^)---
pss : T 119.70c W 100.00c S  17.46c (+345.6 L +343.5) LCB  115.72c P 23.59% WF 337.7 PSV     320 N      67  --  pass S5 T4 G18
G4  : T  88.14c W 100.00c S -11.86c (+306.9 L +309.7) LCB -262.00c P  3.61% WF   3.1 PSV       1 N       1  --  G4
G3  : T  88.19c W 100.00c S -11.81c (+307.0 L +309.8) LCB -261.81c P  3.47% WF   3.0 PSV       1 N       1  --  G3
F13 : T  88.26c W 100.00c S -11.74c (+307.5 L +310.3) LCB -261.88c P  3.07% WF   3.2 PSV       1 N       1  --  F13
P18 : T  88.14c W 100.00c S -11.86c (+306.8 L +309.6) LCB -261.86c P  2.72% WF   3.0 PSV       1 N       1  --  P18
Q19 : T  87.98c W 100.00c S -12.02c (+306.2 L +308.9) LCB -262.02c P  2.69% WF   3.1 PSV       1 N       1  --  Q19
S5  : T  88.32c W 100.00c S -11.68c (+307.4 L +310.5) LCB -261.82c P  2.46% WF   3.0 PSV       1 N       1  --  S5
N3  : T  87.98c W 100.00c S -12.02c (+306.3 L +309.0) LCB -262.02c P  2.31% WF   3.1 PSV       1 N       1  --  N3
F15 : T  88.33c W 100.00c S -11.67c (+307.8 L +310.4) LCB -261.81c P  2.12% WF   3.2 PSV       0 N       1  --  F15
Q12 : T  88.13c W 100.00c S -11.87c (+306.9 L +309.5) LCB -261.87c P  1.96% WF   3.0 PSV       0 N       1  --  Q12

2025-11-16 20:57:06-0500: play pass
2025-11-16 20:57:06-0500: Controller: kata-set-param maxVisits 100
2025-11-16 20:57:06-0500: = 
2025-11-16 20:57:06-0500: Controller: kata-genmove_analyze b
2025-11-16 20:57:06-0500: =
2025-11-16 20:57:06-0500: MoveNum: 0 HASH: A9048A049F5056910B148E5F089B2B04
   A B C D E F G H J K L M N O P Q R S T
19 . . . . . . . . . X . . . . X . . X .
18 X X X X . . . . X . X . . . . X X . X
17 . . . X . . . . . X X . . . . X . X .
16 . . . X X . . . . X X . . . . X X X .
15 . X X X . . . . . . . . . . . X X . X
14 X X X . X . . . . . . . . . . X X X .
13 X X . X . . . . . . . . . . . X . X .
12 . . X . X . . . . X . . . . . . X . X
11 X X X X . . . . . X . . . . . . . X .
10 X . X . . . . . . X . . . . . X X X .
 9 X X . . . . . . . . . . . . . X . X X
 8 . . . . . . . . . . . . . . X . X . .
 7 . . . . . . . . . X . . . . . X X X X
 6 . . . X . . . X X X . . . . . X . . .
 5 . . . X . . . X . X . . . . . X . . X
 4 . . . X . . . . X X X . . . . X X . .
 3 . X X X X X . X X . X X . . . X X X X
 2 . X . . X . X . X X X . X . . X . X .
 1 X X . . . X X X . . . X . . . . X . .

koPOSITIONALscoreAREAtaxNONEsui1komi7.5
Time taken: 0.00104296
Root visits: 44
New playouts: 44
NN rows: 0
NN batches: 0
NN avg batch size: -nan
PlayoutDoublingAdvantage: -2.75
PV: pass S5
Tree:
: T 101.81c W 100.00c S   0.82c (+323.8 L +324.6) N      44  --  pass S5
---Black(^)---
pss : T 118.78c W 100.00c S  17.57c (+345.2 L +343.7) LCB  106.86c P 23.59% WF  69.5 PSV      64 N      13  --  pass S5
G4  : T  88.14c W 100.00c S -11.86c (+306.9 L +309.7) LCB -262.00c P  3.61% WF   3.2 PSV       0 N       1  --  G4
G3  : T  88.19c W 100.00c S -11.81c (+307.0 L +309.8) LCB -261.81c P  3.47% WF   3.1 PSV       0 N       1  --  G3
F13 : T  88.26c W 100.00c S -11.74c (+307.5 L +310.3) LCB -261.88c P  3.07% WF   3.4 PSV       0 N       1  --  F13
P18 : T  88.14c W 100.00c S -11.86c (+306.8 L +309.6) LCB -261.86c P  2.72% WF   3.2 PSV       0 N       1  --  P18
Q19 : T  87.98c W 100.00c S -12.02c (+306.2 L +308.9) LCB -262.02c P  2.69% WF   3.2 PSV       0 N       1  --  Q19
S5  : T  88.32c W 100.00c S -11.68c (+307.4 L +310.5) LCB -261.82c P  2.46% WF   3.1 PSV       0 N       1  --  S5
N3  : T  87.98c W 100.00c S -12.02c (+306.3 L +309.0) LCB -262.02c P  2.31% WF   3.2 PSV       0 N       1  --  N3
F15 : T  88.33c W 100.00c S -11.67c (+307.8 L +310.4) LCB -261.81c P  2.12% WF   3.3 PSV       0 N       1  --  F15
Q12 : T  88.13c W 100.00c S -11.87c (+306.9 L +309.5) LCB -261.87c P  1.96% WF   3.2 PSV       0 N       1  --  Q12

2025-11-16 20:57:06-0500: play pass
2025-11-16 20:57:06-0500: Controller: kata-set-param maxVisits 100
2025-11-16 20:57:06-0500: = 
2025-11-16 20:57:06-0500: Controller: kata-genmove_analyze b
2025-11-16 20:57:06-0500: =
2025-11-16 20:57:06-0500: MoveNum: 0 HASH: A9048A049F5056910B148E5F089B2B04
   A B C D E F G H J K L M N O P Q R S T
19 . . . . . . . . . X . . . . X . . X .
18 X X X X . . . . X . X . . . . X X . X
17 . . . X . . . . . X X . . . . X . X .
16 . . . X X . . . . X X . . . . X X X .
15 . X X X . . . . . . . . . . . X X . X
14 X X X . X . . . . . . . . . . X X X .
13 X X . X . . . . . . . . . . . X . X .
12 . . X . X . . . . X . . . . . . X . X
11 X X X X . . . . . X . . . . . . . X .
10 X . X . . . . . . X . . . . . X X X .
 9 X X . . . . . . . . . . . . . X . X X
 8 . . . . . . . . . . . . . . X . X . .
 7 . . . . . . . . . X . . . . . X X X X
 6 . . . X . . . X X X . . . . . X . . .
 5 . . . X . . . X . X . . . . . X . . X
 4 . . . X . . . . X X X . . . . X X . .
 3 . X X X X X . X X . X X . . . X X X X
 2 . X . . X . X . X X X . X . . X . X .
 1 X X . . . X X X . . . X . . . . X . .

koPOSITIONALscoreAREAtaxNONEsui1komi7.5
Time taken: 0.00124824
Root visits: 42
New playouts: 42
NN rows: 0
NN batches: 0
NN avg batch size: -nan
PlayoutDoublingAdvantage: -2.75
PV: pass S5
Tree:
: T 101.42c W 100.00c S   0.48c (+323.3 L +324.1) N      42  --  pass S5
---Black(^)---
pss : T 118.59c W 100.00c S  17.31c (+344.9 L +343.5) LCB  105.55c P 23.59% WF  64.3 PSV      60 N      12  --  pass S5
G4  : T  88.14c W 100.00c S -11.86c (+306.9 L +309.7) LCB -262.00c P  3.61% WF   3.2 PSV       0 N       1  --  G4
G3  : T  88.19c W 100.00c S -11.81c (+307.0 L +309.8) LCB -261.81c P  3.47% WF   3.1 PSV       0 N       1  --  G3
F13 : T  88.26c W 100.00c S -11.74c (+307.5 L +310.3) LCB -261.88c P  3.07% WF   3.4 PSV       0 N       1  --  F13
P18 : T  88.14c W 100.00c S -11.86c (+306.8 L +309.6) LCB -261.86c P  2.72% WF   3.2 PSV       0 N       1  --  P18
Q19 : T  87.98c W 100.00c S -12.02c (+306.2 L +308.9) LCB -262.02c P  2.69% WF   3.3 PSV       0 N       1  --  Q19
S5  : T  88.32c W 100.00c S -11.68c (+307.4 L +310.5) LCB -261.82c P  2.46% WF   3.2 PSV       0 N       1  --  S5
N3  : T  87.98c W 100.00c S -12.02c (+306.3 L +309.0) LCB -262.02c P  2.31% WF   3.2 PSV       0 N       1  --  N3
F15 : T  88.33c W 100.00c S -11.67c (+307.8 L +310.4) LCB -261.81c P  2.12% WF   3.3 PSV       0 N       1  --  F15
Q12 : T  88.13c W 100.00c S -11.87c (+306.9 L +309.5) LCB -261.87c P  1.96% WF   3.2 PSV       0 N       1  --  Q12

2025-11-16 20:57:06-0500: play pass
2025-11-16 20:57:06-0500: Controller: kata-set-param maxVisits 100
2025-11-16 20:57:06-0500: = 
2025-11-16 20:57:06-0500: Controller: kata-genmove_analyze b
2025-11-16 20:57:06-0500: =
2025-11-16 20:57:06-0500: MoveNum: 0 HASH: A9048A049F5056910B148E5F089B2B04
   A B C D E F G H J K L M N O P Q R S T
19 . . . . . . . . . X . . . . X . . X .
18 X X X X . . . . X . X . . . . X X . X
17 . . . X . . . . . X X . . . . X . X .
16 . . . X X . . . . X X . . . . X X X .
15 . X X X . . . . . . . . . . . X X . X
14 X X X . X . . . . . . . . . . X X X .
13 X X . X . . . . . . . . . . . X . X .
12 . . X . X . . . . X . . . . . . X . X
11 X X X X . . . . . X . . . . . . . X .
10 X . X . . . . . . X . . . . . X X X .
 9 X X . . . . . . . . . . . . . X . X X
 8 . . . . . . . . . . . . . . X . X . .
 7 . . . . . . . . . X . . . . . X X X X
 6 . . . X . . . X X X . . . . . X . . .
 5 . . . X . . . X . X . . . . . X . . X
 4 . . . X . . . . X X X . . . . X X . .
 3 . X X X X X . X X . X X . . . X X X X
 2 . X . . X . X . X X X . X . . X . X .
 1 X X . . . X X X . . . X . . . . X . .

koPOSITIONALscoreAREAtaxNONEsui1komi7.5
Time taken: 0.00155825
Root visits: 43
New playouts: 43
NN rows: 0
NN batches: 0
NN avg batch size: -nan
PlayoutDoublingAdvantage: -2.75
PV: pass S5
Tree:
: T 102.03c W 100.00c S   1.00c (+324.1 L +324.8) N      43  --  pass S5
---Black(^)---
pss : T 118.78c W 100.00c S  17.57c (+345.2 L +343.7) LCB  106.86c P 23.59% WF  69.5 PSV      64 N      13  --  pass S5
G4  : T  88.14c W 100.00c S -11.86c (+306.9 L +309.7) LCB -262.00c P  3.61% WF   3.2 PSV       0 N       1  --  G4
G3  : T  88.19c W 100.00c S -11.81c (+307.0 L +309.8) LCB -261.81c P  3.47% WF   3.1 PSV       0 N       1  --  G3
F13 : T  88.26c W 100.00c S -11.74c (+307.5 L +310.3) LCB -261.88c P  3.07% WF   3.4 PSV       0 N       1  --  F13
P18 : T  88.14c W 100.00c S -11.86c (+306.8 L +309.6) LCB -261.86c P  2.72% WF   3.2 PSV       0 N       1  --  P18
Q19 : T  87.98c W 100.00c S -12.02c (+306.2 L +308.9) LCB -262.02c P  2.69% WF   3.2 PSV       0 N       1  --  Q19
S5  : T  88.32c W 100.00c S -11.68c (+307.4 L +310.5) LCB -261.82c P  2.46% WF   3.1 PSV       0 N       1  --  S5
N3  : T  87.98c W 100.00c S -12.02c (+306.3 L +309.0) LCB -262.02c P  2.31% WF   3.2 PSV       0 N       1  --  N3
F15 : T  88.33c W 100.00c S -11.67c (+307.8 L +310.4) LCB -261.81c P  2.12% WF   3.3 PSV       0 N       1  --  F15
Q12 : T  88.13c W 100.00c S -11.87c (+306.9 L +309.5) LCB -261.87c P  1.96% WF   3.2 PSV       0 N       1  --  Q12

2025-11-16 20:57:06-0500: play pass
2025-11-16 20:57:06-0500: Controller: kata-set-param maxVisits 300
2025-11-16 20:57:06-0500: = 
2025-11-16 20:57:06-0500: Controller: kata-genmove_analyze b
2025-11-16 20:57:06-0500: =
2025-11-16 20:57:07-0500: MoveNum: 0 HASH: A9048A049F5056910B148E5F089B2B04
   A B C D E F G H J K L M N O P Q R S T
19 . . . . . . . . . X . . . . X . . X .
18 X X X X . . . . X . X . . . . X X . X
17 . . . X . . . . . X X . . . . X . X .
16 . . . X X . . . . X X . . . . X X X .
15 . X X X . . . . . . . . . . . X X . X
14 X X X . X . . . . . . . . . . X X X .
13 X X . X . . . . . . . . . . . X . X .
12 . . X . X . . . . X . . . . . . X . X
11 X X X X . . . . . X . . . . . . . X .
10 X . X . . . . . . X . . . . . X X X .
 9 X X . . . . . . . . . . . . . X . X X
 8 . . . . . . . . . . . . . . X . X . .
 7 . . . . . . . . . X . . . . . X X X X
 6 . . . X . . . X X X . . . . . X . . .
 5 . . . X . . . X . X . . . . . X . . X
 4 . . . X . . . . X X X . . . . X X . .
 3 . X X X X X . X X . X X . . . X X X X
 2 . X . . X . X . X X X . X . . X . X .
 1 X X . . . X X X . . . X . . . . X . .

koPOSITIONALscoreAREAtaxNONEsui1komi7.5
Time taken: 1.01443
Root visits: 128
New playouts: 128
NN rows: 2
NN batches: 2
NN avg batch size: 1
PlayoutDoublingAdvantage: -2.75
PV: pass S5 S4 G18
Tree:
: T 108.23c W 100.00c S   6.30c (+331.9 L +331.6) N     128  --  pass S5 S4 G18
---Black(^)---
pss : T 117.64c W 100.00c S  15.69c (+343.7 L +342.0) LCB  112.00c P 23.59% WF 351.5 PSV     335 N      72  --  pass S5 S4 G18
G4  : T  88.14c W 100.00c S -11.86c (+306.9 L +309.7) LCB -262.00c P  3.61% WF   3.1 PSV       1 N       1  --  G4
G3  : T  88.19c W 100.00c S -11.81c (+307.0 L +309.8) LCB -261.81c P  3.47% WF   3.0 PSV       1 N       1  --  G3
F13 : T  88.26c W 100.00c S -11.74c (+307.5 L +310.3) LCB -261.88c P  3.07% WF   3.2 PSV       1 N       1  --  F13
P18 : T  88.14c W 100.00c S -11.86c (+306.8 L +309.6) LCB -261.86c P  2.72% WF   3.1 PSV       1 N       1  --  P18
Q19 : T  87.98c W 100.00c S -12.02c (+306.2 L +308.9) LCB -262.02c P  2.69% WF   3.1 PSV       1 N       1  --  Q19
S5  : T  88.32c W 100.00c S -11.68c (+307.4 L +310.5) LCB -261.82c P  2.46% WF   3.0 PSV       1 N       1  --  S5
N3  : T  87.98c W 100.00c S -12.02c (+306.3 L +309.0) LCB -262.02c P  2.31% WF   3.1 PSV       1 N       1  --  N3
F15 : T  88.33c W 100.00c S -11.67c (+307.8 L +310.4) LCB -261.81c P  2.12% WF   3.2 PSV       1 N       1  --  F15
Q12 : T  88.13c W 100.00c S -11.87c (+306.9 L +309.5) LCB -261.87c P  1.96% WF   3.1 PSV       0 N       1  --  Q12

2025-11-16 20:57:07-0500: play pass
2025-11-16 20:57:07-0500: Controller: kata-set-param maxVisits 100
2025-11-16 20:57:07-0500: = 
2025-11-16 20:57:07-0500: Controller: kata-genmove_analyze b
2025-11-16 20:57:07-0500: =
2025-11-16 20:57:07-0500: MoveNum: 0 HASH: A9048A049F5056910B148E5F089B2B04
   A B C D E F G H J K L M N O P Q R S T
19 . . . . . . . . . X . . . . X . . X .
18 X X X X . . . . X . X . . . . X X . X
17 . . . X . . . . . X X . . . . X . X .
16 . . . X X . . . . X X . . . . X X X .
15 . X X X . . . . . . . . . . . X X . X
14 X X X . X . . . . . . . . . . X X X .
13 X X . X . . . . . . . . . . . X . X .
12 . . X . X . . . . X . . . . . . X . X
11 X X X X . . . . . X . . . . . . . X .
10 X . X . . . . . . X . . . . . X X X .
 9 X X . . . . . . . . . . . . . X . X X
 8 . . . . . . . . . . . . . . X . X . .
 7 . . . . . . . . . X . . . . . X X X X
 6 . . . X . . . X X X . . . . . X . . .
 5 . . . X . . . X . X . . . . . X . . X
 4 . . . X . . . . X X X . . . . X X . .
 3 . X X X X X . X X . X X . . . X X X X
 2 . X . . X . X . X X X . X . . X . X .
 1 X X . . . X X X . . . X . . . . X . .

koPOSITIONALscoreAREAtaxNONEsui1komi7.5
Time taken: 0.00195546
Root visits: 43
New playouts: 43
NN rows: 0
NN batches: 0
NN avg batch size: -nan
PlayoutDoublingAdvantage: -2.75
PV: pass S5
Tree:
: T 102.77c W 100.00c S   1.62c (+325.0 L +325.6) N      43  --  pass S5
---Black(^)---
pss : T 118.85c W 100.00c S  17.69c (+345.3 L +343.8) LCB  107.87c P 23.59% WF  74.3 PSV      69 N      14  --  pass S5
G4  : T  88.14c W 100.00c S -11.86c (+306.9 L +309.7) LCB -262.00c P  3.61% WF   3.2 PSV       0 N       1  --  G4
G3  : T  88.19c W 100.00c S -11.81c (+307.0 L +309.8) LCB -261.81c P  3.47% WF   3.1 PSV       0 N       1  --  G3
F13 : T  88.26c W 100.00c S -11.74c (+307.5 L +310.3) LCB -261.88c P  3.07% WF   3.4 PSV       0 N       1  --  F13
P18 : T  88.14c W 100.00c S -11.86c (+306.8 L +309.6) LCB -261.86c P  2.72% WF   3.2 PSV       0 N       1  --  P18
Q19 : T  87.98c W 100.00c S -12.02c (+306.2 L +308.9) LCB -262.02c P  2.69% WF   3.2 PSV       0 N       1  --  Q19
S5  : T  88.32c W 100.00c S -11.68c (+307.4 L +310.5) LCB -261.82c P  2.46% WF   3.1 PSV       0 N       1  --  S5
N3  : T  87.98c W 100.00c S -12.02c (+306.3 L +309.0) LCB -262.02c P  2.31% WF   3.2 PSV       0 N       1  --  N3
F15 : T  88.33c W 100.00c S -11.67c (+307.8 L +310.4) LCB -261.81c P  2.12% WF   3.3 PSV       0 N       1  --  F15
Q12 : T  88.13c W 100.00c S -11.87c (+306.9 L +309.5) LCB -261.87c P  1.96% WF   3.2 PSV       0 N       1  --  Q12

2025-11-16 20:57:07-0500: play pass
2025-11-16 20:57:07-0500: Controller: kata-set-param maxVisits 100
2025-11-16 20:57:07-0500: = 
2025-11-16 20:57:07-0500: Controller: kata-genmove_analyze b
2025-11-16 20:57:07-0500: =
2025-11-16 20:57:07-0500: MoveNum: 0 HASH: A9048A049F5056910B148E5F089B2B04
   A B C D E F G H J K L M N O P Q R S T
19 . . . . . . . . . X . . . . X . . X .
18 X X X X . . . . X . X . . . . X X . X
17 . . . X . . . . . X X . . . . X . X .
16 . . . X X . . . . X X . . . . X X X .
15 . X X X . . . . . . . . . . . X X . X
14 X X X . X . . . . . . . . . . X X X .
13 X X . X . . . . . . . . . . . X . X .
12 . . X . X . . . . X . . . . . . X . X
11 X X X X . . . . . X . . . . . . . X .
10 X . X . . . . . . X . . . . . X X X .
 9 X X . . . . . . . . . . . . . X . X X
 8 . . . . . . . . . . . . . . X . X . .
 7 . . . . . . . . . X . . . . . X X X X
 6 . . . X . . . X X X . . . . . X . . .
 5 . . . X . . . X . X . . . . . X . . X
 4 . . . X . . . . X X X . . . . X X . .
 3 . X X X X X . X X . X X . . . X X X X
 2 . X . . X . X . X X X . X . . X . X .
 1 X X . . . X X X . . . X . . . . X . .

koPOSITIONALscoreAREAtaxNONEsui1komi7.5
Time taken: 0.00175782
Root visits: 43
New playouts: 43
NN rows: 0
NN batches: 0
NN avg batch size: -nan
PlayoutDoublingAdvantage: -2.75
PV: pass S5
Tree:
: T 102.77c W 100.00c S   1.62c (+325.0 L +325.6) N      43  --  pass S5
---Black(^)---
pss : T 118.85c W 100.00c S  17.69c (+345.3 L +343.8) LCB  107.87c P 23.59% WF  74.3 PSV      69 N      14  --  pass S5
G4  : T  88.14c W 100.00c S -11.86c (+306.9 L +309.7) LCB -262.00c P  3.61% WF   3.2 PSV       0 N       1  --  G4
G3  : T  88.19c W 100.00c S -11.81c (+307.0 L +309.8) LCB -261.81c P  3.47% WF   3.1 PSV       0 N       1  --  G3
F13 : T  88.26c W 100.00c S -11.74c (+307.5 L +310.3) LCB -261.88c P  3.07% WF   3.4 PSV       0 N       1  --  F13
P18 : T  88.14c W 100.00c S -11.86c (+306.8 L +309.6) LCB -261.86c P  2.72% WF   3.2 PSV       0 N       1  --  P18
Q19 : T  87.98c W 100.00c S -12.02c (+306.2 L +308.9) LCB -262.02c P  2.69% WF   3.2 PSV       0 N       1  --  Q19
S5  : T  88.32c W 100.00c S -11.68c (+307.4 L +310.5) LCB -261.82c P  2.46% WF   3.1 PSV       0 N       1  --  S5
N3  : T  87.98c W 100.00c S -12.02c (+306.3 L +309.0) LCB -262.02c P  2.31% WF   3.2 PSV       0 N       1  --  N3
F15 : T  88.33c W 100.00c S -11.67c (+307.8 L +310.4) LCB -261.81c P  2.12% WF   3.3 PSV       0 N       1  --  F15
Q12 : T  88.13c W 100.00c S -11.87c (+306.9 L +309.5) LCB -261.87c P  1.96% WF   3.2 PSV       0 N       1  --  Q12

2025-11-16 20:57:07-0500: play pass
2025-11-16 20:57:07-0500: Controller: kata-set-param maxVisits 300
2025-11-16 20:57:07-0500: = 
2025-11-16 20:57:07-0500: Controller: kata-genmove_analyze b
2025-11-16 20:57:07-0500: =
2025-11-16 20:57:08-0500: MoveNum: 0 HASH: A9048A049F5056910B148E5F089B2B04
   A B C D E F G H J K L M N O P Q R S T
19 . . . . . . . . . X . . . . X . . X .
18 X X X X . . . . X . X . . . . X X . X
17 . . . X . . . . . X X . . . . X . X .
16 . . . X X . . . . X X . . . . X X X .
15 . X X X . . . . . . . . . . . X X . X
14 X X X . X . . . . . . . . . . X X X .
13 X X . X . . . . . . . . . . . X . X .
12 . . X . X . . . . X . . . . . . X . X
11 X X X X . . . . . X . . . . . . . X .
10 X . X . . . . . . X . . . . . X X X .
 9 X X . . . . . . . . . . . . . X . X X
 8 . . . . . . . . . . . . . . X . X . .
 7 . . . . . . . . . X . . . . . X X X X
 6 . . . X . . . X X X . . . . . X . . .
 5 . . . X . . . X . X . . . . . X . . X
 4 . . . X . . . . X X X . . . . X X . .
 3 . X X X X X . X X . X X . . . X X X X
 2 . X . . X . X . X X X . X . . X . X .
 1 X X . . . X X X . . . X . . . . X . .

koPOSITIONALscoreAREAtaxNONEsui1komi7.5
Time taken: 0.878254
Root visits: 127
New playouts: 127
NN rows: 1
NN batches: 1
NN avg batch size: 1
PlayoutDoublingAdvantage: -2.75
PV: pass S5 S6 G18
Tree:
: T 107.42c W 100.00c S   5.43c (+330.6 L +330.4) N     127  --  pass S5 S6 G18
---Black(^)---
pss : T 118.79c W 100.00c S  16.75c (+344.7 L +342.8) LCB  113.78c P 23.59% WF 315.9 PSV     298 N      63  --  pass S5 S6 G18
G4  : T  88.14c W 100.00c S -11.86c (+306.9 L +309.7) LCB -262.00c P  3.61% WF   3.1 PSV       1 N       1  --  G4
G3  : T  88.19c W 100.00c S -11.81c (+307.0 L +309.8) LCB -261.81c P  3.47% WF   3.0 PSV       1 N       1  --  G3
F13 : T  88.26c W 100.00c S -11.74c (+307.5 L +310.3) LCB -261.88c P  3.07% WF   3.3 PSV       1 N       1  --  F13
P18 : T  88.14c W 100.00c S -11.86c (+306.8 L +309.6) LCB -261.86c P  2.72% WF   3.1 PSV       1 N       1  --  P18
Q19 : T  87.98c W 100.00c S -12.02c (+306.2 L +308.9) LCB -262.02c P  2.69% WF   3.1 PSV       1 N       1  --  Q19
S5  : T  88.32c W 100.00c S -11.68c (+307.4 L +310.5) LCB -261.82c P  2.46% WF   3.0 PSV       1 N       1  --  S5
N3  : T  87.98c W 100.00c S -12.02c (+306.3 L +309.0) LCB -262.02c P  2.31% WF   3.1 PSV       1 N       1  --  N3
F15 : T  88.33c W 100.00c S -11.67c (+307.8 L +310.4) LCB -261.81c P  2.12% WF   3.2 PSV       1 N       1  --  F15
Q12 : T  88.13c W 100.00c S -11.87c (+306.9 L +309.5) LCB -261.87c P  1.96% WF   3.1 PSV       0 N       1  --  Q12

2025-11-16 20:57:08-0500: play pass
2025-11-16 20:57:08-0500: Controller: kata-set-param maxVisits 100
2025-11-16 20:57:08-0500: = 
2025-11-16 20:57:08-0500: Controller: kata-genmove_analyze b
2025-11-16 20:57:08-0500: =
2025-11-16 20:57:08-0500: MoveNum: 0 HASH: A9048A049F5056910B148E5F089B2B04
   A B C D E F G H J K L M N O P Q R S T
19 . . . . . . . . . X . . . . X . . X .
18 X X X X . . . . X . X . . . . X X . X
17 . . . X . . . . . X X . . . . X . X .
16 . . . X X . . . . X X . . . . X X X .
15 . X X X . . . . . . . . . . . X X . X
14 X X X . X . . . . . . . . . . X X X .
13 X X . X . . . . . . . . . . . X . X .
12 . . X . X . . . . X . . . . . . X . X
11 X X X X . . . . . X . . . . . . . X .
10 X . X . . . . . . X . . . . . X X X .
 9 X X . . . . . . . . . . . . . X . X X
 8 . . . . . . . . . . . . . . X . X . .
 7 . . . . . . . . . X . . . . . X X X X
 6 . . . X . . . X X X . . . . . X . . .
 5 . . . X . . . X . X . . . . . X . . X
 4 . . . X . . . . X X X . . . . X X . .
 3 . X X X X X . X X . X X . . . X X X X
 2 . X . . X . X . X X X . X . . X . X .
 1 X X . . . X X X . . . X . . . . X . .

koPOSITIONALscoreAREAtaxNONEsui1komi7.5
Time taken: 0.00117866
Root visits: 43
New playouts: 43
NN rows: 0
NN batches: 0
NN avg batch size: -nan
PlayoutDoublingAdvantage: -2.75
PV: pass S5
Tree:
: T 101.96c W 100.00c S   0.94c (+324.0 L +324.7) N      43  --  pass S5
---Black(^)---
pss : T 118.59c W 100.00c S  17.31c (+344.9 L +343.5) LCB  106.28c P 23.59% WF  69.6 PSV      64 N      12  --  pass S5
G4  : T  88.14c W 100.00c S -11.86c (+306.9 L +309.7) LCB -262.00c P  3.61% WF   3.2 PSV       0 N       1  --  G4
G3  : T  88.19c W 100.00c S -11.81c (+307.0 L +309.8) LCB -261.81c P  3.47% WF   3.1 PSV       0 N       1  --  G3
F13 : T  88.26c W 100.00c S -11.74c (+307.5 L +310.3) LCB -261.88c P  3.07% WF   3.4 PSV       0 N       1  --  F13
P18 : T  88.14c W 100.00c S -11.86c (+306.8 L +309.6) LCB -261.86c P  2.72% WF   3.2 PSV       0 N       1  --  P18
Q19 : T  87.98c W 100.00c S -12.02c (+306.2 L +308.9) LCB -262.02c P  2.69% WF   3.2 PSV       0 N       1  --  Q19
S5  : T  88.32c W 100.00c S -11.68c (+307.4 L +310.5) LCB -261.82c P  2.46% WF   3.1 PSV       0 N       1  --  S5
N3  : T  87.98c W 100.00c S -12.02c (+306.3 L +309.0) LCB -262.02c P  2.31% WF   3.2 PSV       0 N       1  --  N3
F15 : T  88.33c W 100.00c S -11.67c (+307.8 L +310.4) LCB -261.81c P  2.12% WF   3.3 PSV       0 N       1  --  F15
Q12 : T  88.13c W 100.00c S -11.87c (+306.9 L +309.5) LCB -261.87c P  1.96% WF   3.2 PSV       0 N       1  --  Q12

2025-11-16 20:57:08-0500: play pass
2025-11-16 20:57:08-0500: Controller: genmove w
2025-11-16 20:57:12-0500: MoveNum: 1 HASH: A9048A049F5056910B148E5F089B2B04
   A B C D E F G H J K L M N O P Q R S T
19 . . . . . . . . . X . . . . X . . X .
18 X X X X . . . . X . X . . @ . X X . X
17 . . . X . . . . . X X . . . . X . X .
16 . . . X X . . . . X X . . . . X X X .
15 . X X X . . . . . . . . . . . X X . X
14 X X X . X . . . . . . . . . . X X X .
13 X X . X . . . . . . . . . . . X . X .
12 . . X . X . . . . X . . . . . . X . X
11 X X X X . . . . . X . . . . . . . X .
10 X . X . . . . . . X . . . . . X X X .
 9 X X . . . . . . . . . . . . . X . X X
 8 . . . . . . . . . . . . . . X . X . .
 7 . . . . . . . . . X . . . . . X X X X
 6 . . . X . . . X X X . . . . . X . . .
 5 . . . X . . . X . X . . . . . X . . X
 4 . . . X . . . . X X X . . . . X X . .
 3 . X X X X X . X X . X X . . . X X X X
 2 . X . . X . X . X X X . X . . X . X .
 1 X X . . . X X X . . . X . . . . X . .

koPOSITIONALscoreAREAtaxNONEsui1komi7.5
Time taken: 4.23442
Root visits: 55
New playouts: 55
NN rows: 22
NN batches: 22
NN avg batch size: 1
PlayoutDoublingAdvantage: 2.75
PV: O18 O19 pass
Tree:
: T -133.53c W -100.00c S -33.65c (-344.9 L -342.7) N      55  --  O18 O19 pass
---White(^)---
O18 : T -132.90c W -100.00c S -32.68c (-341.9 L -339.8) LCB -145.50c P  4.16% WF  49.3 PSV      61 N      11  --  O18 O19 pass
S5  : T -132.49c W -100.00c S -32.46c (-341.4 L -338.8) LCB -150.97c P  4.50% WF  40.9 PSV      41 N       9  --  S5 T4 G18
G18 : T -131.97c W -100.00c S -32.03c (-340.0 L -338.5) LCB -157.75c P  6.17% WF  31.9 PSV      32 N       8  --  G18 F18 pass
pss : T -135.67c W -100.00c S -35.67c (-367.1 L -361.1) LCB -485.67c P  5.89% WF   7.6 PSV       8 N       1  --  pass
G4  : T -134.11c W -100.00c S -34.11c (-345.4 L -343.8) LCB -484.16c P  3.69% WF   7.5 PSV       8 N       1  --  G4
O3  : T -134.24c W -100.00c S -34.24c (-346.8 L -345.0) LCB -484.29c P  3.28% WF   7.5 PSV       8 N       1  --  O3
N4  : T -134.13c W -100.00c S -34.13c (-345.8 L -344.2) LCB -484.18c P  3.03% WF   7.4 PSV       8 N       1  --  N4
F17 : T -134.43c W -100.00c S -34.43c (-348.9 L -347.1) LCB -484.47c P  2.80% WF   7.4 PSV       8 N       1  --  F17
N18 : T -134.38c W -100.00c S -34.38c (-348.4 L -346.3) LCB -484.42c P  2.38% WF   7.4 PSV       8 N       1  --  N18
B5  : T -134.15c W -100.00c S -34.15c (-346.0 L -344.4) LCB -484.20c P  2.38% WF   7.4 PSV       8 N       1  --  B5

2025-11-16 20:57:12-0500: = O18
2025-11-16 20:57:12-0500: Controller: kata-set-param maxVisits 100
2025-11-16 20:57:12-0500: = 
2025-11-16 20:57:12-0500: Controller: kata-genmove_analyze b
2025-11-16 20:57:12-0500: =
2025-11-16 20:57:19-0500: MoveNum: 2 HASH: 932926850E6BB44EF1974D39A79B242E
   A B C D E F G H J K L M N O P Q R S T
19 . . . . . . . . . X . . . . X . . X .
18 X X X X . . . . X . X . . O2. X X . X
17 . . . X . . . . . X X . . @ . X . X .
16 . . . X X . . . . X X . . . . X X X .
15 . X X X . . . . . . . . . . . X X . X
14 X X X . X . . . . . . . . . . X X X .
13 X X . X . . . . . . . . . . . X . X .
12 . . X . X . . . . X . . . . . . X . X
11 X X X X . . . . . X . . . . . . . X .
10 X . X . . . . . . X . . . . . X X X .
 9 X X . . . . . . . . . . . . . X . X X
 8 . . . . . . . . . . . . . . X . X . .
 7 . . . . . . . . . X . . . . . X X X X
 6 . . . X . . . X X X . . . . . X . . .
 5 . . . X . . . X . X . . . . . X . . X
 4 . . . X . . . . X X X . . . . X X . .
 3 . X X X X X . X X . X X . . . X X X X
 2 . X . . X . X . X X X . X . . X . X .
 1 X X . . . X X X . . . X . . . . X . .

koPOSITIONALscoreAREAtaxNONEsui1komi7.5
Time taken: 7.11924
Root visits: 45
New playouts: 45
NN rows: 36
NN batches: 35
NN avg batch size: 1.02857
PlayoutDoublingAdvantage: -2.75
PV: O17 P18
Tree:
: T 120.33c W 100.00c S  17.99c (+344.3 L +342.8) N      45  --  O17 P18
---Black(^)---
O17 : T 124.33c W 100.00c S  23.11c (+349.0 L +346.7) LCB  118.62c P 18.99% WF  83.1 PSV      96 N      15  --  O17 P18
N18 : T 123.97c W 100.00c S  22.56c (+348.4 L +346.4) LCB  117.10c P 20.49% WF  70.3 PSV      70 N      13  --  N18 N17
P18 : T 124.05c W 100.00c S  21.46c (+348.1 L +346.1) LCB   99.96c P 14.96% WF  31.9 PSV      32 N       6  --  P18 G4
O19 : T  90.21c W 100.00c S  -9.79c (+309.3 L +312.7) LCB -259.79c P  9.44% WF   2.5 PSV       2 N       1  --  O19
G4  : T  90.18c W 100.00c S  -9.82c (+309.4 L +313.0) LCB -260.00c P  1.93% WF   2.4 PSV       0 N       1  --  G4
F13 : T  90.23c W 100.00c S  -9.77c (+309.7 L +313.5) LCB -259.96c P  1.87% WF   2.5 PSV       0 N       1  --  F13
S5  : T  90.85c W 100.00c S  -9.15c (+311.0 L +314.3) LCB -259.37c P  1.43% WF   2.3 PSV       0 N       1  --  S5
F15 : T  90.73c W 100.00c S  -9.27c (+310.8 L +314.5) LCB -259.48c P  1.23% WF   2.4 PSV       0 N       1  --  F15
N3  : T  90.20c W 100.00c S  -9.80c (+309.4 L +312.9) LCB -259.80c P  1.21% WF   2.4 PSV       0 N       1  --  N3
Q12 : T  90.44c W 100.00c S  -9.56c (+309.9 L +313.4) LCB -259.56c P  1.05% WF   2.4 PSV       0 N       1  --  Q12

2025-11-16 20:57:19-0500: play O17
2025-11-16 20:57:19-0500: Controller: genmove w
2025-11-16 20:57:28-0500: MoveNum: 3 HASH: 60BB0DF9ACFA81C5446D35D4DDD398C4
   A B C D E F G H J K L M N O P Q R S T
19 . . . . . . . . . X . . . . X . . X .
18 X X X X . . . . X . X . . O2. X X . X
17 . . . X . . . . . X X . . X3. X . X .
16 . . . X X . . . . X X . . . . X X X .
15 . X X X . . . . . . . . . . . X X . X
14 X X X . X . . . . . . . . . . X X X .
13 X X . X . . . . . . . . . . . X . X .
12 . . X . X . . . . X . . . . . . X . X
11 X X X X . . . . . X . . . . . . . X .
10 X . X . . . . . . X . . . . . X X X .
 9 X X . . . . . . . . . . . . . X . X X
 8 . . . . . . . . . . . . . . X . X . .
 7 . . . . . . . . . X . . . . . X X X X
 6 . . . X . . . X X X . . . . . X . . .
 5 . . . X . . . X . X . . . . . X . . X
 4 . . . X . . @ . X X X . . . . X X . .
 3 . X X X X X . X X . X X . . . X X X X
 2 . X . . X . X . X X X . X . . X . X .
 1 X X . . . X X X . . . X . . . . X . .

koPOSITIONALscoreAREAtaxNONEsui1komi7.5
Time taken: 8.58181
Root visits: 111
New playouts: 111
NN rows: 97
NN batches: 95
NN avg batch size: 1.02105
PlayoutDoublingAdvantage: 2.75
PV: pass P18 G18
Tree:
: T -133.34c W -100.00c S -33.44c (-344.7 L -342.8) N     111  --  pass P18 G18
---White(^)---
pss : T -133.60c W -100.00c S -33.63c (-346.5 L -343.9) LCB -138.82c P 13.81% WF  96.5 PSV      97 N      19  --  pass P18 G18
G4  : T -132.96c W -100.00c S -32.60c (-341.3 L -339.5) LCB -141.75c P  4.27% WF  60.9 PSV      50 N      13  --  G4 N18 pass
G18 : T -133.32c W -100.00c S -33.10c (-344.5 L -342.3) LCB -141.03c P  4.67% WF  67.6 PSV      38 N      14  --  G18 N18 F17
S5  : T -131.00c W -100.00c S -30.90c (-336.2 L -335.4) LCB -147.65c P  3.54% WF  38.2 PSV      38 N      10  --  S5 P18 pass
B5  : T -131.48c W -100.00c S -31.37c (-337.3 L -336.5) LCB -150.03c P  3.65% WF  36.4 PSV      37 N       9  --  B5 P18 pass
N18 : T -131.25c W -100.00c S -31.63c (-337.0 L -335.9) LCB -154.97c P  3.80% WF  33.4 PSV      34 N       8  --  N18 N17 G4
N17 : T -133.57c W -100.00c S -33.27c (-344.2 L -341.4) LCB -144.51c P  3.38% WF  54.4 PSV      23 N      11  --  N17 P18 pass
P18 : T -134.31c W -100.00c S -34.31c (-347.3 L -344.2) LCB -484.35c P  2.75% WF   7.5 PSV       8 N       1  --  P18
B7  : T -134.56c W -100.00c S -34.56c (-350.3 L -348.1) LCB -484.60c P  2.46% WF   7.5 PSV       8 N       1  --  B7
B6  : T -134.58c W -100.00c S -34.58c (-350.6 L -348.4) LCB -484.62c P  2.40% WF   7.5 PSV       8 N       1  --  B6

2025-11-16 20:57:28-0500: = G4
2025-11-16 20:57:28-0500: Controller: kata-set-param maxVisits 100
2025-11-16 20:57:28-0500: = 
2025-11-16 20:57:28-0500: Controller: kata-genmove_analyze b
2025-11-16 20:57:28-0500: =
2025-11-16 20:57:35-0500: MoveNum: 4 HASH: 55615A1EEDC9C55A638DF062445F014E
   A B C D E F G H J K L M N O P Q R S T
19 . . . . . . . . . X . . . . X . . X .
18 X X X X . . . . X . X . . O1@ X X . X
17 . . . X . . . . . X X . . X2. X . X .
16 . . . X X . . . . X X . . . . X X X .
15 . X X X . . . . . . . . . . . X X . X
14 X X X . X . . . . . . . . . . X X X .
13 X X . X . . . . . . . . . . . X . X .
12 . . X . X . . . . X . . . . . . X . X
11 X X X X . . . . . X . . . . . . . X .
10 X . X . . . . . . X . . . . . X X X .
 9 X X . . . . . . . . . . . . . X . X X
 8 . . . . . . . . . . . . . . X . X . .
 7 . . . . . . . . . X . . . . . X X X X
 6 . . . X . . . X X X . . . . . X . . .
 5 . . . X . . . X . X . . . . . X . . X
 4 . . . X . . O3. X X X . . . . X X . .
 3 . X X X X X . X X . X X . . . X X X X
 2 . X . . X . X . X X X . X . . X . X .
 1 X X . . . X X X . . . X . . . . X . .

koPOSITIONALscoreAREAtaxNONEsui1komi7.5
Time taken: 6.80754
Root visits: 45
New playouts: 45
NN rows: 36
NN batches: 36
NN avg batch size: 1
PlayoutDoublingAdvantage: -2.75
PV: P18 N4
Tree:
: T 118.33c W 100.00c S  15.94c (+343.2 L +341.8) N      45  --  P18 N4
---Black(^)---
P18 : T 123.25c W 100.00c S  22.16c (+348.9 L +346.8) LCB  118.77c P 16.09% WF  98.8 PSV     111 N      18  --  P18 N4
N18 : T 123.15c W 100.00c S  21.80c (+348.6 L +346.4) LCB  117.02c P 17.15% WF  75.9 PSV      75 N      14  --  N18 P1
G5  : T  89.69c W 100.00c S -10.31c (+310.1 L +313.3) LCB -260.31c P 10.89% WF   2.7 PSV       2 N       1  --  G5
P17 : T  90.00c W 100.00c S -10.00c (+310.8 L +314.0) LCB -260.00c P 10.52% WF   2.6 PSV       2 N       1  --  P17
F4  : T  89.76c W 100.00c S -10.24c (+310.2 L +313.2) LCB -260.24c P  8.54% WF   2.7 PSV       1 N       1  --  F4
O19 : T  89.80c W 100.00c S -10.20c (+310.3 L +313.6) LCB -260.20c P  7.66% WF   2.7 PSV       1 N       1  --  O19
G3  : T  89.62c W 100.00c S -10.38c (+309.8 L +312.9) LCB -260.38c P  4.73% WF   2.7 PSV       1 N       1  --  G3
H4  : T  89.82c W 100.00c S -10.18c (+310.3 L +313.2) LCB -260.18c P  2.01% WF   2.7 PSV       0 N       1  --  H4
F13 : T  90.43c W 100.00c S  -9.57c (+311.9 L +315.1) LCB -259.77c P  0.79% WF   2.6 PSV       0 N       1  --  F13
S5  : T  90.65c W 100.00c S  -9.35c (+312.4 L +315.3) LCB -259.56c P  0.66% WF   2.5 PSV       0 N       1  --  S5

2025-11-16 20:57:35-0500: play P18
2025-11-16 20:57:35-0500: Controller: kata-set-param maxVisits 300
2025-11-16 20:57:35-0500: = 
2025-11-16 20:57:35-0500: Controller: kata-genmove_analyze b
2025-11-16 20:57:35-0500: =
2025-11-16 20:57:44-0500: MoveNum: 0 HASH: F28D6C0A495C62722D8DB13CF9D236D3
   A B C D E F G H J K L M N O P Q R S T
19 . . . . . . . . . X . . . . X . . X .
18 X X X X . . . . X . X . @ O X X X . X
17 . . . X . . . . . X X . . X . X . X .
16 . . . X X . . . . X X . . . . X X X .
15 . X X X . . . . . . . . . . . X X . X
14 X X X . X . . . . . . . . . . X X X .
13 X X . X . . . . . . . . . . . X . X .
12 . . X . X . . . . X . . . . . . X . X
11 X X X X . . . . . X . . . . . . . X .
10 X . X . . . . . . X . . . . . X X X .
 9 X X . . . . . . . . . . . . . X . X X
 8 . . . . . . . . . . . . . . X . X . .
 7 . . . . . . . . . X . . . . . X X X X
 6 . . . X . . . X X X . . . . . X . . .
 5 . . . X . . . X . X . . . . . X . . X
 4 . . . X . . O . X X X . . . . X X . .
 3 . X X X X X . X X . X X . . . X X X X
 2 . X . . X . X . X X X . X . . X . X .
 1 X X . . . X X X . . . X . . . . X . .

koPOSITIONALscoreAREAtaxNONEsui1komi7.5
Time taken: 9.55756
Root visits: 135
New playouts: 135
NN rows: 135
NN batches: 134
NN avg batch size: 1.00746
PlayoutDoublingAdvantage: -2.75
PV: F4 O1
Tree:
: T 119.80c W 100.00c S  18.32c (+342.5 L +341.2) N     135  --  F4 O1
---Black(^)---
F4  : T 125.23c W 100.00c S  24.90c (+349.3 L +347.4) LCB  118.76c P 15.00% WF 107.1 PSV     118 N      19  --  F4 O1
G5  : T 124.83c W 100.00c S  24.45c (+348.6 L +346.7) LCB  117.13c P 17.22% WF  88.6 PSV      87 N      16  --  G5 B17
N18 : T 123.29c W 100.00c S  22.91c (+346.1 L +344.1) LCB  117.32c P 21.87% WF 105.1 PSV      79 N      20  --  N18 O1
O19 : T 124.03c W 100.00c S  23.55c (+347.4 L +345.5) LCB  115.61c P 11.45% WF  79.9 PSV      50 N      15  --  O19 B5
P17 : T 123.31c W 100.00c S  22.75c (+346.2 L +344.4) LCB  114.37c P  5.53% WF  71.6 PSV      20 N      14  --  P17 B17
G3  : T 123.75c W 100.00c S  23.23c (+347.0 L +345.4) LCB  113.90c P  5.09% WF  67.0 PSV      20 N      13  --  G3 pass
H4  : T  91.04c W 100.00c S  -8.96c (+309.2 L +312.1) LCB -258.96c P  0.99% WF   2.3 PSV       0 N       1  --  H4
S5  : T  91.42c W 100.00c S  -8.58c (+309.8 L +312.8) LCB -258.82c P  0.92% WF   2.1 PSV       0 N       1  --  S5
F13 : T  91.27c W 100.00c S  -8.73c (+309.7 L +312.8) LCB -258.96c P  0.91% WF   2.3 PSV       0 N       1  --  F13
Q12 : T  90.86c W 100.00c S  -9.14c (+308.7 L +311.7) LCB -259.14c P  0.86% WF   2.2 PSV       0 N       1  --  Q12

2025-11-16 20:57:44-0500: play N18
2025-11-16 20:57:44-0500: Controller: kata-set-param maxVisits 300
2025-11-16 20:57:44-0500: = 
2025-11-16 20:57:44-0500: Controller: kata-genmove_analyze b
2025-11-16 20:57:44-0500: =
