{
  "config": {
    "deep_mcts_max_depth": 1000,
    "policy_delta": 0.1,
    "value_delta": 0.05
  },
  "config_id": "d1000_p0.1_v0.05",
  "score": -0.6611137608627679,
  "metrics": {
    "avg_value_error": 0.08347062789227469,
    "avg_policy_error": 0.17828630263563763,
    "avg_deep_time_ms": 220.3120413168578,
    "deep_search_total": 640,
    "deep_converged_total": 26,
    "avg_move_time_ms": 2213.1684876975146,
    "rag_hits_total": 90,
    "rag_misses_total": 550,
    "avg_recursion_depth": 2
  },
  "extras": {
    "non_converged_rate": 0.959375,
    "time_ratio": 0.08812481652674312
  }
}