{
  "config": {
    "deep_mcts_max_depth": 10000,
    "policy_delta": 0.1,
    "value_delta": 0.01
  },
  "config_id": "d10000_p0.1_v0.01",
  "score": -0.5708350863100746,
  "metrics": {
    "avg_value_error": 0.02639573018639679,
    "avg_policy_error": 0.05637907919386957,
    "avg_deep_time_ms": 2203.120413168578,
    "deep_search_total": 640,
    "deep_converged_total": 92,
    "avg_move_time_ms": 2213.1684876975146,
    "rag_hits_total": 90,
    "rag_misses_total": 550,
    "avg_recursion_depth": 2
  },
  "extras": {
    "non_converged_rate": 0.85625,
    "time_ratio": 0.8812481652674312
  }
}