{
  "config": {
    "deep_mcts_max_depth": 2000,
    "policy_delta": 0.05,
    "value_delta": 0.01
  },
  "config_id": "d2000_p0.05_v0.01",
  "score": -0.6349938371110433,
  "metrics": {
    "avg_value_error": 0.059022647012526415,
    "avg_policy_error": 0.12606745358633642,
    "avg_deep_time_ms": 440.6240826337156,
    "deep_search_total": 640,
    "deep_converged_total": 6,
    "avg_move_time_ms": 2213.1684876975146,
    "rag_hits_total": 90,
    "rag_misses_total": 550,
    "avg_recursion_depth": 2
  },
  "extras": {
    "non_converged_rate": 0.990625,
    "time_ratio": 0.17624963305348623
  }
}