{
  "config": {
    "deep_mcts_max_depth": 5000,
    "policy_delta": 0.05,
    "value_delta": 0.01
  },
  "config_id": "d5000_p0.05_v0.01",
  "score": -0.6048513870967533,
  "metrics": {
    "avg_value_error": 0.03732919961834324,
    "avg_policy_error": 0.07973205843007714,
    "avg_deep_time_ms": 1101.560206584289,
    "deep_search_total": 640,
    "deep_converged_total": 21,
    "avg_move_time_ms": 2213.1684876975146,
    "rag_hits_total": 90,
    "rag_misses_total": 550,
    "avg_recursion_depth": 2
  },
  "extras": {
    "non_converged_rate": 0.9671875,
    "time_ratio": 0.4406240826337156
  }
}